country,state,latitude,longitude,fajr,dhuhr,asr,maghrib,isha,date
India,Andhra Pradesh,16.5417,80.6305,05:19,12:11,15:23,17:46,18:59,2025-01-01
India,Andhra Pradesh,16.5417,80.6305,05:20,12:12,15:23,17:47,18:59,2025-01-02
India,Andhra Pradesh,16.5417,80.6305,05:20,12:12,15:24,17:47,19:00,2025-01-03
India,Andhra Pradesh,16.5417,80.6305,05:21,12:13,15:25,17:48,19:00,2025-01-04
India,Andhra Pradesh,16.5417,80.6305,05:21,12:13,15:25,17:49,19:01,2025-01-05
India,Andhra Pradesh,16.5417,80.6305,05:21,12:14,15:26,17:49,19:01,2025-01-06
India,Andhra Pradesh,16.5417,80.6305,05:22,12:14,15:26,17:50,19:02,2025-01-07
India,Andhra Pradesh,16.5417,80.6305,05:22,12:14,15:27,17:50,19:03,2025-01-08
India,Andhra Pradesh,16.5417,80.6305,05:22,12:15,15:27,17:51,19:03,2025-01-09
India,Andhra Pradesh,16.5417,80.6305,05:22,12:15,15:28,17:52,19:04,2025-01-10
India,Andhra Pradesh,16.5417,80.6305,05:23,12:16,15:29,17:52,19:04,2025-01-11
India,Andhra Pradesh,16.5417,80.6305,05:23,12:16,15:29,17:53,19:05,2025-01-12
India,Andhra Pradesh,16.5417,80.6305,05:23,12:16,15:30,17:53,19:05,2025-01-13
India,Andhra Pradesh,16.5417,80.6305,05:23,12:17,15:30,17:54,19:06,2025-01-14
India,Andhra Pradesh,16.5417,80.6305,05:24,12:17,15:31,17:55,19:06,2025-01-15
India,Andhra Pradesh,16.5417,80.6305,05:24,12:17,15:31,17:55,19:07,2025-01-16
India,Andhra Pradesh,16.5417,80.6305,05:24,12:18,15:32,17:56,19:07,2025-01-17
India,Andhra Pradesh,16.5417,80.6305,05:24,12:18,15:32,17:56,19:08,2025-01-18
India,Andhra Pradesh,16.5417,80.6305,05:24,12:18,15:33,17:57,19:08,2025-01-19
India,Andhra Pradesh,16.5417,80.6305,05:24,12:19,15:33,17:58,19:09,2025-01-20
India,Andhra Pradesh,16.5417,80.6305,05:24,12:19,15:34,17:58,19:09,2025-01-21
India,Andhra Pradesh,16.5417,80.6305,05:24,12:19,15:34,17:59,19:10,2025-01-22
India,Andhra Pradesh,16.5417,80.6305,05:24,12:19,15:35,17:59,19:10,2025-01-23
India,Andhra Pradesh,16.5417,80.6305,05:24,12:20,15:35,18:00,19:11,2025-01-24
India,Andhra Pradesh,16.5417,80.6305,05:24,12:20,15:35,18:00,19:11,2025-01-25
India,Andhra Pradesh,16.5417,80.6305,05:24,12:20,15:36,18:01,19:11,2025-01-26
India,Andhra Pradesh,16.5417,80.6305,05:24,12:20,15:36,18:01,19:12,2025-01-27
India,Andhra Pradesh,16.5417,80.6305,05:24,12:20,15:37,18:02,19:12,2025-01-28
India,Andhra Pradesh,16.5417,80.6305,05:24,12:21,15:37,18:03,19:13,2025-01-29
India,Andhra Pradesh,16.5417,80.6305,05:24,12:21,15:37,18:03,19:13,2025-01-30
India,Andhra Pradesh,16.5417,80.6305,05:24,12:21,15:38,18:04,19:14,2025-01-31
India,Andhra Pradesh,16.5417,80.6305,05:24,12:21,15:38,18:04,19:14,2025-02-01
India,Andhra Pradesh,16.5417,80.6305,05:24,12:21,15:38,18:05,19:14,2025-02-02
India,Andhra Pradesh,16.5417,80.6305,05:24,12:21,15:39,18:05,19:15,2025-02-03
India,Andhra Pradesh,16.5417,80.6305,05:23,12:21,15:39,18:06,19:15,2025-02-04
India,Andhra Pradesh,16.5417,80.6305,05:23,12:21,15:39,18:06,19:15,2025-02-05
India,Andhra Pradesh,16.5417,80.6305,05:23,12:22,15:40,18:06,19:16,2025-02-06
India,Andhra Pradesh,16.5417,80.6305,05:23,12:22,15:40,18:07,19:16,2025-02-07
India,Andhra Pradesh,16.5417,80.6305,05:23,12:22,15:40,18:07,19:17,2025-02-08
India,Andhra Pradesh,16.5417,80.6305,05:22,12:22,15:40,18:08,19:17,2025-02-09
India,Andhra Pradesh,16.5417,80.6305,05:22,12:22,15:41,18:08,19:17,2025-02-10
India,Andhra Pradesh,16.5417,80.6305,05:22,12:22,15:41,18:09,19:18,2025-02-11
India,Andhra Pradesh,16.5417,80.6305,05:21,12:22,15:41,18:09,19:18,2025-02-12
India,Andhra Pradesh,16.5417,80.6305,05:21,12:22,15:41,18:09,19:18,2025-02-13
India,Andhra Pradesh,16.5417,80.6305,05:21,12:22,15:41,18:10,19:18,2025-02-14
India,Andhra Pradesh,16.5417,80.6305,05:20,12:22,15:41,18:10,19:19,2025-02-15
India,Andhra Pradesh,16.5417,80.6305,05:20,12:21,15:41,18:10,19:19,2025-02-16
India,Andhra Pradesh,16.5417,80.6305,05:19,12:21,15:42,18:11,19:19,2025-02-17
India,Andhra Pradesh,16.5417,80.6305,05:19,12:21,15:42,18:11,19:20,2025-02-18
India,Andhra Pradesh,16.5417,80.6305,05:18,12:21,15:42,18:12,19:20,2025-02-19
India,Andhra Pradesh,16.5417,80.6305,05:18,12:21,15:42,18:12,19:20,2025-02-20
India,Andhra Pradesh,16.5417,80.6305,05:17,12:21,15:42,18:12,19:20,2025-02-21
India,Andhra Pradesh,16.5417,80.6305,05:17,12:21,15:42,18:13,19:21,2025-02-22
India,Andhra Pradesh,16.5417,80.6305,05:16,12:21,15:42,18:13,19:21,2025-02-23
India,Andhra Pradesh,16.5417,80.6305,05:16,12:21,15:42,18:13,19:21,2025-02-24
India,Andhra Pradesh,16.5417,80.6305,05:15,12:20,15:42,18:13,19:21,2025-02-25
India,Andhra Pradesh,16.5417,80.6305,05:15,12:20,15:42,18:14,19:22,2025-02-26
India,Andhra Pradesh,16.5417,80.6305,05:14,12:20,15:42,18:14,19:22,2025-02-27
India,Andhra Pradesh,16.5417,80.6305,05:14,12:20,15:41,18:14,19:22,2025-02-28
India,Andhra Pradesh,16.5417,80.6305,05:13,12:20,15:41,18:14,19:22,2025-03-01
India,Andhra Pradesh,16.5417,80.6305,05:12,12:19,15:41,18:15,19:22,2025-03-02
India,Andhra Pradesh,16.5417,80.6305,05:12,12:19,15:41,18:15,19:23,2025-03-03
India,Andhra Pradesh,16.5417,80.6305,05:11,12:19,15:41,18:15,19:23,2025-03-04
India,Andhra Pradesh,16.5417,80.6305,05:10,12:19,15:41,18:15,19:23,2025-03-05
India,Andhra Pradesh,16.5417,80.6305,05:10,12:19,15:41,18:16,19:23,2025-03-06
India,Andhra Pradesh,16.5417,80.6305,05:09,12:18,15:40,18:16,19:23,2025-03-07
India,Andhra Pradesh,16.5417,80.6305,05:08,12:18,15:40,18:16,19:24,2025-03-08
India,Andhra Pradesh,16.5417,80.6305,05:08,12:18,15:40,18:16,19:24,2025-03-09
India,Andhra Pradesh,16.5417,80.6305,05:07,12:18,15:40,18:17,19:24,2025-03-10
India,Andhra Pradesh,16.5417,80.6305,05:06,12:17,15:39,18:17,19:24,2025-03-11
India,Andhra Pradesh,16.5417,80.6305,05:06,12:17,15:39,18:17,19:24,2025-03-12
India,Andhra Pradesh,16.5417,80.6305,05:05,12:17,15:39,18:17,19:25,2025-03-13
India,Andhra Pradesh,16.5417,80.6305,05:04,12:17,15:39,18:17,19:25,2025-03-14
India,Andhra Pradesh,16.5417,80.6305,05:03,12:16,15:38,18:18,19:25,2025-03-15
India,Andhra Pradesh,16.5417,80.6305,05:03,12:16,15:38,18:18,19:25,2025-03-16
India,Andhra Pradesh,16.5417,80.6305,05:02,12:16,15:38,18:18,19:25,2025-03-17
India,Andhra Pradesh,16.5417,80.6305,05:01,12:15,15:37,18:18,19:26,2025-03-18
India,Andhra Pradesh,16.5417,80.6305,05:00,12:15,15:37,18:18,19:26,2025-03-19
India,Andhra Pradesh,16.5417,80.6305,04:59,12:15,15:37,18:18,19:26,2025-03-20
India,Andhra Pradesh,16.5417,80.6305,04:59,12:15,15:36,18:19,19:26,2025-03-21
India,Andhra Pradesh,16.5417,80.6305,04:58,12:14,15:36,18:19,19:26,2025-03-22
India,Andhra Pradesh,16.5417,80.6305,04:57,12:14,15:35,18:19,19:27,2025-03-23
India,Andhra Pradesh,16.5417,80.6305,04:56,12:14,15:35,18:19,19:27,2025-03-24
India,Andhra Pradesh,16.5417,80.6305,04:55,12:13,15:34,18:19,19:27,2025-03-25
India,Andhra Pradesh,16.5417,80.6305,04:55,12:13,15:34,18:19,19:27,2025-03-26
India,Andhra Pradesh,16.5417,80.6305,04:54,12:13,15:34,18:20,19:27,2025-03-27
India,Andhra Pradesh,16.5417,80.6305,04:53,12:12,15:33,18:20,19:28,2025-03-28
India,Andhra Pradesh,16.5417,80.6305,04:52,12:12,15:33,18:20,19:28,2025-03-29
India,Andhra Pradesh,16.5417,80.6305,04:51,12:12,15:32,18:20,19:28,2025-03-30
India,Andhra Pradesh,16.5417,80.6305,04:50,12:12,15:32,18:20,19:28,2025-03-31
India,Andhra Pradesh,16.5417,80.6305,04:50,12:11,15:31,18:20,19:29,2025-04-01
India,Andhra Pradesh,16.5417,80.6305,04:49,12:11,15:31,18:21,19:29,2025-04-02
India,Andhra Pradesh,16.5417,80.6305,04:48,12:11,15:30,18:21,19:29,2025-04-03
India,Andhra Pradesh,16.5417,80.6305,04:47,12:10,15:30,18:21,19:29,2025-04-04
India,Andhra Pradesh,16.5417,80.6305,04:46,12:10,15:29,18:21,19:30,2025-04-05
India,Andhra Pradesh,16.5417,80.6305,04:45,12:10,15:29,18:21,19:30,2025-04-06
India,Andhra Pradesh,16.5417,80.6305,04:45,12:09,15:28,18:21,19:30,2025-04-07
India,Andhra Pradesh,16.5417,80.6305,04:44,12:09,15:28,18:22,19:30,2025-04-08
India,Andhra Pradesh,16.5417,80.6305,04:43,12:09,15:27,18:22,19:31,2025-04-09
India,Andhra Pradesh,16.5417,80.6305,04:42,12:09,15:26,18:22,19:31,2025-04-10
India,Andhra Pradesh,16.5417,80.6305,04:41,12:08,15:26,18:22,19:31,2025-04-11
India,Andhra Pradesh,16.5417,80.6305,04:41,12:08,15:25,18:22,19:31,2025-04-12
India,Andhra Pradesh,16.5417,80.6305,04:40,12:08,15:25,18:23,19:32,2025-04-13
India,Andhra Pradesh,16.5417,80.6305,04:39,12:08,15:24,18:23,19:32,2025-04-14
India,Andhra Pradesh,16.5417,80.6305,04:38,12:07,15:24,18:23,19:32,2025-04-15
India,Andhra Pradesh,16.5417,80.6305,04:37,12:07,15:23,18:23,19:33,2025-04-16
India,Andhra Pradesh,16.5417,80.6305,04:37,12:07,15:23,18:23,19:33,2025-04-17
India,Andhra Pradesh,16.5417,80.6305,04:36,12:07,15:22,18:24,19:33,2025-04-18
India,Andhra Pradesh,16.5417,80.6305,04:35,12:07,15:21,18:24,19:34,2025-04-19
India,Andhra Pradesh,16.5417,80.6305,04:34,12:06,15:21,18:24,19:34,2025-04-20
India,Andhra Pradesh,16.5417,80.6305,04:33,12:06,15:20,18:24,19:34,2025-04-21
India,Andhra Pradesh,16.5417,80.6305,04:33,12:06,15:20,18:25,19:35,2025-04-22
India,Andhra Pradesh,16.5417,80.6305,04:32,12:06,15:19,18:25,19:35,2025-04-23
India,Andhra Pradesh,16.5417,80.6305,04:31,12:06,15:19,18:25,19:35,2025-04-24
India,Andhra Pradesh,16.5417,80.6305,04:30,12:05,15:18,18:25,19:36,2025-04-25
India,Andhra Pradesh,16.5417,80.6305,04:30,12:05,15:17,18:25,19:36,2025-04-26
India,Andhra Pradesh,16.5417,80.6305,04:29,12:05,15:17,18:26,19:37,2025-04-27
India,Andhra Pradesh,16.5417,80.6305,04:28,12:05,15:16,18:26,19:37,2025-04-28
India,Andhra Pradesh,16.5417,80.6305,04:28,12:05,15:16,18:26,19:37,2025-04-29
India,Andhra Pradesh,16.5417,80.6305,04:27,12:05,15:15,18:27,19:38,2025-04-30
India,Andhra Pradesh,16.5417,80.6305,04:26,12:05,15:15,18:27,19:38,2025-05-01
India,Andhra Pradesh,16.5417,80.6305,04:26,12:04,15:14,18:27,19:39,2025-05-02
India,Andhra Pradesh,16.5417,80.6305,04:25,12:04,15:14,18:27,19:39,2025-05-03
India,Andhra Pradesh,16.5417,80.6305,04:24,12:04,15:13,18:28,19:39,2025-05-04
India,Andhra Pradesh,16.5417,80.6305,04:24,12:04,15:12,18:28,19:40,2025-05-05
India,Andhra Pradesh,16.5417,80.6305,04:23,12:04,15:13,18:28,19:40,2025-05-06
India,Andhra Pradesh,16.5417,80.6305,04:23,12:04,15:13,18:29,19:41,2025-05-07
India,Andhra Pradesh,16.5417,80.6305,04:22,12:04,15:14,18:29,19:41,2025-05-08
India,Andhra Pradesh,16.5417,80.6305,04:22,12:04,15:15,18:29,19:42,2025-05-09
India,Andhra Pradesh,16.5417,80.6305,04:21,12:04,15:15,18:29,19:42,2025-05-10
India,Andhra Pradesh,16.5417,80.6305,04:20,12:04,15:16,18:30,19:43,2025-05-11
India,Andhra Pradesh,16.5417,80.6305,04:20,12:04,15:17,18:30,19:43,2025-05-12
India,Andhra Pradesh,16.5417,80.6305,04:19,12:04,15:17,18:30,19:44,2025-05-13
India,Andhra Pradesh,16.5417,80.6305,04:19,12:04,15:18,18:31,19:44,2025-05-14
India,Andhra Pradesh,16.5417,80.6305,04:19,12:04,15:18,18:31,19:45,2025-05-15
India,Andhra Pradesh,16.5417,80.6305,04:18,12:04,15:19,18:31,19:45,2025-05-16
India,Andhra Pradesh,16.5417,80.6305,04:18,12:04,15:19,18:32,19:45,2025-05-17
India,Andhra Pradesh,16.5417,80.6305,04:17,12:04,15:20,18:32,19:46,2025-05-18
India,Andhra Pradesh,16.5417,80.6305,04:17,12:04,15:21,18:32,19:46,2025-05-19
India,Andhra Pradesh,16.5417,80.6305,04:17,12:04,15:21,18:33,19:47,2025-05-20
India,Andhra Pradesh,16.5417,80.6305,04:16,12:04,15:22,18:33,19:47,2025-05-21
India,Andhra Pradesh,16.5417,80.6305,04:16,12:04,15:22,18:33,19:48,2025-05-22
India,Andhra Pradesh,16.5417,80.6305,04:16,12:04,15:23,18:34,19:48,2025-05-23
India,Andhra Pradesh,16.5417,80.6305,04:15,12:04,15:23,18:34,19:49,2025-05-24
India,Andhra Pradesh,16.5417,80.6305,04:15,12:04,15:24,18:35,19:49,2025-05-25
India,Andhra Pradesh,16.5417,80.6305,04:15,12:05,15:24,18:35,19:50,2025-05-26
India,Andhra Pradesh,16.5417,80.6305,04:14,12:05,15:25,18:35,19:50,2025-05-27
India,Andhra Pradesh,16.5417,80.6305,04:14,12:05,15:25,18:36,19:51,2025-05-28
India,Andhra Pradesh,16.5417,80.6305,04:14,12:05,15:26,18:36,19:51,2025-05-29
India,Andhra Pradesh,16.5417,80.6305,04:14,12:05,15:26,18:36,19:52,2025-05-30
India,Andhra Pradesh,16.5417,80.6305,04:14,12:05,15:27,18:37,19:52,2025-05-31
India,Andhra Pradesh,16.5417,80.6305,04:14,12:05,15:27,18:37,19:52,2025-06-01
India,Andhra Pradesh,16.5417,80.6305,04:13,12:06,15:27,18:37,19:53,2025-06-02
India,Andhra Pradesh,16.5417,80.6305,04:13,12:06,15:28,18:38,19:53,2025-06-03
India,Andhra Pradesh,16.5417,80.6305,04:13,12:06,15:28,18:38,19:54,2025-06-04
India,Andhra Pradesh,16.5417,80.6305,04:13,12:06,15:29,18:38,19:54,2025-06-05
India,Andhra Pradesh,16.5417,80.6305,04:13,12:06,15:29,18:39,19:55,2025-06-06
India,Andhra Pradesh,16.5417,80.6305,04:13,12:06,15:30,18:39,19:55,2025-06-07
India,Andhra Pradesh,16.5417,80.6305,04:13,12:07,15:30,18:39,19:55,2025-06-08
India,Andhra Pradesh,16.5417,80.6305,04:13,12:07,15:30,18:40,19:56,2025-06-09
India,Andhra Pradesh,16.5417,80.6305,04:13,12:07,15:31,18:40,19:56,2025-06-10
India,Andhra Pradesh,16.5417,80.6305,04:13,12:07,15:31,18:40,19:56,2025-06-11
India,Andhra Pradesh,16.5417,80.6305,04:13,12:07,15:31,18:41,19:57,2025-06-12
India,Andhra Pradesh,16.5417,80.6305,04:13,12:08,15:32,18:41,19:57,2025-06-13
India,Andhra Pradesh,16.5417,80.6305,04:13,12:08,15:32,18:41,19:57,2025-06-14
India,Andhra Pradesh,16.5417,80.6305,04:14,12:08,15:32,18:41,19:58,2025-06-15
India,Andhra Pradesh,16.5417,80.6305,04:14,12:08,15:33,18:42,19:58,2025-06-16
India,Andhra Pradesh,16.5417,80.6305,04:14,12:09,15:33,18:42,19:58,2025-06-17
India,Andhra Pradesh,16.5417,80.6305,04:14,12:09,15:33,18:42,19:59,2025-06-18
India,Andhra Pradesh,16.5417,80.6305,04:14,12:09,15:33,18:42,19:59,2025-06-19
India,Andhra Pradesh,16.5417,80.6305,04:14,12:09,15:34,18:43,19:59,2025-06-20
India,Andhra Pradesh,16.5417,80.6305,04:15,12:09,15:34,18:43,19:59,2025-06-21
India,Andhra Pradesh,16.5417,80.6305,04:15,12:10,15:34,18:43,19:59,2025-06-22
India,Andhra Pradesh,16.5417,80.6305,04:15,12:10,15:34,18:43,20:00,2025-06-23
India,Andhra Pradesh,16.5417,80.6305,04:15,12:10,15:34,18:43,20:00,2025-06-24
India,Andhra Pradesh,16.5417,80.6305,04:16,12:10,15:34,18:44,20:00,2025-06-25
India,Andhra Pradesh,16.5417,80.6305,04:16,12:10,15:35,18:44,20:00,2025-06-26
India,Andhra Pradesh,16.5417,80.6305,04:16,12:11,15:35,18:44,20:00,2025-06-27
India,Andhra Pradesh,16.5417,80.6305,04:17,12:11,15:35,18:44,20:00,2025-06-28
India,Andhra Pradesh,16.5417,80.6305,04:17,12:11,15:35,18:44,20:00,2025-06-29
India,Andhra Pradesh,16.5417,80.6305,04:17,12:11,15:35,18:44,20:00,2025-06-30
India,Andhra Pradesh,16.5417,80.6305,04:18,12:11,15:35,18:44,20:00,2025-07-01
India,Andhra Pradesh,16.5417,80.6305,04:18,12:12,15:35,18:44,20:00,2025-07-02
India,Andhra Pradesh,16.5417,80.6305,04:18,12:12,15:35,18:44,20:00,2025-07-03
India,Andhra Pradesh,16.5417,80.6305,04:19,12:12,15:35,18:45,20:00,2025-07-04
India,Andhra Pradesh,16.5417,80.6305,04:19,12:12,15:35,18:45,20:00,2025-07-05
India,Andhra Pradesh,16.5417,80.6305,04:19,12:12,15:35,18:45,20:00,2025-07-06
India,Andhra Pradesh,16.5417,80.6305,04:20,12:13,15:35,18:45,20:00,2025-07-07
India,Andhra Pradesh,16.5417,80.6305,04:20,12:13,15:35,18:45,20:00,2025-07-08
India,Andhra Pradesh,16.5417,80.6305,04:21,12:13,15:35,18:45,20:00,2025-07-09
India,Andhra Pradesh,16.5417,80.6305,04:21,12:13,15:35,18:44,20:00,2025-07-10
India,Andhra Pradesh,16.5417,80.6305,04:22,12:13,15:34,18:44,20:00,2025-07-11
India,Andhra Pradesh,16.5417,80.6305,04:22,12:13,15:34,18:44,20:00,2025-07-12
India,Andhra Pradesh,16.5417,80.6305,04:22,12:13,15:34,18:44,19:59,2025-07-13
India,Andhra Pradesh,16.5417,80.6305,04:23,12:13,15:34,18:44,19:59,2025-07-14
India,Andhra Pradesh,16.5417,80.6305,04:23,12:14,15:33,18:44,19:59,2025-07-15
India,Andhra Pradesh,16.5417,80.6305,04:24,12:14,15:33,18:44,19:59,2025-07-16
India,Andhra Pradesh,16.5417,80.6305,04:24,12:14,15:33,18:44,19:58,2025-07-17
India,Andhra Pradesh,16.5417,80.6305,04:25,12:14,15:33,18:44,19:58,2025-07-18
India,Andhra Pradesh,16.5417,80.6305,04:25,12:14,15:32,18:43,19:58,2025-07-19
India,Andhra Pradesh,16.5417,80.6305,04:26,12:14,15:32,18:43,19:57,2025-07-20
India,Andhra Pradesh,16.5417,80.6305,04:26,12:14,15:31,18:43,19:57,2025-07-21
India,Andhra Pradesh,16.5417,80.6305,04:26,12:14,15:31,18:43,19:57,2025-07-22
India,Andhra Pradesh,16.5417,80.6305,04:27,12:14,15:31,18:42,19:56,2025-07-23
India,Andhra Pradesh,16.5417,80.6305,04:27,12:14,15:30,18:42,19:56,2025-07-24
India,Andhra Pradesh,16.5417,80.6305,04:28,12:14,15:30,18:42,19:56,2025-07-25
India,Andhra Pradesh,16.5417,80.6305,04:28,12:14,15:29,18:42,19:55,2025-07-26
India,Andhra Pradesh,16.5417,80.6305,04:29,12:14,15:28,18:41,19:55,2025-07-27
India,Andhra Pradesh,16.5417,80.6305,04:29,12:14,15:28,18:41,19:54,2025-07-28
India,Andhra Pradesh,16.5417,80.6305,04:30,12:14,15:27,18:41,19:54,2025-07-29
India,Andhra Pradesh,16.5417,80.6305,04:30,12:14,15:27,18:40,19:53,2025-07-30
India,Andhra Pradesh,16.5417,80.6305,04:30,12:14,15:26,18:40,19:53,2025-07-31
India,Andhra Pradesh,16.5417,80.6305,04:31,12:14,15:25,18:39,19:52,2025-08-01
India,Andhra Pradesh,16.5417,80.6305,04:31,12:14,15:25,18:39,19:52,2025-08-02
India,Andhra Pradesh,16.5417,80.6305,04:32,12:14,15:24,18:39,19:51,2025-08-03
India,Andhra Pradesh,16.5417,80.6305,04:32,12:14,15:23,18:38,19:50,2025-08-04
India,Andhra Pradesh,16.5417,80.6305,04:33,12:13,15:22,18:38,19:50,2025-08-05
India,Andhra Pradesh,16.5417,80.6305,04:33,12:13,15:22,18:37,19:49,2025-08-06
India,Andhra Pradesh,16.5417,80.6305,04:33,12:13,15:22,18:37,19:48,2025-08-07
India,Andhra Pradesh,16.5417,80.6305,04:34,12:13,15:22,18:36,19:48,2025-08-08
India,Andhra Pradesh,16.5417,80.6305,04:34,12:13,15:23,18:36,19:47,2025-08-09
India,Andhra Pradesh,16.5417,80.6305,04:35,12:13,15:23,18:35,19:47,2025-08-10
India,Andhra Pradesh,16.5417,80.6305,04:35,12:13,15:23,18:35,19:46,2025-08-11
India,Andhra Pradesh,16.5417,80.6305,04:35,12:12,15:23,18:34,19:45,2025-08-12
India,Andhra Pradesh,16.5417,80.6305,04:36,12:12,15:24,18:33,19:44,2025-08-13
India,Andhra Pradesh,16.5417,80.6305,04:36,12:12,15:24,18:33,19:44,2025-08-14
India,Andhra Pradesh,16.5417,80.6305,04:36,12:12,15:24,18:32,19:43,2025-08-15
India,Andhra Pradesh,16.5417,80.6305,04:37,12:12,15:24,18:32,19:42,2025-08-16
India,Andhra Pradesh,16.5417,80.6305,04:37,12:11,15:24,18:31,19:41,2025-08-17
India,Andhra Pradesh,16.5417,80.6305,04:37,12:11,15:25,18:30,19:41,2025-08-18
India,Andhra Pradesh,16.5417,80.6305,04:38,12:11,15:25,18:30,19:40,2025-08-19
India,Andhra Pradesh,16.5417,80.6305,04:38,12:11,15:25,18:29,19:39,2025-08-20
India,Andhra Pradesh,16.5417,80.6305,04:38,12:11,15:25,18:28,19:38,2025-08-21
India,Andhra Pradesh,16.5417,80.6305,04:39,12:10,15:25,18:28,19:38,2025-08-22
India,Andhra Pradesh,16.5417,80.6305,04:39,12:10,15:25,18:27,19:37,2025-08-23
India,Andhra Pradesh,16.5417,80.6305,04:39,12:10,15:25,18:26,19:36,2025-08-24
India,Andhra Pradesh,16.5417,80.6305,04:39,12:09,15:25,18:26,19:35,2025-08-25
India,Andhra Pradesh,16.5417,80.6305,04:40,12:09,15:25,18:25,19:34,2025-08-26
India,Andhra Pradesh,16.5417,80.6305,04:40,12:09,15:25,18:24,19:33,2025-08-27
India,Andhra Pradesh,16.5417,80.6305,04:40,12:09,15:25,18:23,19:33,2025-08-28
India,Andhra Pradesh,16.5417,80.6305,04:40,12:08,15:25,18:23,19:32,2025-08-29
India,Andhra Pradesh,16.5417,80.6305,04:41,12:08,15:25,18:22,19:31,2025-08-30
India,Andhra Pradesh,16.5417,80.6305,04:41,12:08,15:25,18:21,19:30,2025-08-31
India,Andhra Pradesh,16.5417,80.6305,04:41,12:07,15:25,18:20,19:29,2025-09-01
India,Andhra Pradesh,16.5417,80.6305,04:41,12:07,15:25,18:20,19:28,2025-09-02
India,Andhra Pradesh,16.5417,80.6305,04:42,12:07,15:25,18:19,19:27,2025-09-03
India,Andhra Pradesh,16.5417,80.6305,04:42,12:06,15:25,18:18,19:27,2025-09-04
India,Andhra Pradesh,16.5417,80.6305,04:42,12:06,15:25,18:17,19:26,2025-09-05
India,Andhra Pradesh,16.5417,80.6305,04:42,12:06,15:25,18:17,19:25,2025-09-06
India,Andhra Pradesh,16.5417,80.6305,04:42,12:05,15:25,18:16,19:24,2025-09-07
India,Andhra Pradesh,16.5417,80.6305,04:43,12:05,15:25,18:15,19:23,2025-09-08
India,Andhra Pradesh,16.5417,80.6305,04:43,12:05,15:25,18:14,19:22,2025-09-09
India,Andhra Pradesh,16.5417,80.6305,04:43,12:04,15:24,18:13,19:21,2025-09-10
India,Andhra Pradesh,16.5417,80.6305,04:43,12:04,15:24,18:12,19:21,2025-09-11
India,Andhra Pradesh,16.5417,80.6305,04:43,12:04,15:24,18:12,19:20,2025-09-12
India,Andhra Pradesh,16.5417,80.6305,04:43,12:03,15:24,18:11,19:19,2025-09-13
India,Andhra Pradesh,16.5417,80.6305,04:44,12:03,15:24,18:10,19:18,2025-09-14
India,Andhra Pradesh,16.5417,80.6305,04:44,12:03,15:23,18:09,19:17,2025-09-15
India,Andhra Pradesh,16.5417,80.6305,04:44,12:02,15:23,18:08,19:16,2025-09-16
India,Andhra Pradesh,16.5417,80.6305,04:44,12:02,15:23,18:08,19:15,2025-09-17
India,Andhra Pradesh,16.5417,80.6305,04:44,12:01,15:23,18:07,19:14,2025-09-18
India,Andhra Pradesh,16.5417,80.6305,04:44,12:01,15:23,18:06,19:14,2025-09-19
India,Andhra Pradesh,16.5417,80.6305,04:44,12:01,15:22,18:05,19:13,2025-09-20
India,Andhra Pradesh,16.5417,80.6305,04:45,12:00,15:22,18:04,19:12,2025-09-21
India,Andhra Pradesh,16.5417,80.6305,04:45,12:00,15:22,18:04,19:11,2025-09-22
India,Andhra Pradesh,16.5417,80.6305,04:45,12:00,15:21,18:03,19:10,2025-09-23
India,Andhra Pradesh,16.5417,80.6305,04:45,11:59,15:21,18:02,19:09,2025-09-24
India,Andhra Pradesh,16.5417,80.6305,04:45,11:59,15:21,18:01,19:09,2025-09-25
India,Andhra Pradesh,16.5417,80.6305,04:45,11:59,15:21,18:00,19:08,2025-09-26
India,Andhra Pradesh,16.5417,80.6305,04:45,11:58,15:20,17:59,19:07,2025-09-27
India,Andhra Pradesh,16.5417,80.6305,04:46,11:58,15:20,17:59,19:06,2025-09-28
India,Andhra Pradesh,16.5417,80.6305,04:46,11:58,15:20,17:58,19:05,2025-09-29
India,Andhra Pradesh,16.5417,80.6305,04:46,11:57,15:19,17:57,19:05,2025-09-30
India,Andhra Pradesh,16.5417,80.6305,04:46,11:57,15:19,17:56,19:04,2025-10-01
India,Andhra Pradesh,16.5417,80.6305,04:46,11:57,15:19,17:56,19:03,2025-10-02
India,Andhra Pradesh,16.5417,80.6305,04:46,11:56,15:18,17:55,19:02,2025-10-03
India,Andhra Pradesh,16.5417,80.6305,04:46,11:56,15:18,17:54,19:02,2025-10-04
India,Andhra Pradesh,16.5417,80.6305,04:47,11:56,15:18,17:53,19:01,2025-10-05
India,Andhra Pradesh,16.5417,80.6305,04:47,11:55,15:17,17:52,19:00,2025-10-06
India,Andhra Pradesh,16.5417,80.6305,04:47,11:55,15:17,17:52,18:59,2025-10-07
India,Andhra Pradesh,16.5417,80.6305,04:47,11:55,15:17,17:51,18:59,2025-10-08
India,Andhra Pradesh,16.5417,80.6305,04:47,11:55,15:16,17:50,18:58,2025-10-09
India,Andhra Pradesh,16.5417,80.6305,04:47,11:54,15:16,17:50,18:57,2025-10-10
India,Andhra Pradesh,16.5417,80.6305,04:47,11:54,15:16,17:49,18:57,2025-10-11
India,Andhra Pradesh,16.5417,80.6305,04:48,11:54,15:15,17:48,18:56,2025-10-12
India,Andhra Pradesh,16.5417,80.6305,04:48,11:54,15:15,17:47,18:55,2025-10-13
India,Andhra Pradesh,16.5417,80.6305,04:48,11:53,15:15,17:47,18:55,2025-10-14
India,Andhra Pradesh,16.5417,80.6305,04:48,11:53,15:14,17:46,18:54,2025-10-15
India,Andhra Pradesh,16.5417,80.6305,04:48,11:53,15:14,17:45,18:53,2025-10-16
India,Andhra Pradesh,16.5417,80.6305,04:48,11:53,15:14,17:45,18:53,2025-10-17
India,Andhra Pradesh,16.5417,80.6305,04:49,11:53,15:13,17:44,18:52,2025-10-18
India,Andhra Pradesh,16.5417,80.6305,04:49,11:52,15:13,17:44,18:52,2025-10-19
India,Andhra Pradesh,16.5417,80.6305,04:49,11:52,15:13,17:43,18:51,2025-10-20
India,Andhra Pradesh,16.5417,80.6305,04:49,11:52,15:12,17:42,18:51,2025-10-21
India,Andhra Pradesh,16.5417,80.6305,04:49,11:52,15:12,17:42,18:50,2025-10-22
India,Andhra Pradesh,16.5417,80.6305,04:50,11:52,15:12,17:41,18:50,2025-10-23
India,Andhra Pradesh,16.5417,80.6305,04:50,11:52,15:12,17:41,18:49,2025-10-24
India,Andhra Pradesh,16.5417,80.6305,04:50,11:51,15:11,17:40,18:49,2025-10-25
India,Andhra Pradesh,16.5417,80.6305,04:50,11:51,15:11,17:40,18:48,2025-10-26
India,Andhra Pradesh,16.5417,80.6305,04:51,11:51,15:11,17:39,18:48,2025-10-27
India,Andhra Pradesh,16.5417,80.6305,04:51,11:51,15:10,17:39,18:47,2025-10-28
India,Andhra Pradesh,16.5417,80.6305,04:51,11:51,15:10,17:38,18:47,2025-10-29
India,Andhra Pradesh,16.5417,80.6305,04:51,11:51,15:10,17:38,18:47,2025-10-30
India,Andhra Pradesh,16.5417,80.6305,04:52,11:51,15:10,17:37,18:46,2025-10-31
India,Andhra Pradesh,16.5417,80.6305,04:52,11:51,15:10,17:37,18:46,2025-11-01
India,Andhra Pradesh,16.5417,80.6305,04:52,11:51,15:09,17:36,18:46,2025-11-02
India,Andhra Pradesh,16.5417,80.6305,04:52,11:51,15:09,17:36,18:45,2025-11-03
India,Andhra Pradesh,16.5417,80.6305,04:53,11:51,15:09,17:36,18:45,2025-11-04
India,Andhra Pradesh,16.5417,80.6305,04:53,11:51,15:09,17:35,18:45,2025-11-05
India,Andhra Pradesh,16.5417,80.6305,04:53,11:51,15:09,17:35,18:45,2025-11-06
India,Andhra Pradesh,16.5417,80.6305,04:54,11:51,15:08,17:35,18:44,2025-11-07
India,Andhra Pradesh,16.5417,80.6305,04:54,11:51,15:08,17:34,18:44,2025-11-08
India,Andhra Pradesh,16.5417,80.6305,04:54,11:51,15:08,17:34,18:44,2025-11-09
India,Andhra Pradesh,16.5417,80.6305,04:55,11:51,15:08,17:34,18:44,2025-11-10
India,Andhra Pradesh,16.5417,80.6305,04:55,11:52,15:08,17:34,18:44,2025-11-11
India,Andhra Pradesh,16.5417,80.6305,04:55,11:52,15:08,17:33,18:44,2025-11-12
India,Andhra Pradesh,16.5417,80.6305,04:56,11:52,15:08,17:33,18:43,2025-11-13
India,Andhra Pradesh,16.5417,80.6305,04:56,11:52,15:08,17:33,18:43,2025-11-14
India,Andhra Pradesh,16.5417,80.6305,04:57,11:52,15:08,17:33,18:43,2025-11-15
India,Andhra Pradesh,16.5417,80.6305,04:57,11:52,15:08,17:33,18:43,2025-11-16
India,Andhra Pradesh,16.5417,80.6305,04:57,11:53,15:08,17:33,18:43,2025-11-17
India,Andhra Pradesh,16.5417,80.6305,04:58,11:53,15:08,17:32,18:43,2025-11-18
India,Andhra Pradesh,16.5417,80.6305,04:58,11:53,15:08,17:32,18:43,2025-11-19
India,Andhra Pradesh,16.5417,80.6305,04:59,11:53,15:08,17:32,18:43,2025-11-20
India,Andhra Pradesh,16.5417,80.6305,04:59,11:53,15:08,17:32,18:43,2025-11-21
India,Andhra Pradesh,16.5417,80.6305,05:00,11:54,15:08,17:32,18:43,2025-11-22
India,Andhra Pradesh,16.5417,80.6305,05:00,11:54,15:08,17:32,18:44,2025-11-23
India,Andhra Pradesh,16.5417,80.6305,05:01,11:54,15:08,17:32,18:44,2025-11-24
India,Andhra Pradesh,16.5417,80.6305,05:01,11:55,15:08,17:32,18:44,2025-11-25
India,Andhra Pradesh,16.5417,80.6305,05:01,11:55,15:08,17:32,18:44,2025-11-26
India,Andhra Pradesh,16.5417,80.6305,05:02,11:55,15:09,17:32,18:44,2025-11-27
India,Andhra Pradesh,16.5417,80.6305,05:02,11:56,15:09,17:33,18:44,2025-11-28
India,Andhra Pradesh,16.5417,80.6305,05:03,11:56,15:09,17:33,18:45,2025-11-29
India,Andhra Pradesh,16.5417,80.6305,05:03,11:56,15:09,17:33,18:45,2025-11-30
India,Andhra Pradesh,16.5417,80.6305,05:04,11:57,15:09,17:33,18:45,2025-12-01
India,Andhra Pradesh,16.5417,80.6305,05:04,11:57,15:10,17:33,18:45,2025-12-02
India,Andhra Pradesh,16.5417,80.6305,05:05,11:57,15:10,17:33,18:46,2025-12-03
India,Andhra Pradesh,16.5417,80.6305,05:05,11:58,15:10,17:34,18:46,2025-12-04
India,Andhra Pradesh,16.5417,80.6305,05:06,11:58,15:10,17:34,18:46,2025-12-05
India,Andhra Pradesh,16.5417,80.6305,05:07,11:59,15:11,17:34,18:46,2025-12-06
India,Andhra Pradesh,16.5417,80.6305,05:07,11:59,15:11,17:34,18:47,2025-12-07
India,Andhra Pradesh,16.5417,80.6305,05:08,12:00,15:11,17:35,18:47,2025-12-08
India,Andhra Pradesh,16.5417,80.6305,05:08,12:00,15:12,17:35,18:47,2025-12-09
India,Andhra Pradesh,16.5417,80.6305,05:09,12:00,15:12,17:35,18:48,2025-12-10
India,Andhra Pradesh,16.5417,80.6305,05:09,12:01,15:12,17:36,18:48,2025-12-11
India,Andhra Pradesh,16.5417,80.6305,05:10,12:01,15:13,17:36,18:49,2025-12-12
India,Andhra Pradesh,16.5417,80.6305,05:10,12:02,15:13,17:36,18:49,2025-12-13
India,Andhra Pradesh,16.5417,80.6305,05:11,12:02,15:14,17:37,18:50,2025-12-14
India,Andhra Pradesh,16.5417,80.6305,05:11,12:03,15:14,17:37,18:50,2025-12-15
India,Andhra Pradesh,16.5417,80.6305,05:12,12:03,15:15,17:38,18:50,2025-12-16
India,Andhra Pradesh,16.5417,80.6305,05:12,12:04,15:15,17:38,18:51,2025-12-17
India,Andhra Pradesh,16.5417,80.6305,05:13,12:04,15:15,17:39,18:51,2025-12-18
India,Andhra Pradesh,16.5417,80.6305,05:13,12:05,15:16,17:39,18:52,2025-12-19
India,Andhra Pradesh,16.5417,80.6305,05:14,12:05,15:16,17:40,18:52,2025-12-20
India,Andhra Pradesh,16.5417,80.6305,05:14,12:06,15:17,17:40,18:53,2025-12-21
India,Andhra Pradesh,16.5417,80.6305,05:15,12:06,15:17,17:41,18:53,2025-12-22
India,Andhra Pradesh,16.5417,80.6305,05:15,12:07,15:18,17:41,18:54,2025-12-23
India,Andhra Pradesh,16.5417,80.6305,05:16,12:07,15:18,17:42,18:54,2025-12-24
India,Andhra Pradesh,16.5417,80.6305,05:16,12:08,15:19,17:42,18:55,2025-12-25
India,Andhra Pradesh,16.5417,80.6305,05:17,12:08,15:19,17:43,18:55,2025-12-26
India,Andhra Pradesh,16.5417,80.6305,05:17,12:09,15:20,17:43,18:56,2025-12-27
India,Andhra Pradesh,16.5417,80.6305,05:18,12:09,15:21,17:44,18:56,2025-12-28
India,Andhra Pradesh,16.5417,80.6305,05:18,12:10,15:21,17:44,18:57,2025-12-29
India,Andhra Pradesh,16.5417,80.6305,05:18,12:10,15:22,17:45,18:57,2025-12-30
India,Andhra Pradesh,16.5417,80.6305,05:19,12:11,15:22,17:45,18:58,2025-12-31
India,Arunachal Pradesh,27.0844,93.6053,04:42,11:19,14:14,16:34,17:52,2025-01-01
India,Arunachal Pradesh,27.0844,93.6053,04:43,11:20,14:15,16:34,17:52,2025-01-02
India,Arunachal Pradesh,27.0844,93.6053,04:43,11:20,14:16,16:35,17:53,2025-01-03
India,Arunachal Pradesh,27.0844,93.6053,04:43,11:21,14:16,16:36,17:54,2025-01-04
India,Arunachal Pradesh,27.0844,93.6053,04:44,11:21,14:17,16:36,17:54,2025-01-05
India,Arunachal Pradesh,27.0844,93.6053,04:44,11:22,14:18,16:37,17:55,2025-01-06
India,Arunachal Pradesh,27.0844,93.6053,04:44,11:22,14:18,16:38,17:56,2025-01-07
India,Arunachal Pradesh,27.0844,93.6053,04:44,11:22,14:19,16:39,17:56,2025-01-08
India,Arunachal Pradesh,27.0844,93.6053,04:44,11:23,14:20,16:39,17:57,2025-01-09
India,Arunachal Pradesh,27.0844,93.6053,04:44,11:23,14:20,16:40,17:58,2025-01-10
India,Arunachal Pradesh,27.0844,93.6053,04:44,11:24,14:21,16:41,17:58,2025-01-11
India,Arunachal Pradesh,27.0844,93.6053,04:45,11:24,14:22,16:42,17:59,2025-01-12
India,Arunachal Pradesh,27.0844,93.6053,04:45,11:24,14:23,16:42,18:00,2025-01-13
India,Arunachal Pradesh,27.0844,93.6053,04:45,11:25,14:23,16:43,18:00,2025-01-14
India,Arunachal Pradesh,27.0844,93.6053,04:45,11:25,14:24,16:44,18:01,2025-01-15
India,Arunachal Pradesh,27.0844,93.6053,04:45,11:26,14:25,16:45,18:02,2025-01-16
India,Arunachal Pradesh,27.0844,93.6053,04:45,11:26,14:25,16:46,18:02,2025-01-17
India,Arunachal Pradesh,27.0844,93.6053,04:45,11:26,14:26,16:46,18:03,2025-01-18
India,Arunachal Pradesh,27.0844,93.6053,04:45,11:26,14:27,16:47,18:04,2025-01-19
India,Arunachal Pradesh,27.0844,93.6053,04:44,11:27,14:28,16:48,18:04,2025-01-20
India,Arunachal Pradesh,27.0844,93.6053,04:44,11:27,14:28,16:49,18:05,2025-01-21
India,Arunachal Pradesh,27.0844,93.6053,04:44,11:27,14:29,16:50,18:06,2025-01-22
India,Arunachal Pradesh,27.0844,93.6053,04:44,11:28,14:30,16:50,18:07,2025-01-23
India,Arunachal Pradesh,27.0844,93.6053,04:44,11:28,14:30,16:51,18:07,2025-01-24
India,Arunachal Pradesh,27.0844,93.6053,04:44,11:28,14:31,16:52,18:08,2025-01-25
India,Arunachal Pradesh,27.0844,93.6053,04:43,11:28,14:32,16:53,18:09,2025-01-26
India,Arunachal Pradesh,27.0844,93.6053,04:43,11:28,14:32,16:54,18:09,2025-01-27
India,Arunachal Pradesh,27.0844,93.6053,04:43,11:29,14:33,16:54,18:10,2025-01-28
India,Arunachal Pradesh,27.0844,93.6053,04:42,11:29,14:34,16:55,18:11,2025-01-29
India,Arunachal Pradesh,27.0844,93.6053,04:42,11:29,14:34,16:56,18:11,2025-01-30
India,Arunachal Pradesh,27.0844,93.6053,04:42,11:29,14:35,16:57,18:12,2025-01-31
India,Arunachal Pradesh,27.0844,93.6053,04:41,11:29,14:35,16:57,18:13,2025-02-01
India,Arunachal Pradesh,27.0844,93.6053,04:41,11:29,14:36,16:58,18:13,2025-02-02
India,Arunachal Pradesh,27.0844,93.6053,04:40,11:29,14:37,16:59,18:14,2025-02-03
India,Arunachal Pradesh,27.0844,93.6053,04:40,11:30,14:37,17:00,18:15,2025-02-04
India,Arunachal Pradesh,27.0844,93.6053,04:39,11:30,14:38,17:01,18:15,2025-02-05
India,Arunachal Pradesh,27.0844,93.6053,04:39,11:30,14:38,17:01,18:16,2025-02-06
India,Arunachal Pradesh,27.0844,93.6053,04:38,11:30,14:39,17:02,18:16,2025-02-07
India,Arunachal Pradesh,27.0844,93.6053,04:38,11:30,14:39,17:03,18:17,2025-02-08
India,Arunachal Pradesh,27.0844,93.6053,04:37,11:30,14:40,17:03,18:18,2025-02-09
India,Arunachal Pradesh,27.0844,93.6053,04:37,11:30,14:40,17:04,18:18,2025-02-10
India,Arunachal Pradesh,27.0844,93.6053,04:36,11:30,14:41,17:05,18:19,2025-02-11
India,Arunachal Pradesh,27.0844,93.6053,04:35,11:30,14:41,17:06,18:20,2025-02-12
India,Arunachal Pradesh,27.0844,93.6053,04:35,11:30,14:42,17:06,18:20,2025-02-13
India,Arunachal Pradesh,27.0844,93.6053,04:34,11:30,14:42,17:07,18:21,2025-02-14
India,Arunachal Pradesh,27.0844,93.6053,04:33,11:30,14:43,17:08,18:21,2025-02-15
India,Arunachal Pradesh,27.0844,93.6053,04:33,11:30,14:43,17:08,18:22,2025-02-16
India,Arunachal Pradesh,27.0844,93.6053,04:32,11:30,14:44,17:09,18:23,2025-02-17
India,Arunachal Pradesh,27.0844,93.6053,04:31,11:29,14:44,17:10,18:23,2025-02-18
India,Arunachal Pradesh,27.0844,93.6053,04:30,11:29,14:44,17:10,18:24,2025-02-19
India,Arunachal Pradesh,27.0844,93.6053,04:30,11:29,14:45,17:11,18:24,2025-02-20
India,Arunachal Pradesh,27.0844,93.6053,04:29,11:29,14:45,17:12,18:25,2025-02-21
India,Arunachal Pradesh,27.0844,93.6053,04:28,11:29,14:46,17:12,18:25,2025-02-22
India,Arunachal Pradesh,27.0844,93.6053,04:27,11:29,14:46,17:13,18:26,2025-02-23
India,Arunachal Pradesh,27.0844,93.6053,04:26,11:29,14:46,17:14,18:27,2025-02-24
India,Arunachal Pradesh,27.0844,93.6053,04:25,11:29,14:46,17:14,18:27,2025-02-25
India,Arunachal Pradesh,27.0844,93.6053,04:24,11:28,14:47,17:15,18:28,2025-02-26
India,Arunachal Pradesh,27.0844,93.6053,04:24,11:28,14:47,17:15,18:28,2025-02-27
India,Arunachal Pradesh,27.0844,93.6053,04:23,11:28,14:47,17:16,18:29,2025-02-28
India,Arunachal Pradesh,27.0844,93.6053,04:22,11:28,14:48,17:17,18:29,2025-03-01
India,Arunachal Pradesh,27.0844,93.6053,04:21,11:28,14:48,17:17,18:30,2025-03-02
India,Arunachal Pradesh,27.0844,93.6053,04:20,11:27,14:48,17:18,18:31,2025-03-03
India,Arunachal Pradesh,27.0844,93.6053,04:19,11:27,14:48,17:18,18:31,2025-03-04
India,Arunachal Pradesh,27.0844,93.6053,04:18,11:27,14:48,17:19,18:32,2025-03-05
India,Arunachal Pradesh,27.0844,93.6053,04:17,11:27,14:49,17:19,18:32,2025-03-06
India,Arunachal Pradesh,27.0844,93.6053,04:16,11:26,14:49,17:20,18:33,2025-03-07
India,Arunachal Pradesh,27.0844,93.6053,04:15,11:26,14:49,17:21,18:33,2025-03-08
India,Arunachal Pradesh,27.0844,93.6053,04:14,11:26,14:49,17:21,18:34,2025-03-09
India,Arunachal Pradesh,27.0844,93.6053,04:13,11:26,14:49,17:22,18:34,2025-03-10
India,Arunachal Pradesh,27.0844,93.6053,04:11,11:25,14:49,17:22,18:35,2025-03-11
India,Arunachal Pradesh,27.0844,93.6053,04:10,11:25,14:49,17:23,18:35,2025-03-12
India,Arunachal Pradesh,27.0844,93.6053,04:09,11:25,14:50,17:23,18:36,2025-03-13
India,Arunachal Pradesh,27.0844,93.6053,04:08,11:25,14:50,17:24,18:37,2025-03-14
India,Arunachal Pradesh,27.0844,93.6053,04:07,11:24,14:50,17:24,18:37,2025-03-15
India,Arunachal Pradesh,27.0844,93.6053,04:06,11:24,14:50,17:25,18:38,2025-03-16
India,Arunachal Pradesh,27.0844,93.6053,04:05,11:24,14:50,17:25,18:38,2025-03-17
India,Arunachal Pradesh,27.0844,93.6053,04:04,11:23,14:50,17:26,18:39,2025-03-18
India,Arunachal Pradesh,27.0844,93.6053,04:02,11:23,14:50,17:26,18:39,2025-03-19
India,Arunachal Pradesh,27.0844,93.6053,04:01,11:23,14:50,17:27,18:40,2025-03-20
India,Arunachal Pradesh,27.0844,93.6053,04:00,11:23,14:50,17:27,18:40,2025-03-21
India,Arunachal Pradesh,27.0844,93.6053,03:59,11:22,14:50,17:28,18:41,2025-03-22
India,Arunachal Pradesh,27.0844,93.6053,03:58,11:22,14:50,17:28,18:42,2025-03-23
India,Arunachal Pradesh,27.0844,93.6053,03:57,11:22,14:50,17:29,18:42,2025-03-24
India,Arunachal Pradesh,27.0844,93.6053,03:55,11:21,14:50,17:29,18:43,2025-03-25
India,Arunachal Pradesh,27.0844,93.6053,03:54,11:21,14:50,17:30,18:43,2025-03-26
India,Arunachal Pradesh,27.0844,93.6053,03:53,11:21,14:50,17:30,18:44,2025-03-27
India,Arunachal Pradesh,27.0844,93.6053,03:52,11:20,14:50,17:31,18:44,2025-03-28
India,Arunachal Pradesh,27.0844,93.6053,03:51,11:20,14:49,17:31,18:45,2025-03-29
India,Arunachal Pradesh,27.0844,93.6053,03:49,11:20,14:49,17:32,18:46,2025-03-30
India,Arunachal Pradesh,27.0844,93.6053,03:48,11:20,14:49,17:33,18:46,2025-03-31
India,Arunachal Pradesh,27.0844,93.6053,03:47,11:19,14:49,17:33,18:47,2025-04-01
India,Arunachal Pradesh,27.0844,93.6053,03:46,11:19,14:49,17:34,18:47,2025-04-02
India,Arunachal Pradesh,27.0844,93.6053,03:45,11:19,14:49,17:34,18:48,2025-04-03
India,Arunachal Pradesh,27.0844,93.6053,03:43,11:18,14:49,17:35,18:49,2025-04-04
India,Arunachal Pradesh,27.0844,93.6053,03:42,11:18,14:49,17:35,18:49,2025-04-05
India,Arunachal Pradesh,27.0844,93.6053,03:41,11:18,14:49,17:36,18:50,2025-04-06
India,Arunachal Pradesh,27.0844,93.6053,03:40,11:18,14:48,17:36,18:51,2025-04-07
India,Arunachal Pradesh,27.0844,93.6053,03:39,11:17,14:48,17:37,18:51,2025-04-08
India,Arunachal Pradesh,27.0844,93.6053,03:37,11:17,14:48,17:37,18:52,2025-04-09
India,Arunachal Pradesh,27.0844,93.6053,03:36,11:17,14:48,17:38,18:53,2025-04-10
India,Arunachal Pradesh,27.0844,93.6053,03:35,11:16,14:48,17:38,18:53,2025-04-11
India,Arunachal Pradesh,27.0844,93.6053,03:34,11:16,14:48,17:39,18:54,2025-04-12
India,Arunachal Pradesh,27.0844,93.6053,03:33,11:16,14:48,17:39,18:55,2025-04-13
India,Arunachal Pradesh,27.0844,93.6053,03:31,11:16,14:47,17:40,18:55,2025-04-14
India,Arunachal Pradesh,27.0844,93.6053,03:30,11:16,14:47,17:40,18:56,2025-04-15
India,Arunachal Pradesh,27.0844,93.6053,03:29,11:15,14:47,17:41,18:57,2025-04-16
India,Arunachal Pradesh,27.0844,93.6053,03:28,11:15,14:47,17:41,18:57,2025-04-17
India,Arunachal Pradesh,27.0844,93.6053,03:27,11:15,14:47,17:42,18:58,2025-04-18
India,Arunachal Pradesh,27.0844,93.6053,03:26,11:15,14:47,17:42,18:59,2025-04-19
India,Arunachal Pradesh,27.0844,93.6053,03:25,11:14,14:46,17:43,18:59,2025-04-20
India,Arunachal Pradesh,27.0844,93.6053,03:23,11:14,14:46,17:43,19:00,2025-04-21
India,Arunachal Pradesh,27.0844,93.6053,03:22,11:14,14:46,17:44,19:01,2025-04-22
India,Arunachal Pradesh,27.0844,93.6053,03:21,11:14,14:46,17:44,19:02,2025-04-23
India,Arunachal Pradesh,27.0844,93.6053,03:20,11:14,14:46,17:45,19:02,2025-04-24
India,Arunachal Pradesh,27.0844,93.6053,03:19,11:13,14:45,17:45,19:03,2025-04-25
India,Arunachal Pradesh,27.0844,93.6053,03:18,11:13,14:45,17:46,19:04,2025-04-26
India,Arunachal Pradesh,27.0844,93.6053,03:17,11:13,14:45,17:47,19:04,2025-04-27
India,Arunachal Pradesh,27.0844,93.6053,03:16,11:13,14:45,17:47,19:05,2025-04-28
India,Arunachal Pradesh,27.0844,93.6053,03:15,11:13,14:45,17:48,19:06,2025-04-29
India,Arunachal Pradesh,27.0844,93.6053,03:14,11:13,14:45,17:48,19:07,2025-04-30
India,Arunachal Pradesh,27.0844,93.6053,03:13,11:13,14:44,17:49,19:08,2025-05-01
India,Arunachal Pradesh,27.0844,93.6053,03:12,11:13,14:44,17:49,19:08,2025-05-02
India,Arunachal Pradesh,27.0844,93.6053,03:11,11:12,14:44,17:50,19:09,2025-05-03
India,Arunachal Pradesh,27.0844,93.6053,03:10,11:12,14:44,17:50,19:10,2025-05-04
India,Arunachal Pradesh,27.0844,93.6053,03:09,11:12,14:44,17:51,19:11,2025-05-05
India,Arunachal Pradesh,27.0844,93.6053,03:08,11:12,14:44,17:52,19:11,2025-05-06
India,Arunachal Pradesh,27.0844,93.6053,03:07,11:12,14:44,17:52,19:12,2025-05-07
India,Arunachal Pradesh,27.0844,93.6053,03:06,11:12,14:43,17:53,19:13,2025-05-08
India,Arunachal Pradesh,27.0844,93.6053,03:05,11:12,14:43,17:53,19:14,2025-05-09
India,Arunachal Pradesh,27.0844,93.6053,03:04,11:12,14:43,17:54,19:14,2025-05-10
India,Arunachal Pradesh,27.0844,93.6053,03:03,11:12,14:43,17:54,19:15,2025-05-11
India,Arunachal Pradesh,27.0844,93.6053,03:03,11:12,14:43,17:55,19:16,2025-05-12
India,Arunachal Pradesh,27.0844,93.6053,03:02,11:12,14:43,17:56,19:17,2025-05-13
India,Arunachal Pradesh,27.0844,93.6053,03:01,11:12,14:43,17:56,19:18,2025-05-14
India,Arunachal Pradesh,27.0844,93.6053,03:00,11:12,14:43,17:57,19:18,2025-05-15
India,Arunachal Pradesh,27.0844,93.6053,02:59,11:12,14:43,17:57,19:19,2025-05-16
India,Arunachal Pradesh,27.0844,93.6053,02:59,11:12,14:42,17:58,19:20,2025-05-17
India,Arunachal Pradesh,27.0844,93.6053,02:58,11:12,14:42,17:58,19:21,2025-05-18
India,Arunachal Pradesh,27.0844,93.6053,02:57,11:12,14:42,17:59,19:21,2025-05-19
India,Arunachal Pradesh,27.0844,93.6053,02:57,11:12,14:42,17:59,19:22,2025-05-20
India,Arunachal Pradesh,27.0844,93.6053,02:56,11:12,14:42,18:00,19:23,2025-05-21
India,Arunachal Pradesh,27.0844,93.6053,02:55,11:12,14:42,18:01,19:24,2025-05-22
India,Arunachal Pradesh,27.0844,93.6053,02:55,11:12,14:42,18:01,19:24,2025-05-23
India,Arunachal Pradesh,27.0844,93.6053,02:54,11:12,14:42,18:02,19:25,2025-05-24
India,Arunachal Pradesh,27.0844,93.6053,02:54,11:13,14:42,18:02,19:26,2025-05-25
India,Arunachal Pradesh,27.0844,93.6053,02:53,11:13,14:42,18:03,19:27,2025-05-26
India,Arunachal Pradesh,27.0844,93.6053,02:53,11:13,14:42,18:03,19:27,2025-05-27
India,Arunachal Pradesh,27.0844,93.6053,02:52,11:13,14:42,18:04,19:28,2025-05-28
India,Arunachal Pradesh,27.0844,93.6053,02:52,11:13,14:42,18:04,19:29,2025-05-29
India,Arunachal Pradesh,27.0844,93.6053,02:52,11:13,14:42,18:05,19:29,2025-05-30
India,Arunachal Pradesh,27.0844,93.6053,02:51,11:13,14:42,18:05,19:30,2025-05-31
India,Arunachal Pradesh,27.0844,93.6053,02:51,11:14,14:42,18:06,19:31,2025-06-01
India,Arunachal Pradesh,27.0844,93.6053,02:51,11:14,14:42,18:06,19:31,2025-06-02
India,Arunachal Pradesh,27.0844,93.6053,02:50,11:14,14:42,18:07,19:32,2025-06-03
India,Arunachal Pradesh,27.0844,93.6053,02:50,11:14,14:42,18:07,19:32,2025-06-04
India,Arunachal Pradesh,27.0844,93.6053,02:50,11:14,14:43,18:08,19:33,2025-06-05
India,Arunachal Pradesh,27.0844,93.6053,02:50,11:14,14:43,18:08,19:33,2025-06-06
India,Arunachal Pradesh,27.0844,93.6053,02:49,11:15,14:43,18:08,19:34,2025-06-07
India,Arunachal Pradesh,27.0844,93.6053,02:49,11:15,14:43,18:09,19:35,2025-06-08
India,Arunachal Pradesh,27.0844,93.6053,02:49,11:15,14:43,18:09,19:35,2025-06-09
India,Arunachal Pradesh,27.0844,93.6053,02:49,11:15,14:43,18:10,19:35,2025-06-10
India,Arunachal Pradesh,27.0844,93.6053,02:49,11:15,14:43,18:10,19:36,2025-06-11
India,Arunachal Pradesh,27.0844,93.6053,02:49,11:16,14:43,18:10,19:36,2025-06-12
India,Arunachal Pradesh,27.0844,93.6053,02:49,11:16,14:44,18:11,19:37,2025-06-13
India,Arunachal Pradesh,27.0844,93.6053,02:49,11:16,14:44,18:11,19:37,2025-06-14
India,Arunachal Pradesh,27.0844,93.6053,02:49,11:16,14:44,18:11,19:38,2025-06-15
India,Arunachal Pradesh,27.0844,93.6053,02:49,11:16,14:44,18:12,19:38,2025-06-16
India,Arunachal Pradesh,27.0844,93.6053,02:49,11:17,14:44,18:12,19:38,2025-06-17
India,Arunachal Pradesh,27.0844,93.6053,02:49,11:17,14:45,18:12,19:38,2025-06-18
India,Arunachal Pradesh,27.0844,93.6053,02:50,11:17,14:45,18:12,19:39,2025-06-19
India,Arunachal Pradesh,27.0844,93.6053,02:50,11:17,14:45,18:13,19:39,2025-06-20
India,Arunachal Pradesh,27.0844,93.6053,02:50,11:18,14:45,18:13,19:39,2025-06-21
India,Arunachal Pradesh,27.0844,93.6053,02:50,11:18,14:45,18:13,19:39,2025-06-22
India,Arunachal Pradesh,27.0844,93.6053,02:51,11:18,14:46,18:13,19:40,2025-06-23
India,Arunachal Pradesh,27.0844,93.6053,02:51,11:18,14:46,18:13,19:40,2025-06-24
India,Arunachal Pradesh,27.0844,93.6053,02:51,11:18,14:46,18:14,19:40,2025-06-25
India,Arunachal Pradesh,27.0844,93.6053,02:52,11:19,14:46,18:14,19:40,2025-06-26
India,Arunachal Pradesh,27.0844,93.6053,02:52,11:19,14:47,18:14,19:40,2025-06-27
India,Arunachal Pradesh,27.0844,93.6053,02:52,11:19,14:47,18:14,19:40,2025-06-28
India,Arunachal Pradesh,27.0844,93.6053,02:53,11:19,14:47,18:14,19:40,2025-06-29
India,Arunachal Pradesh,27.0844,93.6053,02:53,11:19,14:47,18:14,19:40,2025-06-30
India,Arunachal Pradesh,27.0844,93.6053,02:54,11:20,14:48,18:14,19:40,2025-07-01
India,Arunachal Pradesh,27.0844,93.6053,02:54,11:20,14:48,18:14,19:40,2025-07-02
India,Arunachal Pradesh,27.0844,93.6053,02:55,11:20,14:48,18:14,19:40,2025-07-03
India,Arunachal Pradesh,27.0844,93.6053,02:55,11:20,14:48,18:14,19:39,2025-07-04
India,Arunachal Pradesh,27.0844,93.6053,02:56,11:20,14:49,18:14,19:39,2025-07-05
India,Arunachal Pradesh,27.0844,93.6053,02:56,11:20,14:49,18:14,19:39,2025-07-06
India,Arunachal Pradesh,27.0844,93.6053,02:57,11:21,14:49,18:14,19:39,2025-07-07
India,Arunachal Pradesh,27.0844,93.6053,02:57,11:21,14:49,18:14,19:39,2025-07-08
India,Arunachal Pradesh,27.0844,93.6053,02:58,11:21,14:50,18:13,19:38,2025-07-09
India,Arunachal Pradesh,27.0844,93.6053,02:59,11:21,14:50,18:13,19:38,2025-07-10
India,Arunachal Pradesh,27.0844,93.6053,02:59,11:21,14:50,18:13,19:38,2025-07-11
India,Arunachal Pradesh,27.0844,93.6053,03:00,11:21,14:50,18:13,19:37,2025-07-12
India,Arunachal Pradesh,27.0844,93.6053,03:00,11:21,14:51,18:13,19:37,2025-07-13
India,Arunachal Pradesh,27.0844,93.6053,03:01,11:22,14:51,18:12,19:36,2025-07-14
India,Arunachal Pradesh,27.0844,93.6053,03:02,11:22,14:51,18:12,19:36,2025-07-15
India,Arunachal Pradesh,27.0844,93.6053,03:02,11:22,14:51,18:12,19:35,2025-07-16
India,Arunachal Pradesh,27.0844,93.6053,03:03,11:22,14:51,18:11,19:35,2025-07-17
India,Arunachal Pradesh,27.0844,93.6053,03:04,11:22,14:52,18:11,19:34,2025-07-18
India,Arunachal Pradesh,27.0844,93.6053,03:05,11:22,14:52,18:11,19:34,2025-07-19
India,Arunachal Pradesh,27.0844,93.6053,03:05,11:22,14:52,18:10,19:33,2025-07-20
India,Arunachal Pradesh,27.0844,93.6053,03:06,11:22,14:52,18:10,19:33,2025-07-21
India,Arunachal Pradesh,27.0844,93.6053,03:07,11:22,14:52,18:09,19:32,2025-07-22
India,Arunachal Pradesh,27.0844,93.6053,03:07,11:22,14:52,18:09,19:31,2025-07-23
India,Arunachal Pradesh,27.0844,93.6053,03:08,11:22,14:52,18:08,19:31,2025-07-24
India,Arunachal Pradesh,27.0844,93.6053,03:09,11:22,14:53,18:08,19:30,2025-07-25
India,Arunachal Pradesh,27.0844,93.6053,03:10,11:22,14:53,18:07,19:29,2025-07-26
India,Arunachal Pradesh,27.0844,93.6053,03:10,11:22,14:53,18:07,19:28,2025-07-27
India,Arunachal Pradesh,27.0844,93.6053,03:11,11:22,14:53,18:06,19:28,2025-07-28
India,Arunachal Pradesh,27.0844,93.6053,03:12,11:22,14:53,18:06,19:27,2025-07-29
India,Arunachal Pradesh,27.0844,93.6053,03:13,11:22,14:53,18:05,19:26,2025-07-30
India,Arunachal Pradesh,27.0844,93.6053,03:13,11:22,14:53,18:04,19:25,2025-07-31
India,Arunachal Pradesh,27.0844,93.6053,03:14,11:22,14:53,18:04,19:24,2025-08-01
India,Arunachal Pradesh,27.0844,93.6053,03:15,11:22,14:53,18:03,19:23,2025-08-02
India,Arunachal Pradesh,27.0844,93.6053,03:16,11:22,14:53,18:02,19:23,2025-08-03
India,Arunachal Pradesh,27.0844,93.6053,03:16,11:22,14:53,18:02,19:22,2025-08-04
India,Arunachal Pradesh,27.0844,93.6053,03:17,11:22,14:53,18:01,19:21,2025-08-05
India,Arunachal Pradesh,27.0844,93.6053,03:18,11:21,14:53,18:00,19:20,2025-08-06
India,Arunachal Pradesh,27.0844,93.6053,03:19,11:21,14:53,17:59,19:19,2025-08-07
India,Arunachal Pradesh,27.0844,93.6053,03:19,11:21,14:53,17:59,19:18,2025-08-08
India,Arunachal Pradesh,27.0844,93.6053,03:20,11:21,14:53,17:58,19:17,2025-08-09
India,Arunachal Pradesh,27.0844,93.6053,03:21,11:21,14:53,17:57,19:16,2025-08-10
India,Arunachal Pradesh,27.0844,93.6053,03:22,11:21,14:53,17:56,19:15,2025-08-11
India,Arunachal Pradesh,27.0844,93.6053,03:22,11:21,14:52,17:55,19:14,2025-08-12
India,Arunachal Pradesh,27.0844,93.6053,03:23,11:20,14:52,17:54,19:13,2025-08-13
India,Arunachal Pradesh,27.0844,93.6053,03:24,11:20,14:52,17:54,19:12,2025-08-14
India,Arunachal Pradesh,27.0844,93.6053,03:24,11:20,14:52,17:53,19:10,2025-08-15
India,Arunachal Pradesh,27.0844,93.6053,03:25,11:20,14:52,17:52,19:09,2025-08-16
India,Arunachal Pradesh,27.0844,93.6053,03:26,11:20,14:52,17:51,19:08,2025-08-17
India,Arunachal Pradesh,27.0844,93.6053,03:27,11:19,14:51,17:50,19:07,2025-08-18
India,Arunachal Pradesh,27.0844,93.6053,03:27,11:19,14:51,17:49,19:06,2025-08-19
India,Arunachal Pradesh,27.0844,93.6053,03:28,11:19,14:51,17:48,19:05,2025-08-20
India,Arunachal Pradesh,27.0844,93.6053,03:29,11:19,14:51,17:47,19:04,2025-08-21
India,Arunachal Pradesh,27.0844,93.6053,03:29,11:18,14:50,17:46,19:03,2025-08-22
India,Arunachal Pradesh,27.0844,93.6053,03:30,11:18,14:50,17:45,19:01,2025-08-23
India,Arunachal Pradesh,27.0844,93.6053,03:31,11:18,14:50,17:44,19:00,2025-08-24
India,Arunachal Pradesh,27.0844,93.6053,03:31,11:18,14:49,17:43,18:59,2025-08-25
India,Arunachal Pradesh,27.0844,93.6053,03:32,11:17,14:49,17:42,18:58,2025-08-26
India,Arunachal Pradesh,27.0844,93.6053,03:32,11:17,14:49,17:41,18:57,2025-08-27
India,Arunachal Pradesh,27.0844,93.6053,03:33,11:17,14:48,17:40,18:55,2025-08-28
India,Arunachal Pradesh,27.0844,93.6053,03:34,11:16,14:48,17:39,18:54,2025-08-29
India,Arunachal Pradesh,27.0844,93.6053,03:34,11:16,14:47,17:38,18:53,2025-08-30
India,Arunachal Pradesh,27.0844,93.6053,03:35,11:16,14:47,17:37,18:52,2025-08-31
India,Arunachal Pradesh,27.0844,93.6053,03:36,11:15,14:47,17:36,18:51,2025-09-01
India,Arunachal Pradesh,27.0844,93.6053,03:36,11:15,14:46,17:35,18:49,2025-09-02
India,Arunachal Pradesh,27.0844,93.6053,03:37,11:15,14:46,17:33,18:48,2025-09-03
India,Arunachal Pradesh,27.0844,93.6053,03:37,11:14,14:45,17:32,18:47,2025-09-04
India,Arunachal Pradesh,27.0844,93.6053,03:38,11:14,14:45,17:31,18:46,2025-09-05
India,Arunachal Pradesh,27.0844,93.6053,03:38,11:14,14:44,17:30,18:44,2025-09-06
India,Arunachal Pradesh,27.0844,93.6053,03:39,11:13,14:44,17:29,18:43,2025-09-07
India,Arunachal Pradesh,27.0844,93.6053,03:40,11:13,14:43,17:28,18:42,2025-09-08
India,Arunachal Pradesh,27.0844,93.6053,03:40,11:13,14:43,17:27,18:41,2025-09-09
India,Arunachal Pradesh,27.0844,93.6053,03:41,11:12,14:42,17:26,18:39,2025-09-10
India,Arunachal Pradesh,27.0844,93.6053,03:41,11:12,14:42,17:24,18:38,2025-09-11
India,Arunachal Pradesh,27.0844,93.6053,03:42,11:12,14:41,17:23,18:37,2025-09-12
India,Arunachal Pradesh,27.0844,93.6053,03:42,11:11,14:40,17:22,18:36,2025-09-13
India,Arunachal Pradesh,27.0844,93.6053,03:43,11:11,14:40,17:21,18:35,2025-09-14
India,Arunachal Pradesh,27.0844,93.6053,03:43,11:11,14:39,17:20,18:33,2025-09-15
India,Arunachal Pradesh,27.0844,93.6053,03:44,11:10,14:39,17:19,18:32,2025-09-16
India,Arunachal Pradesh,27.0844,93.6053,03:44,11:10,14:38,17:18,18:31,2025-09-17
India,Arunachal Pradesh,27.0844,93.6053,03:45,11:10,14:37,17:16,18:30,2025-09-18
India,Arunachal Pradesh,27.0844,93.6053,03:45,11:09,14:37,17:15,18:28,2025-09-19
India,Arunachal Pradesh,27.0844,93.6053,03:46,11:09,14:36,17:14,18:27,2025-09-20
India,Arunachal Pradesh,27.0844,93.6053,03:46,11:08,14:36,17:13,18:26,2025-09-21
India,Arunachal Pradesh,27.0844,93.6053,03:47,11:08,14:35,17:12,18:25,2025-09-22
India,Arunachal Pradesh,27.0844,93.6053,03:47,11:08,14:34,17:11,18:24,2025-09-23
India,Arunachal Pradesh,27.0844,93.6053,03:48,11:07,14:34,17:10,18:22,2025-09-24
India,Arunachal Pradesh,27.0844,93.6053,03:48,11:07,14:33,17:08,18:21,2025-09-25
India,Arunachal Pradesh,27.0844,93.6053,03:49,11:07,14:32,17:07,18:20,2025-09-26
India,Arunachal Pradesh,27.0844,93.6053,03:49,11:06,14:32,17:06,18:19,2025-09-27
India,Arunachal Pradesh,27.0844,93.6053,03:50,11:06,14:31,17:05,18:18,2025-09-28
India,Arunachal Pradesh,27.0844,93.6053,03:50,11:06,14:30,17:04,18:17,2025-09-29
India,Arunachal Pradesh,27.0844,93.6053,03:51,11:05,14:30,17:03,18:15,2025-09-30
India,Arunachal Pradesh,27.0844,93.6053,03:51,11:05,14:29,17:02,18:14,2025-10-01
India,Arunachal Pradesh,27.0844,93.6053,03:52,11:05,14:28,17:01,18:13,2025-10-02
India,Arunachal Pradesh,27.0844,93.6053,03:52,11:04,14:27,16:59,18:12,2025-10-03
India,Arunachal Pradesh,27.0844,93.6053,03:53,11:04,14:27,16:58,18:11,2025-10-04
India,Arunachal Pradesh,27.0844,93.6053,03:53,11:04,14:26,16:57,18:10,2025-10-05
India,Arunachal Pradesh,27.0844,93.6053,03:54,11:04,14:25,16:56,18:09,2025-10-06
India,Arunachal Pradesh,27.0844,93.6053,03:54,11:03,14:25,16:55,18:08,2025-10-07
India,Arunachal Pradesh,27.0844,93.6053,03:55,11:03,14:24,16:54,18:07,2025-10-08
India,Arunachal Pradesh,27.0844,93.6053,03:55,11:03,14:23,16:53,18:06,2025-10-09
India,Arunachal Pradesh,27.0844,93.6053,03:56,11:02,14:23,16:52,18:05,2025-10-10
India,Arunachal Pradesh,27.0844,93.6053,03:56,11:02,14:22,16:51,18:04,2025-10-11
India,Arunachal Pradesh,27.0844,93.6053,03:57,11:02,14:21,16:50,18:03,2025-10-12
India,Arunachal Pradesh,27.0844,93.6053,03:57,11:02,14:21,16:49,18:02,2025-10-13
India,Arunachal Pradesh,27.0844,93.6053,03:58,11:01,14:20,16:48,18:01,2025-10-14
India,Arunachal Pradesh,27.0844,93.6053,03:58,11:01,14:19,16:47,18:00,2025-10-15
India,Arunachal Pradesh,27.0844,93.6053,03:59,11:01,14:19,16:46,17:59,2025-10-16
India,Arunachal Pradesh,27.0844,93.6053,03:59,11:01,14:18,16:45,17:58,2025-10-17
India,Arunachal Pradesh,27.0844,93.6053,04:00,11:01,14:17,16:44,17:57,2025-10-18
India,Arunachal Pradesh,27.0844,93.6053,04:00,11:00,14:17,16:43,17:56,2025-10-19
India,Arunachal Pradesh,27.0844,93.6053,04:01,11:00,14:16,16:42,17:55,2025-10-20
India,Arunachal Pradesh,27.0844,93.6053,04:01,11:00,14:15,16:41,17:55,2025-10-21
India,Arunachal Pradesh,27.0844,93.6053,04:02,11:00,14:15,16:40,17:54,2025-10-22
India,Arunachal Pradesh,27.0844,93.6053,04:02,11:00,14:14,16:39,17:53,2025-10-23
India,Arunachal Pradesh,27.0844,93.6053,04:03,11:00,14:13,16:39,17:52,2025-10-24
India,Arunachal Pradesh,27.0844,93.6053,04:03,11:00,14:13,16:38,17:51,2025-10-25
India,Arunachal Pradesh,27.0844,93.6053,04:04,10:59,14:12,16:37,17:51,2025-10-26
India,Arunachal Pradesh,27.0844,93.6053,04:04,10:59,14:12,16:36,17:50,2025-10-27
India,Arunachal Pradesh,27.0844,93.6053,04:05,10:59,14:11,16:35,17:49,2025-10-28
India,Arunachal Pradesh,27.0844,93.6053,04:05,10:59,14:11,16:34,17:49,2025-10-29
India,Arunachal Pradesh,27.0844,93.6053,04:06,10:59,14:10,16:34,17:48,2025-10-30
India,Arunachal Pradesh,27.0844,93.6053,04:07,10:59,14:09,16:33,17:47,2025-10-31
India,Arunachal Pradesh,27.0844,93.6053,04:07,10:59,14:09,16:32,17:47,2025-11-01
India,Arunachal Pradesh,27.0844,93.6053,04:08,10:59,14:08,16:32,17:46,2025-11-02
India,Arunachal Pradesh,27.0844,93.6053,04:08,10:59,14:08,16:31,17:45,2025-11-03
India,Arunachal Pradesh,27.0844,93.6053,04:09,10:59,14:07,16:30,17:45,2025-11-04
India,Arunachal Pradesh,27.0844,93.6053,04:09,10:59,14:07,16:30,17:44,2025-11-05
India,Arunachal Pradesh,27.0844,93.6053,04:10,10:59,14:07,16:29,17:44,2025-11-06
India,Arunachal Pradesh,27.0844,93.6053,04:11,10:59,14:06,16:28,17:43,2025-11-07
India,Arunachal Pradesh,27.0844,93.6053,04:11,10:59,14:06,16:28,17:43,2025-11-08
India,Arunachal Pradesh,27.0844,93.6053,04:12,10:59,14:05,16:27,17:42,2025-11-09
India,Arunachal Pradesh,27.0844,93.6053,04:13,11:00,14:05,16:27,17:42,2025-11-10
India,Arunachal Pradesh,27.0844,93.6053,04:13,11:00,14:05,16:26,17:42,2025-11-11
India,Arunachal Pradesh,27.0844,93.6053,04:14,11:00,14:04,16:26,17:41,2025-11-12
India,Arunachal Pradesh,27.0844,93.6053,04:14,11:00,14:04,16:25,17:41,2025-11-13
India,Arunachal Pradesh,27.0844,93.6053,04:15,11:00,14:04,16:25,17:41,2025-11-14
India,Arunachal Pradesh,27.0844,93.6053,04:16,11:00,14:03,16:24,17:40,2025-11-15
India,Arunachal Pradesh,27.0844,93.6053,04:16,11:00,14:03,16:24,17:40,2025-11-16
India,Arunachal Pradesh,27.0844,93.6053,04:17,11:01,14:03,16:24,17:40,2025-11-17
India,Arunachal Pradesh,27.0844,93.6053,04:18,11:01,14:03,16:23,17:40,2025-11-18
India,Arunachal Pradesh,27.0844,93.6053,04:18,11:01,14:02,16:23,17:39,2025-11-19
India,Arunachal Pradesh,27.0844,93.6053,04:19,11:01,14:02,16:23,17:39,2025-11-20
India,Arunachal Pradesh,27.0844,93.6053,04:19,11:02,14:02,16:23,17:39,2025-11-21
India,Arunachal Pradesh,27.0844,93.6053,04:20,11:02,14:02,16:22,17:39,2025-11-22
India,Arunachal Pradesh,27.0844,93.6053,04:21,11:02,14:02,16:22,17:39,2025-11-23
India,Arunachal Pradesh,27.0844,93.6053,04:21,11:02,14:02,16:22,17:39,2025-11-24
India,Arunachal Pradesh,27.0844,93.6053,04:22,11:03,14:02,16:22,17:39,2025-11-25
India,Arunachal Pradesh,27.0844,93.6053,04:23,11:03,14:02,16:22,17:39,2025-11-26
India,Arunachal Pradesh,27.0844,93.6053,04:23,11:03,14:02,16:22,17:39,2025-11-27
India,Arunachal Pradesh,27.0844,93.6053,04:24,11:04,14:02,16:21,17:39,2025-11-28
India,Arunachal Pradesh,27.0844,93.6053,04:25,11:04,14:02,16:21,17:39,2025-11-29
India,Arunachal Pradesh,27.0844,93.6053,04:25,11:04,14:02,16:21,17:39,2025-11-30
India,Arunachal Pradesh,27.0844,93.6053,04:26,11:05,14:02,16:21,17:39,2025-12-01
India,Arunachal Pradesh,27.0844,93.6053,04:27,11:05,14:02,16:21,17:39,2025-12-02
India,Arunachal Pradesh,27.0844,93.6053,04:27,11:06,14:02,16:21,17:39,2025-12-03
India,Arunachal Pradesh,27.0844,93.6053,04:28,11:06,14:02,16:22,17:39,2025-12-04
India,Arunachal Pradesh,27.0844,93.6053,04:29,11:06,14:02,16:22,17:39,2025-12-05
India,Arunachal Pradesh,27.0844,93.6053,04:29,11:07,14:03,16:22,17:40,2025-12-06
India,Arunachal Pradesh,27.0844,93.6053,04:30,11:07,14:03,16:22,17:40,2025-12-07
India,Arunachal Pradesh,27.0844,93.6053,04:30,11:08,14:03,16:22,17:40,2025-12-08
India,Arunachal Pradesh,27.0844,93.6053,04:31,11:08,14:03,16:22,17:40,2025-12-09
India,Arunachal Pradesh,27.0844,93.6053,04:32,11:09,14:03,16:23,17:41,2025-12-10
India,Arunachal Pradesh,27.0844,93.6053,04:32,11:09,14:04,16:23,17:41,2025-12-11
India,Arunachal Pradesh,27.0844,93.6053,04:33,11:10,14:04,16:23,17:41,2025-12-12
India,Arunachal Pradesh,27.0844,93.6053,04:34,11:10,14:04,16:24,17:42,2025-12-13
India,Arunachal Pradesh,27.0844,93.6053,04:34,11:10,14:05,16:24,17:42,2025-12-14
India,Arunachal Pradesh,27.0844,93.6053,04:35,11:11,14:05,16:24,17:43,2025-12-15
India,Arunachal Pradesh,27.0844,93.6053,04:35,11:11,14:06,16:25,17:43,2025-12-16
India,Arunachal Pradesh,27.0844,93.6053,04:36,11:12,14:06,16:25,17:43,2025-12-17
India,Arunachal Pradesh,27.0844,93.6053,04:36,11:12,14:06,16:25,17:44,2025-12-18
India,Arunachal Pradesh,27.0844,93.6053,04:37,11:13,14:07,16:26,17:44,2025-12-19
India,Arunachal Pradesh,27.0844,93.6053,04:37,11:13,14:07,16:26,17:45,2025-12-20
India,Arunachal Pradesh,27.0844,93.6053,04:38,11:14,14:08,16:27,17:45,2025-12-21
India,Arunachal Pradesh,27.0844,93.6053,04:38,11:14,14:08,16:27,17:46,2025-12-22
India,Arunachal Pradesh,27.0844,93.6053,04:39,11:15,14:09,16:28,17:46,2025-12-23
India,Arunachal Pradesh,27.0844,93.6053,04:39,11:15,14:09,16:28,17:47,2025-12-24
India,Arunachal Pradesh,27.0844,93.6053,04:40,11:16,14:10,16:29,17:47,2025-12-25
India,Arunachal Pradesh,27.0844,93.6053,04:40,11:16,14:11,16:30,17:48,2025-12-26
India,Arunachal Pradesh,27.0844,93.6053,04:41,11:17,14:11,16:30,17:48,2025-12-27
India,Arunachal Pradesh,27.0844,93.6053,04:41,11:17,14:12,16:31,17:49,2025-12-28
India,Arunachal Pradesh,27.0844,93.6053,04:41,11:18,14:12,16:31,17:50,2025-12-29
India,Arunachal Pradesh,27.0844,93.6053,04:42,11:18,14:13,16:32,17:50,2025-12-30
India,Arunachal Pradesh,27.0844,93.6053,04:42,11:19,14:14,16:33,17:51,2025-12-31
India,Assam,26.1445,91.7362,04:49,11:27,14:24,16:43,18:00,2025-01-01
India,Assam,26.1445,91.7362,04:49,11:27,14:24,16:44,18:01,2025-01-02
India,Assam,26.1445,91.7362,04:49,11:28,14:25,16:44,18:02,2025-01-03
India,Assam,26.1445,91.7362,04:49,11:28,14:26,16:45,18:02,2025-01-04
India,Assam,26.1445,91.7362,04:50,11:29,14:26,16:46,18:03,2025-01-05
India,Assam,26.1445,91.7362,04:50,11:29,14:27,16:47,18:04,2025-01-06
India,Assam,26.1445,91.7362,04:50,11:30,14:28,16:47,18:04,2025-01-07
India,Assam,26.1445,91.7362,04:50,11:30,14:28,16:48,18:05,2025-01-08
India,Assam,26.1445,91.7362,04:51,11:30,14:29,16:49,18:06,2025-01-09
India,Assam,26.1445,91.7362,04:51,11:31,14:30,16:49,18:06,2025-01-10
India,Assam,26.1445,91.7362,04:51,11:31,14:30,16:50,18:07,2025-01-11
India,Assam,26.1445,91.7362,04:51,11:32,14:31,16:51,18:08,2025-01-12
India,Assam,26.1445,91.7362,04:51,11:32,14:32,16:52,18:08,2025-01-13
India,Assam,26.1445,91.7362,04:51,11:32,14:32,16:53,18:09,2025-01-14
India,Assam,26.1445,91.7362,04:51,11:33,14:33,16:53,18:10,2025-01-15
India,Assam,26.1445,91.7362,04:51,11:33,14:34,16:54,18:10,2025-01-16
India,Assam,26.1445,91.7362,04:51,11:33,14:34,16:55,18:11,2025-01-17
India,Assam,26.1445,91.7362,04:51,11:34,14:35,16:56,18:12,2025-01-18
India,Assam,26.1445,91.7362,04:51,11:34,14:36,16:56,18:12,2025-01-19
India,Assam,26.1445,91.7362,04:51,11:34,14:37,16:57,18:13,2025-01-20
India,Assam,26.1445,91.7362,04:51,11:34,14:37,16:58,18:14,2025-01-21
India,Assam,26.1445,91.7362,04:51,11:35,14:38,16:59,18:14,2025-01-22
India,Assam,26.1445,91.7362,04:50,11:35,14:39,17:00,18:15,2025-01-23
India,Assam,26.1445,91.7362,04:50,11:35,14:39,17:00,18:16,2025-01-24
India,Assam,26.1445,91.7362,04:50,11:35,14:40,17:01,18:16,2025-01-25
India,Assam,26.1445,91.7362,04:50,11:36,14:40,17:02,18:17,2025-01-26
India,Assam,26.1445,91.7362,04:50,11:36,14:41,17:03,18:18,2025-01-27
India,Assam,26.1445,91.7362,04:49,11:36,14:42,17:03,18:18,2025-01-28
India,Assam,26.1445,91.7362,04:49,11:36,14:42,17:04,18:19,2025-01-29
India,Assam,26.1445,91.7362,04:49,11:36,14:43,17:05,18:20,2025-01-30
India,Assam,26.1445,91.7362,04:48,11:37,14:44,17:06,18:20,2025-01-31
India,Assam,26.1445,91.7362,04:48,11:37,14:44,17:06,18:21,2025-02-01
India,Assam,26.1445,91.7362,04:48,11:37,14:45,17:07,18:21,2025-02-02
India,Assam,26.1445,91.7362,04:47,11:37,14:45,17:08,18:22,2025-02-03
India,Assam,26.1445,91.7362,04:47,11:37,14:46,17:09,18:23,2025-02-04
India,Assam,26.1445,91.7362,04:46,11:37,14:46,17:09,18:23,2025-02-05
India,Assam,26.1445,91.7362,04:46,11:37,14:47,17:10,18:24,2025-02-06
India,Assam,26.1445,91.7362,04:45,11:37,14:47,17:11,18:25,2025-02-07
India,Assam,26.1445,91.7362,04:45,11:37,14:48,17:11,18:25,2025-02-08
India,Assam,26.1445,91.7362,04:44,11:37,14:48,17:12,18:26,2025-02-09
India,Assam,26.1445,91.7362,04:44,11:37,14:49,17:13,18:26,2025-02-10
India,Assam,26.1445,91.7362,04:43,11:37,14:49,17:13,18:27,2025-02-11
India,Assam,26.1445,91.7362,04:42,11:37,14:50,17:14,18:28,2025-02-12
India,Assam,26.1445,91.7362,04:42,11:37,14:50,17:15,18:28,2025-02-13
India,Assam,26.1445,91.7362,04:41,11:37,14:51,17:15,18:29,2025-02-14
India,Assam,26.1445,91.7362,04:41,11:37,14:51,17:16,18:29,2025-02-15
India,Assam,26.1445,91.7362,04:40,11:37,14:52,17:17,18:30,2025-02-16
India,Assam,26.1445,91.7362,04:39,11:37,14:52,17:17,18:30,2025-02-17
India,Assam,26.1445,91.7362,04:38,11:37,14:52,17:18,18:31,2025-02-18
India,Assam,26.1445,91.7362,04:38,11:37,14:53,17:19,18:32,2025-02-19
India,Assam,26.1445,91.7362,04:37,11:37,14:53,17:19,18:32,2025-02-20
India,Assam,26.1445,91.7362,04:36,11:37,14:53,17:20,18:33,2025-02-21
India,Assam,26.1445,91.7362,04:35,11:36,14:54,17:21,18:33,2025-02-22
India,Assam,26.1445,91.7362,04:34,11:36,14:54,17:21,18:34,2025-02-23
India,Assam,26.1445,91.7362,04:34,11:36,14:54,17:22,18:34,2025-02-24
India,Assam,26.1445,91.7362,04:33,11:36,14:54,17:22,18:35,2025-02-25
India,Assam,26.1445,91.7362,04:32,11:36,14:55,17:23,18:35,2025-02-26
India,Assam,26.1445,91.7362,04:31,11:36,14:55,17:23,18:36,2025-02-27
India,Assam,26.1445,91.7362,04:30,11:35,14:55,17:24,18:36,2025-02-28
India,Assam,26.1445,91.7362,04:29,11:35,14:55,17:25,18:37,2025-03-01
India,Assam,26.1445,91.7362,04:28,11:35,14:56,17:25,18:37,2025-03-02
India,Assam,26.1445,91.7362,04:27,11:35,14:56,17:26,18:38,2025-03-03
India,Assam,26.1445,91.7362,04:26,11:35,14:56,17:26,18:38,2025-03-04
India,Assam,26.1445,91.7362,04:25,11:34,14:56,17:27,18:39,2025-03-05
India,Assam,26.1445,91.7362,04:24,11:34,14:56,17:27,18:39,2025-03-06
India,Assam,26.1445,91.7362,04:23,11:34,14:56,17:28,18:40,2025-03-07
India,Assam,26.1445,91.7362,04:22,11:34,14:57,17:28,18:41,2025-03-08
India,Assam,26.1445,91.7362,04:21,11:33,14:57,17:29,18:41,2025-03-09
India,Assam,26.1445,91.7362,04:20,11:33,14:57,17:29,18:42,2025-03-10
India,Assam,26.1445,91.7362,04:19,11:33,14:57,17:30,18:42,2025-03-11
India,Assam,26.1445,91.7362,04:18,11:33,14:57,17:30,18:43,2025-03-12
India,Assam,26.1445,91.7362,04:17,11:32,14:57,17:31,18:43,2025-03-13
India,Assam,26.1445,91.7362,04:16,11:32,14:57,17:31,18:44,2025-03-14
India,Assam,26.1445,91.7362,04:15,11:32,14:57,17:32,18:44,2025-03-15
India,Assam,26.1445,91.7362,04:14,11:32,14:57,17:32,18:45,2025-03-16
India,Assam,26.1445,91.7362,04:13,11:31,14:57,17:33,18:45,2025-03-17
India,Assam,26.1445,91.7362,04:12,11:31,14:57,17:33,18:46,2025-03-18
India,Assam,26.1445,91.7362,04:11,11:31,14:57,17:34,18:46,2025-03-19
India,Assam,26.1445,91.7362,04:10,11:30,14:57,17:34,18:47,2025-03-20
India,Assam,26.1445,91.7362,04:08,11:30,14:57,17:35,18:47,2025-03-21
India,Assam,26.1445,91.7362,04:07,11:30,14:57,17:35,18:48,2025-03-22
India,Assam,26.1445,91.7362,04:06,11:29,14:57,17:36,18:48,2025-03-23
India,Assam,26.1445,91.7362,04:05,11:29,14:57,17:36,18:49,2025-03-24
India,Assam,26.1445,91.7362,04:04,11:29,14:57,17:37,18:49,2025-03-25
India,Assam,26.1445,91.7362,04:03,11:29,14:57,17:37,18:50,2025-03-26
India,Assam,26.1445,91.7362,04:02,11:28,14:57,17:38,18:50,2025-03-27
India,Assam,26.1445,91.7362,04:00,11:28,14:57,17:38,18:51,2025-03-28
India,Assam,26.1445,91.7362,03:59,11:28,14:56,17:39,18:52,2025-03-29
India,Assam,26.1445,91.7362,03:58,11:27,14:56,17:39,18:52,2025-03-30
India,Assam,26.1445,91.7362,03:57,11:27,14:56,17:40,18:53,2025-03-31
India,Assam,26.1445,91.7362,03:56,11:27,14:56,17:40,18:53,2025-04-01
India,Assam,26.1445,91.7362,03:55,11:26,14:56,17:41,18:54,2025-04-02
India,Assam,26.1445,91.7362,03:53,11:26,14:56,17:41,18:54,2025-04-03
India,Assam,26.1445,91.7362,03:52,11:26,14:56,17:41,18:55,2025-04-04
India,Assam,26.1445,91.7362,03:51,11:26,14:55,17:42,18:56,2025-04-05
India,Assam,26.1445,91.7362,03:50,11:25,14:55,17:42,18:56,2025-04-06
India,Assam,26.1445,91.7362,03:49,11:25,14:55,17:43,18:57,2025-04-07
India,Assam,26.1445,91.7362,03:47,11:25,14:55,17:43,18:57,2025-04-08
India,Assam,26.1445,91.7362,03:46,11:25,14:55,17:44,18:58,2025-04-09
India,Assam,26.1445,91.7362,03:45,11:24,14:55,17:44,18:59,2025-04-10
India,Assam,26.1445,91.7362,03:44,11:24,14:54,17:45,18:59,2025-04-11
India,Assam,26.1445,91.7362,03:43,11:24,14:54,17:45,19:00,2025-04-12
India,Assam,26.1445,91.7362,03:42,11:23,14:54,17:46,19:00,2025-04-13
India,Assam,26.1445,91.7362,03:41,11:23,14:54,17:46,19:01,2025-04-14
India,Assam,26.1445,91.7362,03:39,11:23,14:54,17:47,19:02,2025-04-15
India,Assam,26.1445,91.7362,03:38,11:23,14:53,17:47,19:02,2025-04-16
India,Assam,26.1445,91.7362,03:37,11:23,14:53,17:48,19:03,2025-04-17
India,Assam,26.1445,91.7362,03:36,11:22,14:53,17:48,19:04,2025-04-18
India,Assam,26.1445,91.7362,03:35,11:22,14:53,17:49,19:04,2025-04-19
India,Assam,26.1445,91.7362,03:34,11:22,14:53,17:49,19:05,2025-04-20
India,Assam,26.1445,91.7362,03:33,11:22,14:52,17:50,19:06,2025-04-21
India,Assam,26.1445,91.7362,03:32,11:21,14:52,17:50,19:06,2025-04-22
India,Assam,26.1445,91.7362,03:31,11:21,14:52,17:51,19:07,2025-04-23
India,Assam,26.1445,91.7362,03:30,11:21,14:52,17:51,19:08,2025-04-24
India,Assam,26.1445,91.7362,03:28,11:21,14:52,17:52,19:08,2025-04-25
India,Assam,26.1445,91.7362,03:27,11:21,14:51,17:52,19:09,2025-04-26
India,Assam,26.1445,91.7362,03:26,11:21,14:51,17:53,19:10,2025-04-27
India,Assam,26.1445,91.7362,03:25,11:20,14:51,17:53,19:11,2025-04-28
India,Assam,26.1445,91.7362,03:24,11:20,14:51,17:54,19:11,2025-04-29
India,Assam,26.1445,91.7362,03:23,11:20,14:50,17:54,19:12,2025-04-30
India,Assam,26.1445,91.7362,03:22,11:20,14:50,17:55,19:13,2025-05-01
India,Assam,26.1445,91.7362,03:21,11:20,14:50,17:55,19:14,2025-05-02
India,Assam,26.1445,91.7362,03:20,11:20,14:50,17:56,19:14,2025-05-03
India,Assam,26.1445,91.7362,03:20,11:20,14:50,17:56,19:15,2025-05-04
India,Assam,26.1445,91.7362,03:19,11:20,14:50,17:57,19:16,2025-05-05
India,Assam,26.1445,91.7362,03:18,11:20,14:49,17:58,19:16,2025-05-06
India,Assam,26.1445,91.7362,03:17,11:20,14:49,17:58,19:17,2025-05-07
India,Assam,26.1445,91.7362,03:16,11:20,14:49,17:59,19:18,2025-05-08
India,Assam,26.1445,91.7362,03:15,11:19,14:49,17:59,19:19,2025-05-09
India,Assam,26.1445,91.7362,03:14,11:19,14:49,18:00,19:19,2025-05-10
India,Assam,26.1445,91.7362,03:13,11:19,14:49,18:00,19:20,2025-05-11
India,Assam,26.1445,91.7362,03:13,11:19,14:48,18:01,19:21,2025-05-12
India,Assam,26.1445,91.7362,03:12,11:19,14:48,18:01,19:22,2025-05-13
India,Assam,26.1445,91.7362,03:11,11:19,14:48,18:02,19:22,2025-05-14
India,Assam,26.1445,91.7362,03:10,11:19,14:48,18:02,19:23,2025-05-15
India,Assam,26.1445,91.7362,03:10,11:19,14:48,18:03,19:24,2025-05-16
India,Assam,26.1445,91.7362,03:09,11:19,14:48,18:04,19:25,2025-05-17
India,Assam,26.1445,91.7362,03:08,11:20,14:48,18:04,19:25,2025-05-18
India,Assam,26.1445,91.7362,03:08,11:20,14:48,18:05,19:26,2025-05-19
India,Assam,26.1445,91.7362,03:07,11:20,14:48,18:05,19:27,2025-05-20
India,Assam,26.1445,91.7362,03:06,11:20,14:47,18:06,19:28,2025-05-21
India,Assam,26.1445,91.7362,03:06,11:20,14:47,18:06,19:28,2025-05-22
India,Assam,26.1445,91.7362,03:05,11:20,14:47,18:07,19:29,2025-05-23
India,Assam,26.1445,91.7362,03:05,11:20,14:47,18:07,19:30,2025-05-24
India,Assam,26.1445,91.7362,03:04,11:20,14:47,18:08,19:30,2025-05-25
India,Assam,26.1445,91.7362,03:04,11:20,14:47,18:08,19:31,2025-05-26
India,Assam,26.1445,91.7362,03:03,11:20,14:47,18:09,19:32,2025-05-27
India,Assam,26.1445,91.7362,03:03,11:20,14:47,18:09,19:32,2025-05-28
India,Assam,26.1445,91.7362,03:03,11:21,14:47,18:10,19:33,2025-05-29
India,Assam,26.1445,91.7362,03:02,11:21,14:47,18:10,19:34,2025-05-30
India,Assam,26.1445,91.7362,03:02,11:21,14:47,18:11,19:34,2025-05-31
India,Assam,26.1445,91.7362,03:02,11:21,14:47,18:11,19:35,2025-06-01
India,Assam,26.1445,91.7362,03:01,11:21,14:47,18:12,19:35,2025-06-02
India,Assam,26.1445,91.7362,03:01,11:21,14:47,18:12,19:36,2025-06-03
India,Assam,26.1445,91.7362,03:01,11:21,14:47,18:13,19:37,2025-06-04
India,Assam,26.1445,91.7362,03:01,11:22,14:48,18:13,19:37,2025-06-05
India,Assam,26.1445,91.7362,03:00,11:22,14:48,18:13,19:38,2025-06-06
India,Assam,26.1445,91.7362,03:00,11:22,14:48,18:14,19:38,2025-06-07
India,Assam,26.1445,91.7362,03:00,11:22,14:48,18:14,19:39,2025-06-08
India,Assam,26.1445,91.7362,03:00,11:22,14:48,18:15,19:39,2025-06-09
India,Assam,26.1445,91.7362,03:00,11:23,14:48,18:15,19:40,2025-06-10
India,Assam,26.1445,91.7362,03:00,11:23,14:48,18:15,19:40,2025-06-11
India,Assam,26.1445,91.7362,03:00,11:23,14:48,18:16,19:41,2025-06-12
India,Assam,26.1445,91.7362,03:00,11:23,14:49,18:16,19:41,2025-06-13
India,Assam,26.1445,91.7362,03:00,11:23,14:49,18:16,19:41,2025-06-14
India,Assam,26.1445,91.7362,03:00,11:24,14:49,18:17,19:42,2025-06-15
India,Assam,26.1445,91.7362,03:00,11:24,14:49,18:17,19:42,2025-06-16
India,Assam,26.1445,91.7362,03:00,11:24,14:49,18:17,19:42,2025-06-17
India,Assam,26.1445,91.7362,03:00,11:24,14:49,18:18,19:43,2025-06-18
India,Assam,26.1445,91.7362,03:01,11:25,14:50,18:18,19:43,2025-06-19
India,Assam,26.1445,91.7362,03:01,11:25,14:50,18:18,19:43,2025-06-20
India,Assam,26.1445,91.7362,03:01,11:25,14:50,18:18,19:43,2025-06-21
India,Assam,26.1445,91.7362,03:01,11:25,14:50,18:18,19:44,2025-06-22
India,Assam,26.1445,91.7362,03:01,11:25,14:51,18:19,19:44,2025-06-23
India,Assam,26.1445,91.7362,03:02,11:26,14:51,18:19,19:44,2025-06-24
India,Assam,26.1445,91.7362,03:02,11:26,14:51,18:19,19:44,2025-06-25
India,Assam,26.1445,91.7362,03:02,11:26,14:51,18:19,19:44,2025-06-26
India,Assam,26.1445,91.7362,03:03,11:26,14:51,18:19,19:44,2025-06-27
India,Assam,26.1445,91.7362,03:03,11:26,14:52,18:19,19:44,2025-06-28
India,Assam,26.1445,91.7362,03:04,11:27,14:52,18:19,19:44,2025-06-29
India,Assam,26.1445,91.7362,03:04,11:27,14:52,18:19,19:44,2025-06-30
India,Assam,26.1445,91.7362,03:04,11:27,14:53,18:19,19:44,2025-07-01
India,Assam,26.1445,91.7362,03:05,11:27,14:53,18:19,19:44,2025-07-02
India,Assam,26.1445,91.7362,03:05,11:27,14:53,18:19,19:44,2025-07-03
India,Assam,26.1445,91.7362,03:06,11:28,14:53,18:19,19:44,2025-07-04
India,Assam,26.1445,91.7362,03:06,11:28,14:54,18:19,19:44,2025-07-05
India,Assam,26.1445,91.7362,03:07,11:28,14:54,18:19,19:43,2025-07-06
India,Assam,26.1445,91.7362,03:07,11:28,14:54,18:19,19:43,2025-07-07
India,Assam,26.1445,91.7362,03:08,11:28,14:54,18:19,19:43,2025-07-08
India,Assam,26.1445,91.7362,03:09,11:28,14:55,18:19,19:43,2025-07-09
India,Assam,26.1445,91.7362,03:09,11:29,14:55,18:19,19:42,2025-07-10
India,Assam,26.1445,91.7362,03:10,11:29,14:55,18:18,19:42,2025-07-11
India,Assam,26.1445,91.7362,03:10,11:29,14:55,18:18,19:42,2025-07-12
India,Assam,26.1445,91.7362,03:11,11:29,14:56,18:18,19:41,2025-07-13
India,Assam,26.1445,91.7362,03:12,11:29,14:56,18:18,19:41,2025-07-14
India,Assam,26.1445,91.7362,03:12,11:29,14:56,18:18,19:40,2025-07-15
India,Assam,26.1445,91.7362,03:13,11:29,14:56,18:17,19:40,2025-07-16
India,Assam,26.1445,91.7362,03:14,11:29,14:57,18:17,19:39,2025-07-17
India,Assam,26.1445,91.7362,03:14,11:29,14:57,18:17,19:39,2025-07-18
India,Assam,26.1445,91.7362,03:15,11:29,14:57,18:16,19:38,2025-07-19
India,Assam,26.1445,91.7362,03:16,11:29,14:57,18:16,19:38,2025-07-20
India,Assam,26.1445,91.7362,03:16,11:30,14:57,18:15,19:37,2025-07-21
India,Assam,26.1445,91.7362,03:17,11:30,14:57,18:15,19:37,2025-07-22
India,Assam,26.1445,91.7362,03:18,11:30,14:58,18:15,19:36,2025-07-23
India,Assam,26.1445,91.7362,03:19,11:30,14:58,18:14,19:35,2025-07-24
India,Assam,26.1445,91.7362,03:19,11:30,14:58,18:14,19:35,2025-07-25
India,Assam,26.1445,91.7362,03:20,11:30,14:58,18:13,19:34,2025-07-26
India,Assam,26.1445,91.7362,03:21,11:30,14:58,18:13,19:33,2025-07-27
India,Assam,26.1445,91.7362,03:21,11:30,14:58,18:12,19:33,2025-07-28
India,Assam,26.1445,91.7362,03:22,11:30,14:58,18:11,19:32,2025-07-29
India,Assam,26.1445,91.7362,03:23,11:29,14:58,18:11,19:31,2025-07-30
India,Assam,26.1445,91.7362,03:24,11:29,14:59,18:10,19:30,2025-07-31
India,Assam,26.1445,91.7362,03:24,11:29,14:59,18:10,19:29,2025-08-01
India,Assam,26.1445,91.7362,03:25,11:29,14:59,18:09,19:28,2025-08-02
India,Assam,26.1445,91.7362,03:26,11:29,14:59,18:08,19:28,2025-08-03
India,Assam,26.1445,91.7362,03:26,11:29,14:59,18:08,19:27,2025-08-04
India,Assam,26.1445,91.7362,03:27,11:29,14:59,18:07,19:26,2025-08-05
India,Assam,26.1445,91.7362,03:28,11:29,14:59,18:06,19:25,2025-08-06
India,Assam,26.1445,91.7362,03:29,11:29,14:59,18:05,19:24,2025-08-07
India,Assam,26.1445,91.7362,03:29,11:29,14:59,18:05,19:23,2025-08-08
India,Assam,26.1445,91.7362,03:30,11:29,14:59,18:04,19:22,2025-08-09
India,Assam,26.1445,91.7362,03:31,11:28,14:59,18:03,19:21,2025-08-10
India,Assam,26.1445,91.7362,03:31,11:28,14:58,18:02,19:20,2025-08-11
India,Assam,26.1445,91.7362,03:32,11:28,14:58,18:02,19:19,2025-08-12
India,Assam,26.1445,91.7362,03:33,11:28,14:58,18:01,19:18,2025-08-13
India,Assam,26.1445,91.7362,03:33,11:28,14:58,18:00,19:17,2025-08-14
India,Assam,26.1445,91.7362,03:34,11:27,14:58,17:59,19:16,2025-08-15
India,Assam,26.1445,91.7362,03:35,11:27,14:58,17:58,19:15,2025-08-16
India,Assam,26.1445,91.7362,03:35,11:27,14:58,17:57,19:14,2025-08-17
India,Assam,26.1445,91.7362,03:36,11:27,14:57,17:56,19:13,2025-08-18
India,Assam,26.1445,91.7362,03:37,11:27,14:57,17:55,19:12,2025-08-19
India,Assam,26.1445,91.7362,03:37,11:26,14:57,17:54,19:11,2025-08-20
India,Assam,26.1445,91.7362,03:38,11:26,14:57,17:54,19:09,2025-08-21
India,Assam,26.1445,91.7362,03:39,11:26,14:57,17:53,19:08,2025-08-22
India,Assam,26.1445,91.7362,03:39,11:26,14:56,17:52,19:07,2025-08-23
India,Assam,26.1445,91.7362,03:40,11:25,14:56,17:51,19:06,2025-08-24
India,Assam,26.1445,91.7362,03:40,11:25,14:56,17:50,19:05,2025-08-25
India,Assam,26.1445,91.7362,03:41,11:25,14:55,17:49,19:04,2025-08-26
India,Assam,26.1445,91.7362,03:42,11:24,14:55,17:48,19:03,2025-08-27
India,Assam,26.1445,91.7362,03:42,11:24,14:55,17:47,19:01,2025-08-28
India,Assam,26.1445,91.7362,03:43,11:24,14:54,17:46,19:00,2025-08-29
India,Assam,26.1445,91.7362,03:43,11:24,14:54,17:45,18:59,2025-08-30
India,Assam,26.1445,91.7362,03:44,11:23,14:54,17:44,18:58,2025-08-31
India,Assam,26.1445,91.7362,03:44,11:23,14:53,17:42,18:57,2025-09-01
India,Assam,26.1445,91.7362,03:45,11:23,14:53,17:41,18:55,2025-09-02
India,Assam,26.1445,91.7362,03:46,11:22,14:52,17:40,18:54,2025-09-03
India,Assam,26.1445,91.7362,03:46,11:22,14:52,17:39,18:53,2025-09-04
India,Assam,26.1445,91.7362,03:47,11:22,14:51,17:38,18:52,2025-09-05
India,Assam,26.1445,91.7362,03:47,11:21,14:51,17:37,18:51,2025-09-06
India,Assam,26.1445,91.7362,03:48,11:21,14:51,17:36,18:49,2025-09-07
India,Assam,26.1445,91.7362,03:48,11:21,14:50,17:35,18:48,2025-09-08
India,Assam,26.1445,91.7362,03:49,11:20,14:50,17:34,18:47,2025-09-09
India,Assam,26.1445,91.7362,03:49,11:20,14:49,17:33,18:46,2025-09-10
India,Assam,26.1445,91.7362,03:50,11:20,14:49,17:32,18:45,2025-09-11
India,Assam,26.1445,91.7362,03:50,11:19,14:48,17:30,18:43,2025-09-12
India,Assam,26.1445,91.7362,03:51,11:19,14:47,17:29,18:42,2025-09-13
India,Assam,26.1445,91.7362,03:51,11:18,14:47,17:28,18:41,2025-09-14
India,Assam,26.1445,91.7362,03:52,11:18,14:46,17:27,18:40,2025-09-15
India,Assam,26.1445,91.7362,03:52,11:18,14:46,17:26,18:39,2025-09-16
India,Assam,26.1445,91.7362,03:53,11:17,14:45,17:25,18:37,2025-09-17
India,Assam,26.1445,91.7362,03:53,11:17,14:45,17:24,18:36,2025-09-18
India,Assam,26.1445,91.7362,03:54,11:17,14:44,17:23,18:35,2025-09-19
India,Assam,26.1445,91.7362,03:54,11:16,14:43,17:22,18:34,2025-09-20
India,Assam,26.1445,91.7362,03:55,11:16,14:43,17:20,18:33,2025-09-21
India,Assam,26.1445,91.7362,03:55,11:16,14:42,17:19,18:32,2025-09-22
India,Assam,26.1445,91.7362,03:55,11:15,14:42,17:18,18:30,2025-09-23
India,Assam,26.1445,91.7362,03:56,11:15,14:41,17:17,18:29,2025-09-24
India,Assam,26.1445,91.7362,03:56,11:15,14:40,17:16,18:28,2025-09-25
India,Assam,26.1445,91.7362,03:57,11:14,14:40,17:15,18:27,2025-09-26
India,Assam,26.1445,91.7362,03:57,11:14,14:39,17:14,18:26,2025-09-27
India,Assam,26.1445,91.7362,03:58,11:14,14:38,17:13,18:25,2025-09-28
India,Assam,26.1445,91.7362,03:58,11:13,14:38,17:12,18:24,2025-09-29
India,Assam,26.1445,91.7362,03:59,11:13,14:37,17:10,18:23,2025-09-30
India,Assam,26.1445,91.7362,03:59,11:13,14:36,17:09,18:21,2025-10-01
India,Assam,26.1445,91.7362,04:00,11:12,14:36,17:08,18:20,2025-10-02
India,Assam,26.1445,91.7362,04:00,11:12,14:35,17:07,18:19,2025-10-03
India,Assam,26.1445,91.7362,04:00,11:12,14:34,17:06,18:18,2025-10-04
India,Assam,26.1445,91.7362,04:01,11:11,14:34,17:05,18:17,2025-10-05
India,Assam,26.1445,91.7362,04:01,11:11,14:33,17:04,18:16,2025-10-06
India,Assam,26.1445,91.7362,04:02,11:11,14:32,17:03,18:15,2025-10-07
India,Assam,26.1445,91.7362,04:02,11:10,14:32,17:02,18:14,2025-10-08
India,Assam,26.1445,91.7362,04:03,11:10,14:31,17:01,18:13,2025-10-09
India,Assam,26.1445,91.7362,04:03,11:10,14:30,17:00,18:12,2025-10-10
India,Assam,26.1445,91.7362,04:04,11:10,14:30,16:59,18:11,2025-10-11
India,Assam,26.1445,91.7362,04:04,11:09,14:29,16:58,18:10,2025-10-12
India,Assam,26.1445,91.7362,04:05,11:09,14:28,16:57,18:09,2025-10-13
India,Assam,26.1445,91.7362,04:05,11:09,14:28,16:56,18:08,2025-10-14
India,Assam,26.1445,91.7362,04:06,11:09,14:27,16:55,18:07,2025-10-15
India,Assam,26.1445,91.7362,04:06,11:09,14:27,16:54,18:07,2025-10-16
India,Assam,26.1445,91.7362,04:06,11:08,14:26,16:53,18:06,2025-10-17
India,Assam,26.1445,91.7362,04:07,11:08,14:25,16:52,18:05,2025-10-18
India,Assam,26.1445,91.7362,04:07,11:08,14:25,16:51,18:04,2025-10-19
India,Assam,26.1445,91.7362,04:08,11:08,14:24,16:50,18:03,2025-10-20
India,Assam,26.1445,91.7362,04:08,11:08,14:23,16:50,18:02,2025-10-21
India,Assam,26.1445,91.7362,04:09,11:07,14:23,16:49,18:02,2025-10-22
India,Assam,26.1445,91.7362,04:09,11:07,14:22,16:48,18:01,2025-10-23
India,Assam,26.1445,91.7362,04:10,11:07,14:22,16:47,18:00,2025-10-24
India,Assam,26.1445,91.7362,04:10,11:07,14:21,16:46,17:59,2025-10-25
India,Assam,26.1445,91.7362,04:11,11:07,14:21,16:45,17:59,2025-10-26
India,Assam,26.1445,91.7362,04:11,11:07,14:20,16:45,17:58,2025-10-27
India,Assam,26.1445,91.7362,04:12,11:07,14:19,16:44,17:57,2025-10-28
India,Assam,26.1445,91.7362,04:12,11:07,14:19,16:43,17:57,2025-10-29
India,Assam,26.1445,91.7362,04:13,11:07,14:18,16:42,17:56,2025-10-30
India,Assam,26.1445,91.7362,04:14,11:07,14:18,16:42,17:55,2025-10-31
India,Assam,26.1445,91.7362,04:14,11:07,14:17,16:41,17:55,2025-11-01
India,Assam,26.1445,91.7362,04:15,11:07,14:17,16:40,17:54,2025-11-02
India,Assam,26.1445,91.7362,04:15,11:07,14:16,16:40,17:54,2025-11-03
India,Assam,26.1445,91.7362,04:16,11:07,14:16,16:39,17:53,2025-11-04
India,Assam,26.1445,91.7362,04:16,11:07,14:16,16:38,17:53,2025-11-05
India,Assam,26.1445,91.7362,04:17,11:07,14:15,16:38,17:52,2025-11-06
India,Assam,26.1445,91.7362,04:17,11:07,14:15,16:37,17:52,2025-11-07
India,Assam,26.1445,91.7362,04:18,11:07,14:14,16:37,17:51,2025-11-08
India,Assam,26.1445,91.7362,04:19,11:07,14:14,16:36,17:51,2025-11-09
India,Assam,26.1445,91.7362,04:19,11:07,14:14,16:36,17:50,2025-11-10
India,Assam,26.1445,91.7362,04:20,11:07,14:13,16:35,17:50,2025-11-11
India,Assam,26.1445,91.7362,04:20,11:07,14:13,16:35,17:50,2025-11-12
India,Assam,26.1445,91.7362,04:21,11:07,14:13,16:34,17:49,2025-11-13
India,Assam,26.1445,91.7362,04:22,11:08,14:12,16:34,17:49,2025-11-14
India,Assam,26.1445,91.7362,04:22,11:08,14:12,16:33,17:49,2025-11-15
India,Assam,26.1445,91.7362,04:23,11:08,14:12,16:33,17:48,2025-11-16
India,Assam,26.1445,91.7362,04:23,11:08,14:12,16:33,17:48,2025-11-17
India,Assam,26.1445,91.7362,04:24,11:08,14:12,16:32,17:48,2025-11-18
India,Assam,26.1445,91.7362,04:25,11:09,14:11,16:32,17:48,2025-11-19
India,Assam,26.1445,91.7362,04:25,11:09,14:11,16:32,17:48,2025-11-20
India,Assam,26.1445,91.7362,04:26,11:09,14:11,16:32,17:48,2025-11-21
India,Assam,26.1445,91.7362,04:27,11:09,14:11,16:31,17:47,2025-11-22
India,Assam,26.1445,91.7362,04:27,11:10,14:11,16:31,17:47,2025-11-23
India,Assam,26.1445,91.7362,04:28,11:10,14:11,16:31,17:47,2025-11-24
India,Assam,26.1445,91.7362,04:28,11:10,14:11,16:31,17:47,2025-11-25
India,Assam,26.1445,91.7362,04:29,11:10,14:11,16:31,17:47,2025-11-26
India,Assam,26.1445,91.7362,04:30,11:11,14:11,16:31,17:47,2025-11-27
India,Assam,26.1445,91.7362,04:30,11:11,14:11,16:31,17:47,2025-11-28
India,Assam,26.1445,91.7362,04:31,11:12,14:11,16:31,17:47,2025-11-29
India,Assam,26.1445,91.7362,04:32,11:12,14:11,16:31,17:47,2025-11-30
India,Assam,26.1445,91.7362,04:32,11:12,14:11,16:31,17:48,2025-12-01
India,Assam,26.1445,91.7362,04:33,11:13,14:11,16:31,17:48,2025-12-02
India,Assam,26.1445,91.7362,04:34,11:13,14:11,16:31,17:48,2025-12-03
India,Assam,26.1445,91.7362,04:34,11:13,14:11,16:31,17:48,2025-12-04
India,Assam,26.1445,91.7362,04:35,11:14,14:12,16:31,17:48,2025-12-05
India,Assam,26.1445,91.7362,04:35,11:14,14:12,16:31,17:48,2025-12-06
India,Assam,26.1445,91.7362,04:36,11:15,14:12,16:31,17:49,2025-12-07
India,Assam,26.1445,91.7362,04:37,11:15,14:12,16:32,17:49,2025-12-08
India,Assam,26.1445,91.7362,04:37,11:16,14:12,16:32,17:49,2025-12-09
India,Assam,26.1445,91.7362,04:38,11:16,14:13,16:32,17:50,2025-12-10
India,Assam,26.1445,91.7362,04:38,11:17,14:13,16:32,17:50,2025-12-11
India,Assam,26.1445,91.7362,04:39,11:17,14:13,16:33,17:50,2025-12-12
India,Assam,26.1445,91.7362,04:40,11:17,14:14,16:33,17:51,2025-12-13
India,Assam,26.1445,91.7362,04:40,11:18,14:14,16:33,17:51,2025-12-14
India,Assam,26.1445,91.7362,04:41,11:18,14:14,16:34,17:51,2025-12-15
India,Assam,26.1445,91.7362,04:41,11:19,14:15,16:34,17:52,2025-12-16
India,Assam,26.1445,91.7362,04:42,11:19,14:15,16:35,17:52,2025-12-17
India,Assam,26.1445,91.7362,04:42,11:20,14:16,16:35,17:53,2025-12-18
India,Assam,26.1445,91.7362,04:43,11:20,14:16,16:35,17:53,2025-12-19
India,Assam,26.1445,91.7362,04:43,11:21,14:17,16:36,17:54,2025-12-20
India,Assam,26.1445,91.7362,04:44,11:21,14:17,16:36,17:54,2025-12-21
India,Assam,26.1445,91.7362,04:44,11:22,14:18,16:37,17:55,2025-12-22
India,Assam,26.1445,91.7362,04:45,11:22,14:18,16:37,17:55,2025-12-23
India,Assam,26.1445,91.7362,04:45,11:23,14:19,16:38,17:56,2025-12-24
India,Assam,26.1445,91.7362,04:46,11:23,14:19,16:39,17:56,2025-12-25
India,Assam,26.1445,91.7362,04:46,11:24,14:20,16:39,17:57,2025-12-26
India,Assam,26.1445,91.7362,04:47,11:24,14:20,16:40,17:57,2025-12-27
India,Assam,26.1445,91.7362,04:47,11:25,14:21,16:40,17:58,2025-12-28
India,Assam,26.1445,91.7362,04:47,11:25,14:22,16:41,17:58,2025-12-29
India,Assam,26.1445,91.7362,04:48,11:26,14:22,16:42,17:59,2025-12-30
India,Assam,26.1445,91.7362,04:48,11:26,14:23,16:42,18:00,2025-12-31
India,Bihar,25.5941,85.1376,05:14,11:53,14:51,17:11,18:28,2025-01-01
India,Bihar,25.5941,85.1376,05:15,11:54,14:52,17:11,18:28,2025-01-02
India,Bihar,25.5941,85.1376,05:15,11:54,14:52,17:12,18:29,2025-01-03
India,Bihar,25.5941,85.1376,05:15,11:55,14:53,17:13,18:29,2025-01-04
India,Bihar,25.5941,85.1376,05:15,11:55,14:54,17:13,18:30,2025-01-05
India,Bihar,25.5941,85.1376,05:16,11:56,14:54,17:14,18:31,2025-01-06
India,Bihar,25.5941,85.1376,05:16,11:56,14:55,17:15,18:31,2025-01-07
India,Bihar,25.5941,85.1376,05:16,11:56,14:56,17:15,18:32,2025-01-08
India,Bihar,25.5941,85.1376,05:16,11:57,14:56,17:16,18:33,2025-01-09
India,Bihar,25.5941,85.1376,05:16,11:57,14:57,17:17,18:33,2025-01-10
India,Bihar,25.5941,85.1376,05:16,11:58,14:58,17:18,18:34,2025-01-11
India,Bihar,25.5941,85.1376,05:17,11:58,14:58,17:18,18:35,2025-01-12
India,Bihar,25.5941,85.1376,05:17,11:58,14:59,17:19,18:35,2025-01-13
India,Bihar,25.5941,85.1376,05:17,11:59,15:00,17:20,18:36,2025-01-14
India,Bihar,25.5941,85.1376,05:17,11:59,15:00,17:21,18:37,2025-01-15
India,Bihar,25.5941,85.1376,05:17,11:59,15:01,17:21,18:37,2025-01-16
India,Bihar,25.5941,85.1376,05:17,12:00,15:02,17:22,18:38,2025-01-17
India,Bihar,25.5941,85.1376,05:17,12:00,15:02,17:23,18:39,2025-01-18
India,Bihar,25.5941,85.1376,05:17,12:00,15:03,17:24,18:39,2025-01-19
India,Bihar,25.5941,85.1376,05:17,12:01,15:04,17:25,18:40,2025-01-20
India,Bihar,25.5941,85.1376,05:17,12:01,15:04,17:25,18:41,2025-01-21
India,Bihar,25.5941,85.1376,05:16,12:01,15:05,17:26,18:41,2025-01-22
India,Bihar,25.5941,85.1376,05:16,12:01,15:06,17:27,18:42,2025-01-23
India,Bihar,25.5941,85.1376,05:16,12:02,15:06,17:28,18:43,2025-01-24
India,Bihar,25.5941,85.1376,05:16,12:02,15:07,17:28,18:43,2025-01-25
India,Bihar,25.5941,85.1376,05:16,12:02,15:08,17:29,18:44,2025-01-26
India,Bihar,25.5941,85.1376,05:15,12:02,15:08,17:30,18:45,2025-01-27
India,Bihar,25.5941,85.1376,05:15,12:02,15:09,17:31,18:45,2025-01-28
India,Bihar,25.5941,85.1376,05:15,12:03,15:09,17:31,18:46,2025-01-29
India,Bihar,25.5941,85.1376,05:15,12:03,15:10,17:32,18:46,2025-01-30
India,Bihar,25.5941,85.1376,05:14,12:03,15:11,17:33,18:47,2025-01-31
India,Bihar,25.5941,85.1376,05:14,12:03,15:11,17:34,18:48,2025-02-01
India,Bihar,25.5941,85.1376,05:14,12:03,15:12,17:34,18:48,2025-02-02
India,Bihar,25.5941,85.1376,05:13,12:03,15:12,17:35,18:49,2025-02-03
India,Bihar,25.5941,85.1376,05:13,12:03,15:13,17:36,18:50,2025-02-04
India,Bihar,25.5941,85.1376,05:12,12:03,15:13,17:36,18:50,2025-02-05
India,Bihar,25.5941,85.1376,05:12,12:04,15:14,17:37,18:51,2025-02-06
India,Bihar,25.5941,85.1376,05:11,12:04,15:14,17:38,18:51,2025-02-07
India,Bihar,25.5941,85.1376,05:11,12:04,15:15,17:38,18:52,2025-02-08
India,Bihar,25.5941,85.1376,05:10,12:04,15:15,17:39,18:52,2025-02-09
India,Bihar,25.5941,85.1376,05:10,12:04,15:16,17:40,18:53,2025-02-10
India,Bihar,25.5941,85.1376,05:09,12:04,15:16,17:41,18:54,2025-02-11
India,Bihar,25.5941,85.1376,05:09,12:04,15:17,17:41,18:54,2025-02-12
India,Bihar,25.5941,85.1376,05:08,12:04,15:17,17:42,18:55,2025-02-13
India,Bihar,25.5941,85.1376,05:07,12:04,15:18,17:42,18:55,2025-02-14
India,Bihar,25.5941,85.1376,05:07,12:04,15:18,17:43,18:56,2025-02-15
India,Bihar,25.5941,85.1376,05:06,12:03,15:18,17:44,18:56,2025-02-16
India,Bihar,25.5941,85.1376,05:05,12:03,15:19,17:44,18:57,2025-02-17
India,Bihar,25.5941,85.1376,05:05,12:03,15:19,17:45,18:58,2025-02-18
India,Bihar,25.5941,85.1376,05:04,12:03,15:19,17:46,18:58,2025-02-19
India,Bihar,25.5941,85.1376,05:03,12:03,15:20,17:46,18:59,2025-02-20
India,Bihar,25.5941,85.1376,05:02,12:03,15:20,17:47,18:59,2025-02-21
India,Bihar,25.5941,85.1376,05:02,12:03,15:20,17:47,19:00,2025-02-22
India,Bihar,25.5941,85.1376,05:01,12:03,15:21,17:48,19:00,2025-02-23
India,Bihar,25.5941,85.1376,05:00,12:03,15:21,17:49,19:01,2025-02-24
India,Bihar,25.5941,85.1376,04:59,12:02,15:21,17:49,19:01,2025-02-25
India,Bihar,25.5941,85.1376,04:58,12:02,15:21,17:50,19:02,2025-02-26
India,Bihar,25.5941,85.1376,04:57,12:02,15:22,17:50,19:02,2025-02-27
India,Bihar,25.5941,85.1376,04:57,12:02,15:22,17:51,19:03,2025-02-28
India,Bihar,25.5941,85.1376,04:56,12:02,15:22,17:51,19:03,2025-03-01
India,Bihar,25.5941,85.1376,04:55,12:01,15:22,17:52,19:04,2025-03-02
India,Bihar,25.5941,85.1376,04:54,12:01,15:22,17:52,19:04,2025-03-03
India,Bihar,25.5941,85.1376,04:53,12:01,15:23,17:53,19:05,2025-03-04
India,Bihar,25.5941,85.1376,04:52,12:01,15:23,17:53,19:05,2025-03-05
India,Bihar,25.5941,85.1376,04:51,12:01,15:23,17:54,19:06,2025-03-06
India,Bihar,25.5941,85.1376,04:50,12:00,15:23,17:54,19:06,2025-03-07
India,Bihar,25.5941,85.1376,04:49,12:00,15:23,17:55,19:07,2025-03-08
India,Bihar,25.5941,85.1376,04:48,12:00,15:23,17:55,19:07,2025-03-09
India,Bihar,25.5941,85.1376,04:47,12:00,15:23,17:56,19:08,2025-03-10
India,Bihar,25.5941,85.1376,04:46,11:59,15:23,17:56,19:08,2025-03-11
India,Bihar,25.5941,85.1376,04:45,11:59,15:23,17:57,19:09,2025-03-12
India,Bihar,25.5941,85.1376,04:44,11:59,15:23,17:57,19:09,2025-03-13
India,Bihar,25.5941,85.1376,04:43,11:59,15:23,17:58,19:10,2025-03-14
India,Bihar,25.5941,85.1376,04:42,11:58,15:23,17:58,19:10,2025-03-15
India,Bihar,25.5941,85.1376,04:41,11:58,15:23,17:59,19:11,2025-03-16
India,Bihar,25.5941,85.1376,04:40,11:58,15:23,17:59,19:11,2025-03-17
India,Bihar,25.5941,85.1376,04:39,11:57,15:23,18:00,19:12,2025-03-18
India,Bihar,25.5941,85.1376,04:37,11:57,15:23,18:00,19:12,2025-03-19
India,Bihar,25.5941,85.1376,04:36,11:57,15:23,18:01,19:13,2025-03-20
India,Bihar,25.5941,85.1376,04:35,11:56,15:23,18:01,19:13,2025-03-21
India,Bihar,25.5941,85.1376,04:34,11:56,15:23,18:02,19:14,2025-03-22
India,Bihar,25.5941,85.1376,04:33,11:56,15:23,18:02,19:14,2025-03-23
India,Bihar,25.5941,85.1376,04:32,11:56,15:23,18:03,19:15,2025-03-24
India,Bihar,25.5941,85.1376,04:31,11:55,15:23,18:03,19:15,2025-03-25
India,Bihar,25.5941,85.1376,04:30,11:55,15:23,18:03,19:16,2025-03-26
India,Bihar,25.5941,85.1376,04:28,11:55,15:23,18:04,19:16,2025-03-27
India,Bihar,25.5941,85.1376,04:27,11:54,15:23,18:04,19:17,2025-03-28
India,Bihar,25.5941,85.1376,04:26,11:54,15:22,18:05,19:17,2025-03-29
India,Bihar,25.5941,85.1376,04:25,11:54,15:22,18:05,19:18,2025-03-30
India,Bihar,25.5941,85.1376,04:24,11:53,15:22,18:06,19:18,2025-03-31
India,Bihar,25.5941,85.1376,04:23,11:53,15:22,18:06,19:19,2025-04-01
India,Bihar,25.5941,85.1376,04:22,11:53,15:22,18:07,19:20,2025-04-02
India,Bihar,25.5941,85.1376,04:20,11:53,15:22,18:07,19:20,2025-04-03
India,Bihar,25.5941,85.1376,04:19,11:52,15:22,18:08,19:21,2025-04-04
India,Bihar,25.5941,85.1376,04:18,11:52,15:21,18:08,19:21,2025-04-05
India,Bihar,25.5941,85.1376,04:17,11:52,15:21,18:08,19:22,2025-04-06
India,Bihar,25.5941,85.1376,04:16,11:51,15:21,18:09,19:22,2025-04-07
India,Bihar,25.5941,85.1376,04:15,11:51,15:21,18:09,19:23,2025-04-08
India,Bihar,25.5941,85.1376,04:14,11:51,15:21,18:10,19:24,2025-04-09
India,Bihar,25.5941,85.1376,04:12,11:51,15:20,18:10,19:24,2025-04-10
India,Bihar,25.5941,85.1376,04:11,11:50,15:20,18:11,19:25,2025-04-11
India,Bihar,25.5941,85.1376,04:10,11:50,15:20,18:11,19:25,2025-04-12
India,Bihar,25.5941,85.1376,04:09,11:50,15:20,18:12,19:26,2025-04-13
India,Bihar,25.5941,85.1376,04:08,11:50,15:20,18:12,19:27,2025-04-14
India,Bihar,25.5941,85.1376,04:07,11:49,15:19,18:13,19:27,2025-04-15
India,Bihar,25.5941,85.1376,04:06,11:49,15:19,18:13,19:28,2025-04-16
India,Bihar,25.5941,85.1376,04:05,11:49,15:19,18:14,19:28,2025-04-17
India,Bihar,25.5941,85.1376,04:03,11:49,15:19,18:14,19:29,2025-04-18
India,Bihar,25.5941,85.1376,04:02,11:48,15:18,18:15,19:30,2025-04-19
India,Bihar,25.5941,85.1376,04:01,11:48,15:18,18:15,19:30,2025-04-20
India,Bihar,25.5941,85.1376,04:00,11:48,15:18,18:15,19:31,2025-04-21
India,Bihar,25.5941,85.1376,03:59,11:48,15:18,18:16,19:32,2025-04-22
India,Bihar,25.5941,85.1376,03:58,11:48,15:17,18:16,19:32,2025-04-23
India,Bihar,25.5941,85.1376,03:57,11:48,15:17,18:17,19:33,2025-04-24
India,Bihar,25.5941,85.1376,03:56,11:47,15:17,18:17,19:34,2025-04-25
India,Bihar,25.5941,85.1376,03:55,11:47,15:17,18:18,19:34,2025-04-26
India,Bihar,25.5941,85.1376,03:54,11:47,15:17,18:18,19:35,2025-04-27
India,Bihar,25.5941,85.1376,03:53,11:47,15:16,18:19,19:36,2025-04-28
India,Bihar,25.5941,85.1376,03:52,11:47,15:16,18:19,19:37,2025-04-29
India,Bihar,25.5941,85.1376,03:51,11:47,15:16,18:20,19:37,2025-04-30
India,Bihar,25.5941,85.1376,03:50,11:47,15:16,18:21,19:38,2025-05-01
India,Bihar,25.5941,85.1376,03:49,11:46,15:15,18:21,19:39,2025-05-02
India,Bihar,25.5941,85.1376,03:48,11:46,15:15,18:22,19:39,2025-05-03
India,Bihar,25.5941,85.1376,03:47,11:46,15:15,18:22,19:40,2025-05-04
India,Bihar,25.5941,85.1376,03:46,11:46,15:15,18:23,19:41,2025-05-05
India,Bihar,25.5941,85.1376,03:46,11:46,15:15,18:23,19:42,2025-05-06
India,Bihar,25.5941,85.1376,03:45,11:46,15:14,18:24,19:42,2025-05-07
India,Bihar,25.5941,85.1376,03:44,11:46,15:14,18:24,19:43,2025-05-08
India,Bihar,25.5941,85.1376,03:43,11:46,15:14,18:25,19:44,2025-05-09
India,Bihar,25.5941,85.1376,03:42,11:46,15:14,18:25,19:44,2025-05-10
India,Bihar,25.5941,85.1376,03:41,11:46,15:14,18:26,19:45,2025-05-11
India,Bihar,25.5941,85.1376,03:41,11:46,15:14,18:26,19:46,2025-05-12
India,Bihar,25.5941,85.1376,03:40,11:46,15:13,18:27,19:47,2025-05-13
India,Bihar,25.5941,85.1376,03:39,11:46,15:13,18:27,19:47,2025-05-14
India,Bihar,25.5941,85.1376,03:38,11:46,15:13,18:28,19:48,2025-05-15
India,Bihar,25.5941,85.1376,03:38,11:46,15:13,18:28,19:49,2025-05-16
India,Bihar,25.5941,85.1376,03:37,11:46,15:13,18:29,19:49,2025-05-17
India,Bihar,25.5941,85.1376,03:36,11:46,15:13,18:29,19:50,2025-05-18
India,Bihar,25.5941,85.1376,03:36,11:46,15:13,18:30,19:51,2025-05-19
India,Bihar,25.5941,85.1376,03:35,11:46,15:13,18:31,19:52,2025-05-20
India,Bihar,25.5941,85.1376,03:35,11:46,15:13,18:31,19:52,2025-05-21
India,Bihar,25.5941,85.1376,03:34,11:46,15:12,18:32,19:53,2025-05-22
India,Bihar,25.5941,85.1376,03:33,11:46,15:12,18:32,19:54,2025-05-23
India,Bihar,25.5941,85.1376,03:33,11:46,15:12,18:33,19:54,2025-05-24
India,Bihar,25.5941,85.1376,03:32,11:46,15:12,18:33,19:55,2025-05-25
India,Bihar,25.5941,85.1376,03:32,11:47,15:12,18:34,19:56,2025-05-26
India,Bihar,25.5941,85.1376,03:32,11:47,15:12,18:34,19:56,2025-05-27
India,Bihar,25.5941,85.1376,03:31,11:47,15:12,18:35,19:57,2025-05-28
India,Bihar,25.5941,85.1376,03:31,11:47,15:12,18:35,19:58,2025-05-29
India,Bihar,25.5941,85.1376,03:30,11:47,15:12,18:36,19:58,2025-05-30
India,Bihar,25.5941,85.1376,03:30,11:47,15:12,18:36,19:59,2025-05-31
India,Bihar,25.5941,85.1376,03:30,11:47,15:12,18:36,20:00,2025-06-01
India,Bihar,25.5941,85.1376,03:30,11:48,15:12,18:37,20:00,2025-06-02
India,Bihar,25.5941,85.1376,03:29,11:48,15:12,18:37,20:01,2025-06-03
India,Bihar,25.5941,85.1376,03:29,11:48,15:12,18:38,20:01,2025-06-04
India,Bihar,25.5941,85.1376,03:29,11:48,15:12,18:38,20:02,2025-06-05
India,Bihar,25.5941,85.1376,03:29,11:48,15:13,18:39,20:02,2025-06-06
India,Bihar,25.5941,85.1376,03:29,11:48,15:13,18:39,20:03,2025-06-07
India,Bihar,25.5941,85.1376,03:28,11:49,15:13,18:39,20:03,2025-06-08
India,Bihar,25.5941,85.1376,03:28,11:49,15:13,18:40,20:04,2025-06-09
India,Bihar,25.5941,85.1376,03:28,11:49,15:13,18:40,20:04,2025-06-10
India,Bihar,25.5941,85.1376,03:28,11:49,15:13,18:41,20:05,2025-06-11
India,Bihar,25.5941,85.1376,03:28,11:49,15:13,18:41,20:05,2025-06-12
India,Bihar,25.5941,85.1376,03:28,11:50,15:13,18:41,20:05,2025-06-13
India,Bihar,25.5941,85.1376,03:28,11:50,15:14,18:42,20:06,2025-06-14
India,Bihar,25.5941,85.1376,03:28,11:50,15:14,18:42,20:06,2025-06-15
India,Bihar,25.5941,85.1376,03:28,11:50,15:14,18:42,20:07,2025-06-16
India,Bihar,25.5941,85.1376,03:29,11:51,15:14,18:42,20:07,2025-06-17
India,Bihar,25.5941,85.1376,03:29,11:51,15:14,18:43,20:07,2025-06-18
India,Bihar,25.5941,85.1376,03:29,11:51,15:14,18:43,20:07,2025-06-19
India,Bihar,25.5941,85.1376,03:29,11:51,15:15,18:43,20:08,2025-06-20
India,Bihar,25.5941,85.1376,03:29,11:51,15:15,18:43,20:08,2025-06-21
India,Bihar,25.5941,85.1376,03:30,11:52,15:15,18:44,20:08,2025-06-22
India,Bihar,25.5941,85.1376,03:30,11:52,15:15,18:44,20:08,2025-06-23
India,Bihar,25.5941,85.1376,03:30,11:52,15:16,18:44,20:08,2025-06-24
India,Bihar,25.5941,85.1376,03:30,11:52,15:16,18:44,20:08,2025-06-25
India,Bihar,25.5941,85.1376,03:31,11:52,15:16,18:44,20:09,2025-06-26
India,Bihar,25.5941,85.1376,03:31,11:53,15:16,18:44,20:09,2025-06-27
India,Bihar,25.5941,85.1376,03:31,11:53,15:17,18:44,20:09,2025-06-28
India,Bihar,25.5941,85.1376,03:32,11:53,15:17,18:45,20:09,2025-06-29
India,Bihar,25.5941,85.1376,03:32,11:53,15:17,18:45,20:09,2025-06-30
India,Bihar,25.5941,85.1376,03:33,11:53,15:17,18:45,20:09,2025-07-01
India,Bihar,25.5941,85.1376,03:33,11:54,15:18,18:45,20:09,2025-07-02
India,Bihar,25.5941,85.1376,03:34,11:54,15:18,18:45,20:08,2025-07-03
India,Bihar,25.5941,85.1376,03:34,11:54,15:18,18:45,20:08,2025-07-04
India,Bihar,25.5941,85.1376,03:35,11:54,15:18,18:45,20:08,2025-07-05
India,Bihar,25.5941,85.1376,03:35,11:54,15:19,18:44,20:08,2025-07-06
India,Bihar,25.5941,85.1376,03:36,11:54,15:19,18:44,20:08,2025-07-07
India,Bihar,25.5941,85.1376,03:36,11:55,15:19,18:44,20:08,2025-07-08
India,Bihar,25.5941,85.1376,03:37,11:55,15:20,18:44,20:07,2025-07-09
India,Bihar,25.5941,85.1376,03:37,11:55,15:20,18:44,20:07,2025-07-10
India,Bihar,25.5941,85.1376,03:38,11:55,15:20,18:44,20:07,2025-07-11
India,Bihar,25.5941,85.1376,03:39,11:55,15:20,18:44,20:06,2025-07-12
India,Bihar,25.5941,85.1376,03:39,11:55,15:21,18:43,20:06,2025-07-13
India,Bihar,25.5941,85.1376,03:40,11:55,15:21,18:43,20:06,2025-07-14
India,Bihar,25.5941,85.1376,03:40,11:56,15:21,18:43,20:05,2025-07-15
India,Bihar,25.5941,85.1376,03:41,11:56,15:21,18:43,20:05,2025-07-16
India,Bihar,25.5941,85.1376,03:42,11:56,15:22,18:42,20:04,2025-07-17
India,Bihar,25.5941,85.1376,03:42,11:56,15:22,18:42,20:04,2025-07-18
India,Bihar,25.5941,85.1376,03:43,11:56,15:22,18:42,20:03,2025-07-19
India,Bihar,25.5941,85.1376,03:44,11:56,15:22,18:41,20:03,2025-07-20
India,Bihar,25.5941,85.1376,03:44,11:56,15:22,18:41,20:02,2025-07-21
India,Bihar,25.5941,85.1376,03:45,11:56,15:23,18:40,20:01,2025-07-22
India,Bihar,25.5941,85.1376,03:46,11:56,15:23,18:40,20:01,2025-07-23
India,Bihar,25.5941,85.1376,03:47,11:56,15:23,18:39,20:00,2025-07-24
India,Bihar,25.5941,85.1376,03:47,11:56,15:23,18:39,20:00,2025-07-25
India,Bihar,25.5941,85.1376,03:48,11:56,15:23,18:39,19:59,2025-07-26
India,Bihar,25.5941,85.1376,03:49,11:56,15:23,18:38,19:58,2025-07-27
India,Bihar,25.5941,85.1376,03:49,11:56,15:23,18:37,19:57,2025-07-28
India,Bihar,25.5941,85.1376,03:50,11:56,15:24,18:37,19:57,2025-07-29
India,Bihar,25.5941,85.1376,03:51,11:56,15:24,18:36,19:56,2025-07-30
India,Bihar,25.5941,85.1376,03:51,11:56,15:24,18:36,19:55,2025-07-31
India,Bihar,25.5941,85.1376,03:52,11:56,15:24,18:35,19:54,2025-08-01
India,Bihar,25.5941,85.1376,03:53,11:56,15:24,18:34,19:53,2025-08-02
India,Bihar,25.5941,85.1376,03:54,11:56,15:24,18:34,19:53,2025-08-03
India,Bihar,25.5941,85.1376,03:54,11:56,15:24,18:33,19:52,2025-08-04
India,Bihar,25.5941,85.1376,03:55,11:55,15:24,18:32,19:51,2025-08-05
India,Bihar,25.5941,85.1376,03:56,11:55,15:24,18:32,19:50,2025-08-06
India,Bihar,25.5941,85.1376,03:56,11:55,15:24,18:31,19:49,2025-08-07
India,Bihar,25.5941,85.1376,03:57,11:55,15:24,18:30,19:48,2025-08-08
India,Bihar,25.5941,85.1376,03:58,11:55,15:24,18:30,19:47,2025-08-09
India,Bihar,25.5941,85.1376,03:58,11:55,15:24,18:29,19:46,2025-08-10
India,Bihar,25.5941,85.1376,03:59,11:55,15:24,18:28,19:45,2025-08-11
India,Bihar,25.5941,85.1376,04:00,11:54,15:24,18:27,19:44,2025-08-12
India,Bihar,25.5941,85.1376,04:00,11:54,15:24,18:26,19:43,2025-08-13
India,Bihar,25.5941,85.1376,04:01,11:54,15:24,18:26,19:42,2025-08-14
India,Bihar,25.5941,85.1376,04:02,11:54,15:23,18:25,19:41,2025-08-15
India,Bihar,25.5941,85.1376,04:02,11:54,15:23,18:24,19:40,2025-08-16
India,Bihar,25.5941,85.1376,04:03,11:53,15:23,18:23,19:39,2025-08-17
India,Bihar,25.5941,85.1376,04:03,11:53,15:23,18:22,19:38,2025-08-18
India,Bihar,25.5941,85.1376,04:04,11:53,15:23,18:21,19:37,2025-08-19
India,Bihar,25.5941,85.1376,04:05,11:53,15:23,18:20,19:36,2025-08-20
India,Bihar,25.5941,85.1376,04:05,11:52,15:22,18:19,19:35,2025-08-21
India,Bihar,25.5941,85.1376,04:06,11:52,15:22,18:18,19:34,2025-08-22
India,Bihar,25.5941,85.1376,04:07,11:52,15:22,18:17,19:33,2025-08-23
India,Bihar,25.5941,85.1376,04:07,11:52,15:22,18:16,19:31,2025-08-24
India,Bihar,25.5941,85.1376,04:08,11:51,15:21,18:16,19:30,2025-08-25
India,Bihar,25.5941,85.1376,04:08,11:51,15:21,18:15,19:29,2025-08-26
India,Bihar,25.5941,85.1376,04:09,11:51,15:21,18:14,19:28,2025-08-27
India,Bihar,25.5941,85.1376,04:09,11:51,15:20,18:13,19:27,2025-08-28
India,Bihar,25.5941,85.1376,04:10,11:50,15:20,18:12,19:26,2025-08-29
India,Bihar,25.5941,85.1376,04:11,11:50,15:20,18:11,19:25,2025-08-30
India,Bihar,25.5941,85.1376,04:11,11:50,15:19,18:09,19:23,2025-08-31
India,Bihar,25.5941,85.1376,04:12,11:49,15:19,18:08,19:22,2025-09-01
India,Bihar,25.5941,85.1376,04:12,11:49,15:19,18:07,19:21,2025-09-02
India,Bihar,25.5941,85.1376,04:13,11:49,15:18,18:06,19:20,2025-09-03
India,Bihar,25.5941,85.1376,04:13,11:48,15:18,18:05,19:19,2025-09-04
India,Bihar,25.5941,85.1376,04:14,11:48,15:17,18:04,19:18,2025-09-05
India,Bihar,25.5941,85.1376,04:14,11:48,15:17,18:03,19:16,2025-09-06
India,Bihar,25.5941,85.1376,04:15,11:47,15:16,18:02,19:15,2025-09-07
India,Bihar,25.5941,85.1376,04:15,11:47,15:16,18:01,19:14,2025-09-08
India,Bihar,25.5941,85.1376,04:16,11:47,15:16,18:00,19:13,2025-09-09
India,Bihar,25.5941,85.1376,04:16,11:46,15:15,17:59,19:12,2025-09-10
India,Bihar,25.5941,85.1376,04:17,11:46,15:15,17:58,19:10,2025-09-11
India,Bihar,25.5941,85.1376,04:17,11:46,15:14,17:57,19:09,2025-09-12
India,Bihar,25.5941,85.1376,04:18,11:45,15:14,17:56,19:08,2025-09-13
India,Bihar,25.5941,85.1376,04:18,11:45,15:13,17:55,19:07,2025-09-14
India,Bihar,25.5941,85.1376,04:19,11:44,15:12,17:53,19:06,2025-09-15
India,Bihar,25.5941,85.1376,04:19,11:44,15:12,17:52,19:05,2025-09-16
India,Bihar,25.5941,85.1376,04:20,11:44,15:11,17:51,19:03,2025-09-17
India,Bihar,25.5941,85.1376,04:20,11:43,15:11,17:50,19:02,2025-09-18
India,Bihar,25.5941,85.1376,04:20,11:43,15:10,17:49,19:01,2025-09-19
India,Bihar,25.5941,85.1376,04:21,11:43,15:10,17:48,19:00,2025-09-20
India,Bihar,25.5941,85.1376,04:21,11:42,15:09,17:47,18:59,2025-09-21
India,Bihar,25.5941,85.1376,04:22,11:42,15:08,17:46,18:58,2025-09-22
India,Bihar,25.5941,85.1376,04:22,11:42,15:08,17:45,18:57,2025-09-23
India,Bihar,25.5941,85.1376,04:23,11:41,15:07,17:44,18:55,2025-09-24
India,Bihar,25.5941,85.1376,04:23,11:41,15:07,17:42,18:54,2025-09-25
India,Bihar,25.5941,85.1376,04:24,11:41,15:06,17:41,18:53,2025-09-26
India,Bihar,25.5941,85.1376,04:24,11:40,15:05,17:40,18:52,2025-09-27
India,Bihar,25.5941,85.1376,04:24,11:40,15:05,17:39,18:51,2025-09-28
India,Bihar,25.5941,85.1376,04:25,11:40,15:04,17:38,18:50,2025-09-29
India,Bihar,25.5941,85.1376,04:25,11:39,15:03,17:37,18:49,2025-09-30
India,Bihar,25.5941,85.1376,04:26,11:39,15:03,17:36,18:48,2025-10-01
India,Bihar,25.5941,85.1376,04:26,11:39,15:02,17:35,18:47,2025-10-02
India,Bihar,25.5941,85.1376,04:27,11:38,15:02,17:34,18:46,2025-10-03
India,Bihar,25.5941,85.1376,04:27,11:38,15:01,17:33,18:45,2025-10-04
India,Bihar,25.5941,85.1376,04:27,11:38,15:00,17:32,18:44,2025-10-05
India,Bihar,25.5941,85.1376,04:28,11:37,15:00,17:31,18:43,2025-10-06
India,Bihar,25.5941,85.1376,04:28,11:37,14:59,17:30,18:42,2025-10-07
India,Bihar,25.5941,85.1376,04:29,11:37,14:58,17:29,18:41,2025-10-08
India,Bihar,25.5941,85.1376,04:29,11:37,14:58,17:28,18:40,2025-10-09
India,Bihar,25.5941,85.1376,04:30,11:36,14:57,17:27,18:39,2025-10-10
India,Bihar,25.5941,85.1376,04:30,11:36,14:56,17:26,18:38,2025-10-11
India,Bihar,25.5941,85.1376,04:30,11:36,14:56,17:25,18:37,2025-10-12
India,Bihar,25.5941,85.1376,04:31,11:36,14:55,17:24,18:36,2025-10-13
India,Bihar,25.5941,85.1376,04:31,11:35,14:55,17:23,18:35,2025-10-14
India,Bihar,25.5941,85.1376,04:32,11:35,14:54,17:22,18:34,2025-10-15
India,Bihar,25.5941,85.1376,04:32,11:35,14:53,17:21,18:33,2025-10-16
India,Bihar,25.5941,85.1376,04:33,11:35,14:53,17:20,18:32,2025-10-17
India,Bihar,25.5941,85.1376,04:33,11:35,14:52,17:19,18:31,2025-10-18
India,Bihar,25.5941,85.1376,04:34,11:34,14:51,17:18,18:31,2025-10-19
India,Bihar,25.5941,85.1376,04:34,11:34,14:51,17:17,18:30,2025-10-20
India,Bihar,25.5941,85.1376,04:35,11:34,14:50,17:16,18:29,2025-10-21
India,Bihar,25.5941,85.1376,04:35,11:34,14:50,17:16,18:28,2025-10-22
India,Bihar,25.5941,85.1376,04:36,11:34,14:49,17:15,18:27,2025-10-23
India,Bihar,25.5941,85.1376,04:36,11:34,14:49,17:14,18:27,2025-10-24
India,Bihar,25.5941,85.1376,04:37,11:33,14:48,17:13,18:26,2025-10-25
India,Bihar,25.5941,85.1376,04:37,11:33,14:47,17:12,18:25,2025-10-26
India,Bihar,25.5941,85.1376,04:38,11:33,14:47,17:12,18:25,2025-10-27
India,Bihar,25.5941,85.1376,04:38,11:33,14:46,17:11,18:24,2025-10-28
India,Bihar,25.5941,85.1376,04:39,11:33,14:46,17:10,18:23,2025-10-29
India,Bihar,25.5941,85.1376,04:39,11:33,14:45,17:09,18:23,2025-10-30
India,Bihar,25.5941,85.1376,04:40,11:33,14:45,17:09,18:22,2025-10-31
India,Bihar,25.5941,85.1376,04:40,11:33,14:44,17:08,18:21,2025-11-01
India,Bihar,25.5941,85.1376,04:41,11:33,14:44,17:07,18:21,2025-11-02
India,Bihar,25.5941,85.1376,04:41,11:33,14:43,17:07,18:20,2025-11-03
India,Bihar,25.5941,85.1376,04:42,11:33,14:43,17:06,18:20,2025-11-04
India,Bihar,25.5941,85.1376,04:42,11:33,14:43,17:06,18:19,2025-11-05
India,Bihar,25.5941,85.1376,04:43,11:33,14:42,17:05,18:19,2025-11-06
India,Bihar,25.5941,85.1376,04:43,11:33,14:42,17:04,18:18,2025-11-07
India,Bihar,25.5941,85.1376,04:44,11:33,14:41,17:04,18:18,2025-11-08
India,Bihar,25.5941,85.1376,04:45,11:33,14:41,17:03,18:18,2025-11-09
India,Bihar,25.5941,85.1376,04:45,11:33,14:41,17:03,18:17,2025-11-10
India,Bihar,25.5941,85.1376,04:46,11:34,14:40,17:02,18:17,2025-11-11
India,Bihar,25.5941,85.1376,04:46,11:34,14:40,17:02,18:17,2025-11-12
India,Bihar,25.5941,85.1376,04:47,11:34,14:40,17:02,18:16,2025-11-13
India,Bihar,25.5941,85.1376,04:47,11:34,14:40,17:01,18:16,2025-11-14
India,Bihar,25.5941,85.1376,04:48,11:34,14:39,17:01,18:16,2025-11-15
India,Bihar,25.5941,85.1376,04:49,11:34,14:39,17:00,18:15,2025-11-16
India,Bihar,25.5941,85.1376,04:49,11:34,14:39,17:00,18:15,2025-11-17
India,Bihar,25.5941,85.1376,04:50,11:35,14:39,17:00,18:15,2025-11-18
India,Bihar,25.5941,85.1376,04:50,11:35,14:39,17:00,18:15,2025-11-19
India,Bihar,25.5941,85.1376,04:51,11:35,14:38,16:59,18:15,2025-11-20
India,Bihar,25.5941,85.1376,04:52,11:35,14:38,16:59,18:15,2025-11-21
India,Bihar,25.5941,85.1376,04:52,11:36,14:38,16:59,18:15,2025-11-22
India,Bihar,25.5941,85.1376,04:53,11:36,14:38,16:59,18:14,2025-11-23
India,Bihar,25.5941,85.1376,04:54,11:36,14:38,16:59,18:14,2025-11-24
India,Bihar,25.5941,85.1376,04:54,11:37,14:38,16:58,18:14,2025-11-25
India,Bihar,25.5941,85.1376,04:55,11:37,14:38,16:58,18:14,2025-11-26
India,Bihar,25.5941,85.1376,04:55,11:37,14:38,16:58,18:14,2025-11-27
India,Bihar,25.5941,85.1376,04:56,11:38,14:38,16:58,18:14,2025-11-28
India,Bihar,25.5941,85.1376,04:57,11:38,14:38,16:58,18:15,2025-11-29
India,Bihar,25.5941,85.1376,04:57,11:38,14:38,16:58,18:15,2025-11-30
India,Bihar,25.5941,85.1376,04:58,11:39,14:38,16:58,18:15,2025-12-01
India,Bihar,25.5941,85.1376,04:59,11:39,14:38,16:58,18:15,2025-12-02
India,Bihar,25.5941,85.1376,04:59,11:39,14:39,16:58,18:15,2025-12-03
India,Bihar,25.5941,85.1376,05:00,11:40,14:39,16:59,18:15,2025-12-04
India,Bihar,25.5941,85.1376,05:00,11:40,14:39,16:59,18:15,2025-12-05
India,Bihar,25.5941,85.1376,05:01,11:41,14:39,16:59,18:16,2025-12-06
India,Bihar,25.5941,85.1376,05:02,11:41,14:39,16:59,18:16,2025-12-07
India,Bihar,25.5941,85.1376,05:02,11:42,14:40,16:59,18:16,2025-12-08
India,Bihar,25.5941,85.1376,05:03,11:42,14:40,16:59,18:16,2025-12-09
India,Bihar,25.5941,85.1376,05:03,11:42,14:40,17:00,18:17,2025-12-10
India,Bihar,25.5941,85.1376,05:04,11:43,14:40,17:00,18:17,2025-12-11
India,Bihar,25.5941,85.1376,05:05,11:43,14:41,17:00,18:17,2025-12-12
India,Bihar,25.5941,85.1376,05:05,11:44,14:41,17:01,18:18,2025-12-13
India,Bihar,25.5941,85.1376,05:06,11:44,14:41,17:01,18:18,2025-12-14
India,Bihar,25.5941,85.1376,05:06,11:45,14:42,17:01,18:19,2025-12-15
India,Bihar,25.5941,85.1376,05:07,11:45,14:42,17:02,18:19,2025-12-16
India,Bihar,25.5941,85.1376,05:07,11:46,14:43,17:02,18:19,2025-12-17
India,Bihar,25.5941,85.1376,05:08,11:46,14:43,17:03,18:20,2025-12-18
India,Bihar,25.5941,85.1376,05:09,11:47,14:44,17:03,18:20,2025-12-19
India,Bihar,25.5941,85.1376,05:09,11:47,14:44,17:03,18:21,2025-12-20
India,Bihar,25.5941,85.1376,05:10,11:48,14:45,17:04,18:21,2025-12-21
India,Bihar,25.5941,85.1376,05:10,11:48,14:45,17:04,18:22,2025-12-22
India,Bihar,25.5941,85.1376,05:11,11:49,14:46,17:05,18:22,2025-12-23
India,Bihar,25.5941,85.1376,05:11,11:49,14:46,17:06,18:23,2025-12-24
India,Bihar,25.5941,85.1376,05:11,11:50,14:47,17:06,18:23,2025-12-25
India,Bihar,25.5941,85.1376,05:12,11:50,14:47,17:07,18:24,2025-12-26
India,Bihar,25.5941,85.1376,05:12,11:51,14:48,17:07,18:24,2025-12-27
India,Bihar,25.5941,85.1376,05:13,11:51,14:48,17:08,18:25,2025-12-28
India,Bihar,25.5941,85.1376,05:13,11:52,14:49,17:08,18:26,2025-12-29
India,Bihar,25.5941,85.1376,05:13,11:52,14:50,17:09,18:26,2025-12-30
India,Bihar,25.5941,85.1376,05:14,11:53,14:50,17:10,18:27,2025-12-31
India,Chhattisgarh,21.2514,81.6296,05:22,12:07,15:12,17:33,18:48,2025-01-01
India,Chhattisgarh,21.2514,81.6296,05:23,12:08,15:13,17:34,18:48,2025-01-02
India,Chhattisgarh,21.2514,81.6296,05:23,12:08,15:13,17:35,18:49,2025-01-03
India,Chhattisgarh,21.2514,81.6296,05:23,12:09,15:14,17:35,18:50,2025-01-04
India,Chhattisgarh,21.2514,81.6296,05:23,12:09,15:15,17:36,18:50,2025-01-05
India,Chhattisgarh,21.2514,81.6296,05:24,12:10,15:15,17:37,18:51,2025-01-06
India,Chhattisgarh,21.2514,81.6296,05:24,12:10,15:16,17:37,18:51,2025-01-07
India,Chhattisgarh,21.2514,81.6296,05:24,12:10,15:17,17:38,18:52,2025-01-08
India,Chhattisgarh,21.2514,81.6296,05:25,12:11,15:17,17:39,18:53,2025-01-09
India,Chhattisgarh,21.2514,81.6296,05:25,12:11,15:18,17:39,18:53,2025-01-10
India,Chhattisgarh,21.2514,81.6296,05:25,12:12,15:18,17:40,18:54,2025-01-11
India,Chhattisgarh,21.2514,81.6296,05:25,12:12,15:19,17:41,18:54,2025-01-12
India,Chhattisgarh,21.2514,81.6296,05:25,12:12,15:20,17:41,18:55,2025-01-13
India,Chhattisgarh,21.2514,81.6296,05:25,12:13,15:20,17:42,18:56,2025-01-14
India,Chhattisgarh,21.2514,81.6296,05:26,12:13,15:21,17:43,18:56,2025-01-15
India,Chhattisgarh,21.2514,81.6296,05:26,12:13,15:21,17:43,18:57,2025-01-16
India,Chhattisgarh,21.2514,81.6296,05:26,12:14,15:22,17:44,18:57,2025-01-17
India,Chhattisgarh,21.2514,81.6296,05:26,12:14,15:23,17:45,18:58,2025-01-18
India,Chhattisgarh,21.2514,81.6296,05:26,12:14,15:23,17:45,18:58,2025-01-19
India,Chhattisgarh,21.2514,81.6296,05:26,12:15,15:24,17:46,18:59,2025-01-20
India,Chhattisgarh,21.2514,81.6296,05:26,12:15,15:24,17:47,19:00,2025-01-21
India,Chhattisgarh,21.2514,81.6296,05:26,12:15,15:25,17:47,19:00,2025-01-22
India,Chhattisgarh,21.2514,81.6296,05:26,12:15,15:26,17:48,19:01,2025-01-23
India,Chhattisgarh,21.2514,81.6296,05:26,12:16,15:26,17:49,19:01,2025-01-24
India,Chhattisgarh,21.2514,81.6296,05:26,12:16,15:27,17:49,19:02,2025-01-25
India,Chhattisgarh,21.2514,81.6296,05:25,12:16,15:27,17:50,19:02,2025-01-26
India,Chhattisgarh,21.2514,81.6296,05:25,12:16,15:28,17:51,19:03,2025-01-27
India,Chhattisgarh,21.2514,81.6296,05:25,12:16,15:28,17:51,19:03,2025-01-28
India,Chhattisgarh,21.2514,81.6296,05:25,12:17,15:29,17:52,19:04,2025-01-29
India,Chhattisgarh,21.2514,81.6296,05:25,12:17,15:29,17:53,19:05,2025-01-30
India,Chhattisgarh,21.2514,81.6296,05:25,12:17,15:30,17:53,19:05,2025-01-31
India,Chhattisgarh,21.2514,81.6296,05:24,12:17,15:30,17:54,19:06,2025-02-01
India,Chhattisgarh,21.2514,81.6296,05:24,12:17,15:31,17:54,19:06,2025-02-02
India,Chhattisgarh,21.2514,81.6296,05:24,12:17,15:31,17:55,19:07,2025-02-03
India,Chhattisgarh,21.2514,81.6296,05:23,12:17,15:31,17:56,19:07,2025-02-04
India,Chhattisgarh,21.2514,81.6296,05:23,12:17,15:32,17:56,19:08,2025-02-05
India,Chhattisgarh,21.2514,81.6296,05:23,12:18,15:32,17:57,19:08,2025-02-06
India,Chhattisgarh,21.2514,81.6296,05:22,12:18,15:33,17:57,19:08,2025-02-07
India,Chhattisgarh,21.2514,81.6296,05:22,12:18,15:33,17:58,19:09,2025-02-08
India,Chhattisgarh,21.2514,81.6296,05:22,12:18,15:33,17:58,19:09,2025-02-09
India,Chhattisgarh,21.2514,81.6296,05:21,12:18,15:34,17:59,19:10,2025-02-10
India,Chhattisgarh,21.2514,81.6296,05:21,12:18,15:34,18:00,19:10,2025-02-11
India,Chhattisgarh,21.2514,81.6296,05:20,12:18,15:34,18:00,19:11,2025-02-12
India,Chhattisgarh,21.2514,81.6296,05:20,12:18,15:35,18:01,19:11,2025-02-13
India,Chhattisgarh,21.2514,81.6296,05:19,12:18,15:35,18:01,19:12,2025-02-14
India,Chhattisgarh,21.2514,81.6296,05:19,12:18,15:35,18:02,19:12,2025-02-15
India,Chhattisgarh,21.2514,81.6296,05:18,12:17,15:35,18:02,19:12,2025-02-16
India,Chhattisgarh,21.2514,81.6296,05:18,12:17,15:36,18:03,19:13,2025-02-17
India,Chhattisgarh,21.2514,81.6296,05:17,12:17,15:36,18:03,19:13,2025-02-18
India,Chhattisgarh,21.2514,81.6296,05:16,12:17,15:36,18:04,19:14,2025-02-19
India,Chhattisgarh,21.2514,81.6296,05:16,12:17,15:36,18:04,19:14,2025-02-20
India,Chhattisgarh,21.2514,81.6296,05:15,12:17,15:36,18:04,19:15,2025-02-21
India,Chhattisgarh,21.2514,81.6296,05:15,12:17,15:37,18:05,19:15,2025-02-22
India,Chhattisgarh,21.2514,81.6296,05:14,12:17,15:37,18:05,19:15,2025-02-23
India,Chhattisgarh,21.2514,81.6296,05:13,12:17,15:37,18:06,19:16,2025-02-24
India,Chhattisgarh,21.2514,81.6296,05:13,12:16,15:37,18:06,19:16,2025-02-25
India,Chhattisgarh,21.2514,81.6296,05:12,12:16,15:37,18:07,19:16,2025-02-26
India,Chhattisgarh,21.2514,81.6296,05:11,12:16,15:37,18:07,19:17,2025-02-27
India,Chhattisgarh,21.2514,81.6296,05:10,12:16,15:37,18:07,19:17,2025-02-28
India,Chhattisgarh,21.2514,81.6296,05:10,12:16,15:37,18:08,19:18,2025-03-01
India,Chhattisgarh,21.2514,81.6296,05:09,12:16,15:37,18:08,19:18,2025-03-02
India,Chhattisgarh,21.2514,81.6296,05:08,12:15,15:37,18:09,19:18,2025-03-03
India,Chhattisgarh,21.2514,81.6296,05:07,12:15,15:37,18:09,19:19,2025-03-04
India,Chhattisgarh,21.2514,81.6296,05:06,12:15,15:37,18:09,19:19,2025-03-05
India,Chhattisgarh,21.2514,81.6296,05:06,12:15,15:37,18:10,19:19,2025-03-06
India,Chhattisgarh,21.2514,81.6296,05:05,12:14,15:37,18:10,19:20,2025-03-07
India,Chhattisgarh,21.2514,81.6296,05:04,12:14,15:37,18:11,19:20,2025-03-08
India,Chhattisgarh,21.2514,81.6296,05:03,12:14,15:37,18:11,19:20,2025-03-09
India,Chhattisgarh,21.2514,81.6296,05:02,12:14,15:37,18:11,19:21,2025-03-10
India,Chhattisgarh,21.2514,81.6296,05:01,12:13,15:37,18:12,19:21,2025-03-11
India,Chhattisgarh,21.2514,81.6296,05:00,12:13,15:37,18:12,19:21,2025-03-12
India,Chhattisgarh,21.2514,81.6296,05:00,12:13,15:37,18:12,19:22,2025-03-13
India,Chhattisgarh,21.2514,81.6296,04:59,12:13,15:37,18:13,19:22,2025-03-14
India,Chhattisgarh,21.2514,81.6296,04:58,12:12,15:36,18:13,19:22,2025-03-15
India,Chhattisgarh,21.2514,81.6296,04:57,12:12,15:36,18:13,19:23,2025-03-16
India,Chhattisgarh,21.2514,81.6296,04:56,12:12,15:36,18:14,19:23,2025-03-17
India,Chhattisgarh,21.2514,81.6296,04:55,12:11,15:36,18:14,19:23,2025-03-18
India,Chhattisgarh,21.2514,81.6296,04:54,12:11,15:36,18:14,19:24,2025-03-19
India,Chhattisgarh,21.2514,81.6296,04:53,12:11,15:36,18:15,19:24,2025-03-20
India,Chhattisgarh,21.2514,81.6296,04:52,12:11,15:35,18:15,19:25,2025-03-21
India,Chhattisgarh,21.2514,81.6296,04:51,12:10,15:35,18:15,19:25,2025-03-22
India,Chhattisgarh,21.2514,81.6296,04:50,12:10,15:35,18:16,19:25,2025-03-23
India,Chhattisgarh,21.2514,81.6296,04:49,12:10,15:35,18:16,19:26,2025-03-24
India,Chhattisgarh,21.2514,81.6296,04:48,12:09,15:34,18:16,19:26,2025-03-25
India,Chhattisgarh,21.2514,81.6296,04:47,12:09,15:34,18:16,19:26,2025-03-26
India,Chhattisgarh,21.2514,81.6296,04:46,12:09,15:34,18:17,19:27,2025-03-27
India,Chhattisgarh,21.2514,81.6296,04:45,12:08,15:34,18:17,19:27,2025-03-28
India,Chhattisgarh,21.2514,81.6296,04:44,12:08,15:33,18:17,19:27,2025-03-29
India,Chhattisgarh,21.2514,81.6296,04:43,12:08,15:33,18:18,19:28,2025-03-30
India,Chhattisgarh,21.2514,81.6296,04:42,12:08,15:33,18:18,19:28,2025-03-31
India,Chhattisgarh,21.2514,81.6296,04:41,12:07,15:32,18:18,19:29,2025-04-01
India,Chhattisgarh,21.2514,81.6296,04:40,12:07,15:32,18:19,19:29,2025-04-02
India,Chhattisgarh,21.2514,81.6296,04:39,12:07,15:32,18:19,19:29,2025-04-03
India,Chhattisgarh,21.2514,81.6296,04:38,12:06,15:31,18:19,19:30,2025-04-04
India,Chhattisgarh,21.2514,81.6296,04:37,12:06,15:31,18:20,19:30,2025-04-05
India,Chhattisgarh,21.2514,81.6296,04:36,12:06,15:31,18:20,19:31,2025-04-06
India,Chhattisgarh,21.2514,81.6296,04:35,12:05,15:30,18:20,19:31,2025-04-07
India,Chhattisgarh,21.2514,81.6296,04:34,12:05,15:30,18:21,19:31,2025-04-08
India,Chhattisgarh,21.2514,81.6296,04:34,12:05,15:30,18:21,19:32,2025-04-09
India,Chhattisgarh,21.2514,81.6296,04:33,12:05,15:29,18:21,19:32,2025-04-10
India,Chhattisgarh,21.2514,81.6296,04:32,12:04,15:29,18:22,19:33,2025-04-11
India,Chhattisgarh,21.2514,81.6296,04:31,12:04,15:29,18:22,19:33,2025-04-12
India,Chhattisgarh,21.2514,81.6296,04:30,12:04,15:28,18:22,19:34,2025-04-13
India,Chhattisgarh,21.2514,81.6296,04:29,12:04,15:28,18:23,19:34,2025-04-14
India,Chhattisgarh,21.2514,81.6296,04:28,12:03,15:27,18:23,19:35,2025-04-15
India,Chhattisgarh,21.2514,81.6296,04:27,12:03,15:27,18:23,19:35,2025-04-16
India,Chhattisgarh,21.2514,81.6296,04:26,12:03,15:27,18:24,19:36,2025-04-17
India,Chhattisgarh,21.2514,81.6296,04:25,12:03,15:26,18:24,19:36,2025-04-18
India,Chhattisgarh,21.2514,81.6296,04:24,12:03,15:26,18:24,19:37,2025-04-19
India,Chhattisgarh,21.2514,81.6296,04:23,12:02,15:25,18:25,19:37,2025-04-20
India,Chhattisgarh,21.2514,81.6296,04:22,12:02,15:25,18:25,19:38,2025-04-21
India,Chhattisgarh,21.2514,81.6296,04:21,12:02,15:25,18:25,19:38,2025-04-22
India,Chhattisgarh,21.2514,81.6296,04:20,12:02,15:24,18:26,19:39,2025-04-23
India,Chhattisgarh,21.2514,81.6296,04:19,12:02,15:24,18:26,19:39,2025-04-24
India,Chhattisgarh,21.2514,81.6296,04:19,12:01,15:24,18:26,19:40,2025-04-25
India,Chhattisgarh,21.2514,81.6296,04:18,12:01,15:23,18:27,19:40,2025-04-26
India,Chhattisgarh,21.2514,81.6296,04:17,12:01,15:23,18:27,19:41,2025-04-27
India,Chhattisgarh,21.2514,81.6296,04:16,12:01,15:22,18:28,19:41,2025-04-28
India,Chhattisgarh,21.2514,81.6296,04:15,12:01,15:22,18:28,19:42,2025-04-29
India,Chhattisgarh,21.2514,81.6296,04:14,12:01,15:22,18:28,19:42,2025-04-30
India,Chhattisgarh,21.2514,81.6296,04:14,12:01,15:21,18:29,19:43,2025-05-01
India,Chhattisgarh,21.2514,81.6296,04:13,12:00,15:21,18:29,19:43,2025-05-02
India,Chhattisgarh,21.2514,81.6296,04:12,12:00,15:21,18:30,19:44,2025-05-03
India,Chhattisgarh,21.2514,81.6296,04:11,12:00,15:20,18:30,19:45,2025-05-04
India,Chhattisgarh,21.2514,81.6296,04:10,12:00,15:20,18:30,19:45,2025-05-05
India,Chhattisgarh,21.2514,81.6296,04:10,12:00,15:20,18:31,19:46,2025-05-06
India,Chhattisgarh,21.2514,81.6296,04:09,12:00,15:19,18:31,19:46,2025-05-07
India,Chhattisgarh,21.2514,81.6296,04:08,12:00,15:19,18:32,19:47,2025-05-08
India,Chhattisgarh,21.2514,81.6296,04:08,12:00,15:19,18:32,19:47,2025-05-09
India,Chhattisgarh,21.2514,81.6296,04:07,12:00,15:18,18:32,19:48,2025-05-10
India,Chhattisgarh,21.2514,81.6296,04:06,12:00,15:18,18:33,19:49,2025-05-11
India,Chhattisgarh,21.2514,81.6296,04:06,12:00,15:18,18:33,19:49,2025-05-12
India,Chhattisgarh,21.2514,81.6296,04:05,12:00,15:17,18:34,19:50,2025-05-13
India,Chhattisgarh,21.2514,81.6296,04:04,12:00,15:17,18:34,19:50,2025-05-14
India,Chhattisgarh,21.2514,81.6296,04:04,12:00,15:17,18:35,19:51,2025-05-15
India,Chhattisgarh,21.2514,81.6296,04:03,12:00,15:17,18:35,19:52,2025-05-16
India,Chhattisgarh,21.2514,81.6296,04:03,12:00,15:16,18:35,19:52,2025-05-17
India,Chhattisgarh,21.2514,81.6296,04:02,12:00,15:16,18:36,19:53,2025-05-18
India,Chhattisgarh,21.2514,81.6296,04:02,12:00,15:16,18:36,19:53,2025-05-19
India,Chhattisgarh,21.2514,81.6296,04:01,12:00,15:16,18:37,19:54,2025-05-20
India,Chhattisgarh,21.2514,81.6296,04:01,12:00,15:15,18:37,19:55,2025-05-21
India,Chhattisgarh,21.2514,81.6296,04:00,12:00,15:15,18:38,19:55,2025-05-22
India,Chhattisgarh,21.2514,81.6296,04:00,12:00,15:15,18:38,19:56,2025-05-23
India,Chhattisgarh,21.2514,81.6296,03:59,12:00,15:15,18:38,19:56,2025-05-24
India,Chhattisgarh,21.2514,81.6296,03:59,12:00,15:15,18:39,19:57,2025-05-25
India,Chhattisgarh,21.2514,81.6296,03:59,12:01,15:15,18:39,19:57,2025-05-26
India,Chhattisgarh,21.2514,81.6296,03:58,12:01,15:15,18:40,19:58,2025-05-27
India,Chhattisgarh,21.2514,81.6296,03:58,12:01,15:16,18:40,19:59,2025-05-28
India,Chhattisgarh,21.2514,81.6296,03:58,12:01,15:16,18:41,19:59,2025-05-29
India,Chhattisgarh,21.2514,81.6296,03:58,12:01,15:17,18:41,20:00,2025-05-30
India,Chhattisgarh,21.2514,81.6296,03:57,12:01,15:17,18:41,20:00,2025-05-31
India,Chhattisgarh,21.2514,81.6296,03:57,12:01,15:18,18:42,20:01,2025-06-01
India,Chhattisgarh,21.2514,81.6296,03:57,12:02,15:18,18:42,20:01,2025-06-02
India,Chhattisgarh,21.2514,81.6296,03:57,12:02,15:19,18:43,20:02,2025-06-03
India,Chhattisgarh,21.2514,81.6296,03:57,12:02,15:19,18:43,20:02,2025-06-04
India,Chhattisgarh,21.2514,81.6296,03:56,12:02,15:20,18:43,20:03,2025-06-05
India,Chhattisgarh,21.2514,81.6296,03:56,12:02,15:20,18:44,20:03,2025-06-06
India,Chhattisgarh,21.2514,81.6296,03:56,12:02,15:21,18:44,20:04,2025-06-07
India,Chhattisgarh,21.2514,81.6296,03:56,12:03,15:21,18:44,20:04,2025-06-08
India,Chhattisgarh,21.2514,81.6296,03:56,12:03,15:22,18:45,20:04,2025-06-09
India,Chhattisgarh,21.2514,81.6296,03:56,12:03,15:22,18:45,20:05,2025-06-10
India,Chhattisgarh,21.2514,81.6296,03:56,12:03,15:22,18:45,20:05,2025-06-11
India,Chhattisgarh,21.2514,81.6296,03:56,12:03,15:23,18:46,20:06,2025-06-12
India,Chhattisgarh,21.2514,81.6296,03:56,12:04,15:23,18:46,20:06,2025-06-13
India,Chhattisgarh,21.2514,81.6296,03:56,12:04,15:24,18:46,20:06,2025-06-14
India,Chhattisgarh,21.2514,81.6296,03:56,12:04,15:24,18:47,20:07,2025-06-15
India,Chhattisgarh,21.2514,81.6296,03:57,12:04,15:24,18:47,20:07,2025-06-16
India,Chhattisgarh,21.2514,81.6296,03:57,12:05,15:24,18:47,20:07,2025-06-17
India,Chhattisgarh,21.2514,81.6296,03:57,12:05,15:25,18:47,20:07,2025-06-18
India,Chhattisgarh,21.2514,81.6296,03:57,12:05,15:25,18:48,20:08,2025-06-19
India,Chhattisgarh,21.2514,81.6296,03:57,12:05,15:25,18:48,20:08,2025-06-20
India,Chhattisgarh,21.2514,81.6296,03:57,12:05,15:25,18:48,20:08,2025-06-21
India,Chhattisgarh,21.2514,81.6296,03:58,12:06,15:26,18:48,20:08,2025-06-22
India,Chhattisgarh,21.2514,81.6296,03:58,12:06,15:26,18:49,20:09,2025-06-23
India,Chhattisgarh,21.2514,81.6296,03:58,12:06,15:26,18:49,20:09,2025-06-24
India,Chhattisgarh,21.2514,81.6296,03:58,12:06,15:26,18:49,20:09,2025-06-25
India,Chhattisgarh,21.2514,81.6296,03:59,12:06,15:26,18:49,20:09,2025-06-26
India,Chhattisgarh,21.2514,81.6296,03:59,12:07,15:26,18:49,20:09,2025-06-27
India,Chhattisgarh,21.2514,81.6296,03:59,12:07,15:26,18:49,20:09,2025-06-28
India,Chhattisgarh,21.2514,81.6296,04:00,12:07,15:26,18:49,20:09,2025-06-29
India,Chhattisgarh,21.2514,81.6296,04:00,12:07,15:26,18:49,20:09,2025-06-30
India,Chhattisgarh,21.2514,81.6296,04:01,12:07,15:26,18:50,20:09,2025-07-01
India,Chhattisgarh,21.2514,81.6296,04:01,12:08,15:26,18:50,20:09,2025-07-02
India,Chhattisgarh,21.2514,81.6296,04:01,12:08,15:26,18:50,20:09,2025-07-03
India,Chhattisgarh,21.2514,81.6296,04:02,12:08,15:26,18:50,20:09,2025-07-04
India,Chhattisgarh,21.2514,81.6296,04:02,12:08,15:26,18:50,20:09,2025-07-05
India,Chhattisgarh,21.2514,81.6296,04:03,12:08,15:26,18:50,20:09,2025-07-06
India,Chhattisgarh,21.2514,81.6296,04:03,12:09,15:26,18:50,20:09,2025-07-07
India,Chhattisgarh,21.2514,81.6296,04:04,12:09,15:26,18:49,20:09,2025-07-08
India,Chhattisgarh,21.2514,81.6296,04:04,12:09,15:26,18:49,20:08,2025-07-09
India,Chhattisgarh,21.2514,81.6296,04:05,12:09,15:25,18:49,20:08,2025-07-10
India,Chhattisgarh,21.2514,81.6296,04:05,12:09,15:25,18:49,20:08,2025-07-11
India,Chhattisgarh,21.2514,81.6296,04:06,12:09,15:25,18:49,20:08,2025-07-12
India,Chhattisgarh,21.2514,81.6296,04:06,12:09,15:25,18:49,20:07,2025-07-13
India,Chhattisgarh,21.2514,81.6296,04:07,12:09,15:24,18:49,20:07,2025-07-14
India,Chhattisgarh,21.2514,81.6296,04:07,12:10,15:24,18:48,20:07,2025-07-15
India,Chhattisgarh,21.2514,81.6296,04:08,12:10,15:24,18:48,20:06,2025-07-16
India,Chhattisgarh,21.2514,81.6296,04:08,12:10,15:24,18:48,20:06,2025-07-17
India,Chhattisgarh,21.2514,81.6296,04:09,12:10,15:24,18:48,20:06,2025-07-18
India,Chhattisgarh,21.2514,81.6296,04:09,12:10,15:25,18:48,20:05,2025-07-19
India,Chhattisgarh,21.2514,81.6296,04:10,12:10,15:25,18:47,20:05,2025-07-20
India,Chhattisgarh,21.2514,81.6296,04:11,12:10,15:25,18:47,20:04,2025-07-21
India,Chhattisgarh,21.2514,81.6296,04:11,12:10,15:26,18:47,20:04,2025-07-22
India,Chhattisgarh,21.2514,81.6296,04:12,12:10,15:26,18:46,20:03,2025-07-23
India,Chhattisgarh,21.2514,81.6296,04:12,12:10,15:26,18:46,20:03,2025-07-24
India,Chhattisgarh,21.2514,81.6296,04:13,12:10,15:26,18:46,20:02,2025-07-25
India,Chhattisgarh,21.2514,81.6296,04:13,12:10,15:27,18:45,20:02,2025-07-26
India,Chhattisgarh,21.2514,81.6296,04:14,12:10,15:27,18:45,20:01,2025-07-27
India,Chhattisgarh,21.2514,81.6296,04:15,12:10,15:27,18:44,20:01,2025-07-28
India,Chhattisgarh,21.2514,81.6296,04:15,12:10,15:27,18:44,20:00,2025-07-29
India,Chhattisgarh,21.2514,81.6296,04:16,12:10,15:28,18:43,19:59,2025-07-30
India,Chhattisgarh,21.2514,81.6296,04:16,12:10,15:28,18:43,19:59,2025-07-31
India,Chhattisgarh,21.2514,81.6296,04:17,12:10,15:28,18:42,19:58,2025-08-01
India,Chhattisgarh,21.2514,81.6296,04:17,12:10,15:28,18:42,19:57,2025-08-02
India,Chhattisgarh,21.2514,81.6296,04:18,12:10,15:29,18:41,19:57,2025-08-03
India,Chhattisgarh,21.2514,81.6296,04:18,12:10,15:29,18:41,19:56,2025-08-04
India,Chhattisgarh,21.2514,81.6296,04:19,12:09,15:29,18:40,19:55,2025-08-05
India,Chhattisgarh,21.2514,81.6296,04:20,12:09,15:29,18:40,19:54,2025-08-06
India,Chhattisgarh,21.2514,81.6296,04:20,12:09,15:29,18:39,19:54,2025-08-07
India,Chhattisgarh,21.2514,81.6296,04:21,12:09,15:29,18:38,19:53,2025-08-08
India,Chhattisgarh,21.2514,81.6296,04:21,12:09,15:29,18:38,19:52,2025-08-09
India,Chhattisgarh,21.2514,81.6296,04:22,12:09,15:30,18:37,19:51,2025-08-10
India,Chhattisgarh,21.2514,81.6296,04:22,12:09,15:30,18:36,19:50,2025-08-11
India,Chhattisgarh,21.2514,81.6296,04:23,12:08,15:30,18:36,19:49,2025-08-12
India,Chhattisgarh,21.2514,81.6296,04:23,12:08,15:30,18:35,19:49,2025-08-13
India,Chhattisgarh,21.2514,81.6296,04:24,12:08,15:30,18:34,19:48,2025-08-14
India,Chhattisgarh,21.2514,81.6296,04:24,12:08,15:30,18:34,19:47,2025-08-15
India,Chhattisgarh,21.2514,81.6296,04:25,12:08,15:30,18:33,19:46,2025-08-16
India,Chhattisgarh,21.2514,81.6296,04:25,12:07,15:30,18:32,19:45,2025-08-17
India,Chhattisgarh,21.2514,81.6296,04:26,12:07,15:30,18:31,19:44,2025-08-18
India,Chhattisgarh,21.2514,81.6296,04:26,12:07,15:30,18:30,19:43,2025-08-19
India,Chhattisgarh,21.2514,81.6296,04:27,12:07,15:30,18:30,19:42,2025-08-20
India,Chhattisgarh,21.2514,81.6296,04:27,12:07,15:30,18:29,19:41,2025-08-21
India,Chhattisgarh,21.2514,81.6296,04:28,12:06,15:30,18:28,19:40,2025-08-22
India,Chhattisgarh,21.2514,81.6296,04:28,12:06,15:29,18:27,19:39,2025-08-23
India,Chhattisgarh,21.2514,81.6296,04:28,12:06,15:29,18:26,19:38,2025-08-24
India,Chhattisgarh,21.2514,81.6296,04:29,12:05,15:29,18:26,19:38,2025-08-25
India,Chhattisgarh,21.2514,81.6296,04:29,12:05,15:29,18:25,19:37,2025-08-26
India,Chhattisgarh,21.2514,81.6296,04:30,12:05,15:29,18:24,19:36,2025-08-27
India,Chhattisgarh,21.2514,81.6296,04:30,12:05,15:29,18:23,19:35,2025-08-28
India,Chhattisgarh,21.2514,81.6296,04:30,12:04,15:29,18:22,19:34,2025-08-29
India,Chhattisgarh,21.2514,81.6296,04:31,12:04,15:28,18:21,19:33,2025-08-30
India,Chhattisgarh,21.2514,81.6296,04:31,12:04,15:28,18:20,19:32,2025-08-31
India,Chhattisgarh,21.2514,81.6296,04:32,12:03,15:28,18:19,19:31,2025-09-01
India,Chhattisgarh,21.2514,81.6296,04:32,12:03,15:28,18:19,19:30,2025-09-02
India,Chhattisgarh,21.2514,81.6296,04:32,12:03,15:28,18:18,19:29,2025-09-03
India,Chhattisgarh,21.2514,81.6296,04:33,12:02,15:27,18:17,19:27,2025-09-04
India,Chhattisgarh,21.2514,81.6296,04:33,12:02,15:27,18:16,19:26,2025-09-05
India,Chhattisgarh,21.2514,81.6296,04:33,12:02,15:27,18:15,19:25,2025-09-06
India,Chhattisgarh,21.2514,81.6296,04:34,12:01,15:26,18:14,19:24,2025-09-07
India,Chhattisgarh,21.2514,81.6296,04:34,12:01,15:26,18:13,19:23,2025-09-08
India,Chhattisgarh,21.2514,81.6296,04:35,12:01,15:26,18:12,19:22,2025-09-09
India,Chhattisgarh,21.2514,81.6296,04:35,12:00,15:25,18:11,19:21,2025-09-10
India,Chhattisgarh,21.2514,81.6296,04:35,12:00,15:25,18:10,19:20,2025-09-11
India,Chhattisgarh,21.2514,81.6296,04:35,12:00,15:25,18:09,19:19,2025-09-12
India,Chhattisgarh,21.2514,81.6296,04:36,11:59,15:24,18:08,19:18,2025-09-13
India,Chhattisgarh,21.2514,81.6296,04:36,11:59,15:24,18:07,19:17,2025-09-14
India,Chhattisgarh,21.2514,81.6296,04:36,11:59,15:24,18:06,19:16,2025-09-15
India,Chhattisgarh,21.2514,81.6296,04:37,11:58,15:23,18:05,19:15,2025-09-16
India,Chhattisgarh,21.2514,81.6296,04:37,11:58,15:23,18:04,19:14,2025-09-17
India,Chhattisgarh,21.2514,81.6296,04:37,11:57,15:22,18:03,19:13,2025-09-18
India,Chhattisgarh,21.2514,81.6296,04:38,11:57,15:22,18:03,19:12,2025-09-19
India,Chhattisgarh,21.2514,81.6296,04:38,11:57,15:22,18:02,19:11,2025-09-20
India,Chhattisgarh,21.2514,81.6296,04:38,11:56,15:21,18:01,19:10,2025-09-21
India,Chhattisgarh,21.2514,81.6296,04:39,11:56,15:21,18:00,19:09,2025-09-22
India,Chhattisgarh,21.2514,81.6296,04:39,11:56,15:20,17:59,19:08,2025-09-23
India,Chhattisgarh,21.2514,81.6296,04:39,11:55,15:20,17:58,19:07,2025-09-24
India,Chhattisgarh,21.2514,81.6296,04:39,11:55,15:19,17:57,19:06,2025-09-25
India,Chhattisgarh,21.2514,81.6296,04:40,11:55,15:19,17:56,19:05,2025-09-26
India,Chhattisgarh,21.2514,81.6296,04:40,11:54,15:18,17:55,19:04,2025-09-27
India,Chhattisgarh,21.2514,81.6296,04:40,11:54,15:18,17:54,19:03,2025-09-28
India,Chhattisgarh,21.2514,81.6296,04:41,11:54,15:17,17:53,19:02,2025-09-29
India,Chhattisgarh,21.2514,81.6296,04:41,11:53,15:17,17:52,19:01,2025-09-30
India,Chhattisgarh,21.2514,81.6296,04:41,11:53,15:17,17:51,19:01,2025-10-01
India,Chhattisgarh,21.2514,81.6296,04:41,11:53,15:16,17:50,19:00,2025-10-02
India,Chhattisgarh,21.2514,81.6296,04:42,11:52,15:16,17:49,18:59,2025-10-03
India,Chhattisgarh,21.2514,81.6296,04:42,11:52,15:15,17:48,18:58,2025-10-04
India,Chhattisgarh,21.2514,81.6296,04:42,11:52,15:15,17:47,18:57,2025-10-05
India,Chhattisgarh,21.2514,81.6296,04:43,11:51,15:14,17:47,18:56,2025-10-06
India,Chhattisgarh,21.2514,81.6296,04:43,11:51,15:14,17:46,18:55,2025-10-07
India,Chhattisgarh,21.2514,81.6296,04:43,11:51,15:13,17:45,18:54,2025-10-08
India,Chhattisgarh,21.2514,81.6296,04:43,11:51,15:13,17:44,18:54,2025-10-09
India,Chhattisgarh,21.2514,81.6296,04:44,11:50,15:12,17:43,18:53,2025-10-10
India,Chhattisgarh,21.2514,81.6296,04:44,11:50,15:12,17:42,18:52,2025-10-11
India,Chhattisgarh,21.2514,81.6296,04:44,11:50,15:11,17:41,18:51,2025-10-12
India,Chhattisgarh,21.2514,81.6296,04:45,11:50,15:11,17:41,18:50,2025-10-13
India,Chhattisgarh,21.2514,81.6296,04:45,11:49,15:10,17:40,18:50,2025-10-14
India,Chhattisgarh,21.2514,81.6296,04:45,11:49,15:10,17:39,18:49,2025-10-15
India,Chhattisgarh,21.2514,81.6296,04:46,11:49,15:09,17:38,18:48,2025-10-16
India,Chhattisgarh,21.2514,81.6296,04:46,11:49,15:09,17:37,18:47,2025-10-17
India,Chhattisgarh,21.2514,81.6296,04:46,11:49,15:08,17:37,18:47,2025-10-18
India,Chhattisgarh,21.2514,81.6296,04:47,11:48,15:08,17:36,18:46,2025-10-19
India,Chhattisgarh,21.2514,81.6296,04:47,11:48,15:07,17:35,18:45,2025-10-20
India,Chhattisgarh,21.2514,81.6296,04:47,11:48,15:07,17:34,18:45,2025-10-21
India,Chhattisgarh,21.2514,81.6296,04:48,11:48,15:06,17:34,18:44,2025-10-22
India,Chhattisgarh,21.2514,81.6296,04:48,11:48,15:06,17:33,18:43,2025-10-23
India,Chhattisgarh,21.2514,81.6296,04:48,11:48,15:05,17:32,18:43,2025-10-24
India,Chhattisgarh,21.2514,81.6296,04:49,11:47,15:05,17:32,18:42,2025-10-25
India,Chhattisgarh,21.2514,81.6296,04:49,11:47,15:05,17:31,18:42,2025-10-26
India,Chhattisgarh,21.2514,81.6296,04:49,11:47,15:04,17:30,18:41,2025-10-27
India,Chhattisgarh,21.2514,81.6296,04:50,11:47,15:04,17:30,18:40,2025-10-28
India,Chhattisgarh,21.2514,81.6296,04:50,11:47,15:03,17:29,18:40,2025-10-29
India,Chhattisgarh,21.2514,81.6296,04:50,11:47,15:03,17:29,18:39,2025-10-30
India,Chhattisgarh,21.2514,81.6296,04:51,11:47,15:03,17:28,18:39,2025-10-31
India,Chhattisgarh,21.2514,81.6296,04:51,11:47,15:02,17:27,18:38,2025-11-01
India,Chhattisgarh,21.2514,81.6296,04:52,11:47,15:02,17:27,18:38,2025-11-02
India,Chhattisgarh,21.2514,81.6296,04:52,11:47,15:02,17:26,18:38,2025-11-03
India,Chhattisgarh,21.2514,81.6296,04:53,11:47,15:01,17:26,18:37,2025-11-04
India,Chhattisgarh,21.2514,81.6296,04:53,11:47,15:01,17:25,18:37,2025-11-05
India,Chhattisgarh,21.2514,81.6296,04:53,11:47,15:01,17:25,18:36,2025-11-06
India,Chhattisgarh,21.2514,81.6296,04:54,11:47,15:01,17:24,18:36,2025-11-07
India,Chhattisgarh,21.2514,81.6296,04:54,11:47,15:00,17:24,18:36,2025-11-08
India,Chhattisgarh,21.2514,81.6296,04:55,11:47,15:00,17:24,18:36,2025-11-09
India,Chhattisgarh,21.2514,81.6296,04:55,11:47,15:00,17:23,18:35,2025-11-10
India,Chhattisgarh,21.2514,81.6296,04:56,11:48,15:00,17:23,18:35,2025-11-11
India,Chhattisgarh,21.2514,81.6296,04:56,11:48,14:59,17:23,18:35,2025-11-12
India,Chhattisgarh,21.2514,81.6296,04:57,11:48,14:59,17:22,18:35,2025-11-13
India,Chhattisgarh,21.2514,81.6296,04:57,11:48,14:59,17:22,18:34,2025-11-14
India,Chhattisgarh,21.2514,81.6296,04:58,11:48,14:59,17:22,18:34,2025-11-15
India,Chhattisgarh,21.2514,81.6296,04:58,11:48,14:59,17:21,18:34,2025-11-16
India,Chhattisgarh,21.2514,81.6296,04:59,11:49,14:59,17:21,18:34,2025-11-17
India,Chhattisgarh,21.2514,81.6296,04:59,11:49,14:59,17:21,18:34,2025-11-18
India,Chhattisgarh,21.2514,81.6296,05:00,11:49,14:59,17:21,18:34,2025-11-19
India,Chhattisgarh,21.2514,81.6296,05:00,11:49,14:59,17:21,18:34,2025-11-20
India,Chhattisgarh,21.2514,81.6296,05:01,11:49,14:58,17:21,18:34,2025-11-21
India,Chhattisgarh,21.2514,81.6296,05:01,11:50,14:58,17:21,18:34,2025-11-22
India,Chhattisgarh,21.2514,81.6296,05:02,11:50,14:58,17:20,18:34,2025-11-23
India,Chhattisgarh,21.2514,81.6296,05:02,11:50,14:58,17:20,18:34,2025-11-24
India,Chhattisgarh,21.2514,81.6296,05:03,11:51,14:59,17:20,18:34,2025-11-25
India,Chhattisgarh,21.2514,81.6296,05:03,11:51,14:59,17:20,18:34,2025-11-26
India,Chhattisgarh,21.2514,81.6296,05:04,11:51,14:59,17:20,18:34,2025-11-27
India,Chhattisgarh,21.2514,81.6296,05:05,11:52,14:59,17:20,18:34,2025-11-28
India,Chhattisgarh,21.2514,81.6296,05:05,11:52,14:59,17:20,18:34,2025-11-29
India,Chhattisgarh,21.2514,81.6296,05:06,11:52,14:59,17:20,18:34,2025-11-30
India,Chhattisgarh,21.2514,81.6296,05:06,11:53,14:59,17:21,18:35,2025-12-01
India,Chhattisgarh,21.2514,81.6296,05:07,11:53,14:59,17:21,18:35,2025-12-02
India,Chhattisgarh,21.2514,81.6296,05:07,11:53,15:00,17:21,18:35,2025-12-03
India,Chhattisgarh,21.2514,81.6296,05:08,11:54,15:00,17:21,18:35,2025-12-04
India,Chhattisgarh,21.2514,81.6296,05:09,11:54,15:00,17:21,18:35,2025-12-05
India,Chhattisgarh,21.2514,81.6296,05:09,11:55,15:00,17:21,18:36,2025-12-06
India,Chhattisgarh,21.2514,81.6296,05:10,11:55,15:01,17:22,18:36,2025-12-07
India,Chhattisgarh,21.2514,81.6296,05:10,11:56,15:01,17:22,18:36,2025-12-08
India,Chhattisgarh,21.2514,81.6296,05:11,11:56,15:01,17:22,18:37,2025-12-09
India,Chhattisgarh,21.2514,81.6296,05:11,11:56,15:01,17:22,18:37,2025-12-10
India,Chhattisgarh,21.2514,81.6296,05:12,11:57,15:02,17:23,18:37,2025-12-11
India,Chhattisgarh,21.2514,81.6296,05:13,11:57,15:02,17:23,18:38,2025-12-12
India,Chhattisgarh,21.2514,81.6296,05:13,11:58,15:02,17:23,18:38,2025-12-13
India,Chhattisgarh,21.2514,81.6296,05:14,11:58,15:03,17:24,18:39,2025-12-14
India,Chhattisgarh,21.2514,81.6296,05:14,11:59,15:03,17:24,18:39,2025-12-15
India,Chhattisgarh,21.2514,81.6296,05:15,11:59,15:04,17:25,18:39,2025-12-16
India,Chhattisgarh,21.2514,81.6296,05:15,12:00,15:04,17:25,18:40,2025-12-17
India,Chhattisgarh,21.2514,81.6296,05:16,12:00,15:05,17:25,18:40,2025-12-18
India,Chhattisgarh,21.2514,81.6296,05:16,12:01,15:05,17:26,18:41,2025-12-19
India,Chhattisgarh,21.2514,81.6296,05:17,12:01,15:06,17:26,18:41,2025-12-20
India,Chhattisgarh,21.2514,81.6296,05:17,12:02,15:06,17:27,18:42,2025-12-21
India,Chhattisgarh,21.2514,81.6296,05:18,12:02,15:07,17:27,18:42,2025-12-22
India,Chhattisgarh,21.2514,81.6296,05:18,12:03,15:07,17:28,18:43,2025-12-23
India,Chhattisgarh,21.2514,81.6296,05:19,12:03,15:08,17:28,18:43,2025-12-24
India,Chhattisgarh,21.2514,81.6296,05:19,12:04,15:08,17:29,18:44,2025-12-25
India,Chhattisgarh,21.2514,81.6296,05:20,12:04,15:09,17:30,18:44,2025-12-26
India,Chhattisgarh,21.2514,81.6296,05:20,12:05,15:09,17:30,18:45,2025-12-27
India,Chhattisgarh,21.2514,81.6296,05:21,12:05,15:10,17:31,18:45,2025-12-28
India,Chhattisgarh,21.2514,81.6296,05:21,12:06,15:10,17:31,18:46,2025-12-29
India,Chhattisgarh,21.2514,81.6296,05:21,12:06,15:11,17:32,18:47,2025-12-30
India,Chhattisgarh,21.2514,81.6296,05:22,12:07,15:12,17:33,18:47,2025-12-31
India,Goa,15.4909,73.8278,05:45,12:38,15:51,18:15,19:27,2025-01-01
India,Goa,15.4909,73.8278,05:45,12:39,15:52,18:16,19:28,2025-01-02
India,Goa,15.4909,73.8278,05:46,12:39,15:53,18:16,19:29,2025-01-03
India,Goa,15.4909,73.8278,05:46,12:40,15:53,18:17,19:29,2025-01-04
India,Goa,15.4909,73.8278,05:47,12:40,15:54,18:18,19:30,2025-01-05
India,Goa,15.4909,73.8278,05:47,12:41,15:54,18:18,19:30,2025-01-06
India,Goa,15.4909,73.8278,05:47,12:41,15:55,18:19,19:31,2025-01-07
India,Goa,15.4909,73.8278,05:48,12:42,15:55,18:19,19:31,2025-01-08
India,Goa,15.4909,73.8278,05:48,12:42,15:56,18:20,19:32,2025-01-09
India,Goa,15.4909,73.8278,05:48,12:42,15:56,18:21,19:32,2025-01-10
India,Goa,15.4909,73.8278,05:48,12:43,15:57,18:21,19:33,2025-01-11
India,Goa,15.4909,73.8278,05:49,12:43,15:57,18:22,19:33,2025-01-12
India,Goa,15.4909,73.8278,05:49,12:44,15:58,18:22,19:34,2025-01-13
India,Goa,15.4909,73.8278,05:49,12:44,15:58,18:23,19:34,2025-01-14
India,Goa,15.4909,73.8278,05:49,12:44,15:59,18:24,19:35,2025-01-15
India,Goa,15.4909,73.8278,05:50,12:45,15:59,18:24,19:35,2025-01-16
India,Goa,15.4909,73.8278,05:50,12:45,16:00,18:25,19:36,2025-01-17
India,Goa,15.4909,73.8278,05:50,12:45,16:00,18:25,19:36,2025-01-18
India,Goa,15.4909,73.8278,05:50,12:46,16:01,18:26,19:37,2025-01-19
India,Goa,15.4909,73.8278,05:50,12:46,16:01,18:26,19:37,2025-01-20
India,Goa,15.4909,73.8278,05:50,12:46,16:02,18:27,19:38,2025-01-21
India,Goa,15.4909,73.8278,05:50,12:46,16:02,18:28,19:38,2025-01-22
India,Goa,15.4909,73.8278,05:50,12:47,16:03,18:28,19:39,2025-01-23
India,Goa,15.4909,73.8278,05:50,12:47,16:03,18:29,19:39,2025-01-24
India,Goa,15.4909,73.8278,05:50,12:47,16:04,18:29,19:39,2025-01-25
India,Goa,15.4909,73.8278,05:51,12:47,16:04,18:30,19:40,2025-01-26
India,Goa,15.4909,73.8278,05:50,12:48,16:04,18:30,19:40,2025-01-27
India,Goa,15.4909,73.8278,05:50,12:48,16:05,18:31,19:41,2025-01-28
India,Goa,15.4909,73.8278,05:50,12:48,16:05,18:31,19:41,2025-01-29
India,Goa,15.4909,73.8278,05:50,12:48,16:05,18:32,19:41,2025-01-30
India,Goa,15.4909,73.8278,05:50,12:48,16:06,18:32,19:42,2025-01-31
India,Goa,15.4909,73.8278,05:50,12:48,16:06,18:33,19:42,2025-02-01
India,Goa,15.4909,73.8278,05:50,12:48,16:06,18:33,19:43,2025-02-02
India,Goa,15.4909,73.8278,05:50,12:49,16:07,18:34,19:43,2025-02-03
India,Goa,15.4909,73.8278,05:50,12:49,16:07,18:34,19:43,2025-02-04
India,Goa,15.4909,73.8278,05:50,12:49,16:07,18:34,19:44,2025-02-05
India,Goa,15.4909,73.8278,05:49,12:49,16:07,18:35,19:44,2025-02-06
India,Goa,15.4909,73.8278,05:49,12:49,16:08,18:35,19:44,2025-02-07
India,Goa,15.4909,73.8278,05:49,12:49,16:08,18:36,19:45,2025-02-08
India,Goa,15.4909,73.8278,05:49,12:49,16:08,18:36,19:45,2025-02-09
India,Goa,15.4909,73.8278,05:48,12:49,16:08,18:36,19:45,2025-02-10
India,Goa,15.4909,73.8278,05:48,12:49,16:08,18:37,19:45,2025-02-11
India,Goa,15.4909,73.8278,05:48,12:49,16:09,18:37,19:46,2025-02-12
India,Goa,15.4909,73.8278,05:47,12:49,16:09,18:38,19:46,2025-02-13
India,Goa,15.4909,73.8278,05:47,12:49,16:09,18:38,19:46,2025-02-14
India,Goa,15.4909,73.8278,05:47,12:49,16:09,18:38,19:47,2025-02-15
India,Goa,15.4909,73.8278,05:46,12:49,16:09,18:39,19:47,2025-02-16
India,Goa,15.4909,73.8278,05:46,12:49,16:09,18:39,19:47,2025-02-17
India,Goa,15.4909,73.8278,05:46,12:49,16:09,18:39,19:47,2025-02-18
India,Goa,15.4909,73.8278,05:45,12:48,16:09,18:40,19:48,2025-02-19
India,Goa,15.4909,73.8278,05:45,12:48,16:09,18:40,19:48,2025-02-20
India,Goa,15.4909,73.8278,05:44,12:48,16:09,18:40,19:48,2025-02-21
India,Goa,15.4909,73.8278,05:44,12:48,16:09,18:40,19:48,2025-02-22
India,Goa,15.4909,73.8278,05:43,12:48,16:09,18:41,19:48,2025-02-23
India,Goa,15.4909,73.8278,05:43,12:48,16:09,18:41,19:49,2025-02-24
India,Goa,15.4909,73.8278,05:42,12:48,16:09,18:41,19:49,2025-02-25
India,Goa,15.4909,73.8278,05:42,12:47,16:09,18:42,19:49,2025-02-26
India,Goa,15.4909,73.8278,05:41,12:47,16:09,18:42,19:49,2025-02-27
India,Goa,15.4909,73.8278,05:41,12:47,16:09,18:42,19:49,2025-02-28
India,Goa,15.4909,73.8278,05:40,12:47,16:08,18:42,19:50,2025-03-01
India,Goa,15.4909,73.8278,05:39,12:47,16:08,18:42,19:50,2025-03-02
India,Goa,15.4909,73.8278,05:39,12:47,16:08,18:43,19:50,2025-03-03
India,Goa,15.4909,73.8278,05:38,12:46,16:08,18:43,19:50,2025-03-04
India,Goa,15.4909,73.8278,05:38,12:46,16:08,18:43,19:50,2025-03-05
India,Goa,15.4909,73.8278,05:37,12:46,16:07,18:43,19:51,2025-03-06
India,Goa,15.4909,73.8278,05:36,12:46,16:07,18:44,19:51,2025-03-07
India,Goa,15.4909,73.8278,05:36,12:45,16:07,18:44,19:51,2025-03-08
India,Goa,15.4909,73.8278,05:35,12:45,16:07,18:44,19:51,2025-03-09
India,Goa,15.4909,73.8278,05:34,12:45,16:06,18:44,19:51,2025-03-10
India,Goa,15.4909,73.8278,05:34,12:45,16:06,18:44,19:51,2025-03-11
India,Goa,15.4909,73.8278,05:33,12:44,16:06,18:44,19:52,2025-03-12
India,Goa,15.4909,73.8278,05:32,12:44,16:06,18:45,19:52,2025-03-13
India,Goa,15.4909,73.8278,05:31,12:44,16:05,18:45,19:52,2025-03-14
India,Goa,15.4909,73.8278,05:31,12:43,16:05,18:45,19:52,2025-03-15
India,Goa,15.4909,73.8278,05:30,12:43,16:04,18:45,19:52,2025-03-16
India,Goa,15.4909,73.8278,05:29,12:43,16:04,18:45,19:52,2025-03-17
India,Goa,15.4909,73.8278,05:29,12:43,16:04,18:45,19:52,2025-03-18
India,Goa,15.4909,73.8278,05:28,12:42,16:03,18:45,19:53,2025-03-19
India,Goa,15.4909,73.8278,05:27,12:42,16:03,18:46,19:53,2025-03-20
India,Goa,15.4909,73.8278,05:26,12:42,16:02,18:46,19:53,2025-03-21
India,Goa,15.4909,73.8278,05:26,12:41,16:02,18:46,19:53,2025-03-22
India,Goa,15.4909,73.8278,05:25,12:41,16:02,18:46,19:53,2025-03-23
India,Goa,15.4909,73.8278,05:24,12:41,16:01,18:46,19:53,2025-03-24
India,Goa,15.4909,73.8278,05:23,12:41,16:01,18:46,19:54,2025-03-25
India,Goa,15.4909,73.8278,05:22,12:40,16:00,18:46,19:54,2025-03-26
India,Goa,15.4909,73.8278,05:22,12:40,16:00,18:47,19:54,2025-03-27
India,Goa,15.4909,73.8278,05:21,12:40,15:59,18:47,19:54,2025-03-28
India,Goa,15.4909,73.8278,05:20,12:39,15:59,18:47,19:54,2025-03-29
India,Goa,15.4909,73.8278,05:19,12:39,15:58,18:47,19:55,2025-03-30
India,Goa,15.4909,73.8278,05:18,12:39,15:58,18:47,19:55,2025-03-31
India,Goa,15.4909,73.8278,05:18,12:38,15:57,18:47,19:55,2025-04-01
India,Goa,15.4909,73.8278,05:17,12:38,15:57,18:47,19:55,2025-04-02
India,Goa,15.4909,73.8278,05:16,12:38,15:56,18:48,19:55,2025-04-03
India,Goa,15.4909,73.8278,05:15,12:38,15:55,18:48,19:56,2025-04-04
India,Goa,15.4909,73.8278,05:14,12:37,15:55,18:48,19:56,2025-04-05
India,Goa,15.4909,73.8278,05:14,12:37,15:54,18:48,19:56,2025-04-06
India,Goa,15.4909,73.8278,05:13,12:37,15:54,18:48,19:56,2025-04-07
India,Goa,15.4909,73.8278,05:12,12:36,15:53,18:48,19:57,2025-04-08
India,Goa,15.4909,73.8278,05:11,12:36,15:53,18:48,19:57,2025-04-09
India,Goa,15.4909,73.8278,05:10,12:36,15:52,18:49,19:57,2025-04-10
India,Goa,15.4909,73.8278,05:10,12:36,15:51,18:49,19:57,2025-04-11
India,Goa,15.4909,73.8278,05:09,12:35,15:51,18:49,19:58,2025-04-12
India,Goa,15.4909,73.8278,05:08,12:35,15:50,18:49,19:58,2025-04-13
India,Goa,15.4909,73.8278,05:07,12:35,15:50,18:49,19:58,2025-04-14
India,Goa,15.4909,73.8278,05:07,12:35,15:49,18:49,19:58,2025-04-15
India,Goa,15.4909,73.8278,05:06,12:34,15:48,18:50,19:59,2025-04-16
India,Goa,15.4909,73.8278,05:05,12:34,15:48,18:50,19:59,2025-04-17
India,Goa,15.4909,73.8278,05:04,12:34,15:47,18:50,19:59,2025-04-18
India,Goa,15.4909,73.8278,05:04,12:34,15:47,18:50,19:59,2025-04-19
India,Goa,15.4909,73.8278,05:03,12:34,15:46,18:50,20:00,2025-04-20
India,Goa,15.4909,73.8278,05:02,12:33,15:45,18:50,20:00,2025-04-21
India,Goa,15.4909,73.8278,05:01,12:33,15:45,18:51,20:00,2025-04-22
India,Goa,15.4909,73.8278,05:01,12:33,15:44,18:51,20:01,2025-04-23
India,Goa,15.4909,73.8278,05:00,12:33,15:43,18:51,20:01,2025-04-24
India,Goa,15.4909,73.8278,04:59,12:33,15:43,18:51,20:01,2025-04-25
India,Goa,15.4909,73.8278,04:59,12:32,15:42,18:52,20:02,2025-04-26
India,Goa,15.4909,73.8278,04:58,12:32,15:42,18:52,20:02,2025-04-27
India,Goa,15.4909,73.8278,04:57,12:32,15:41,18:52,20:03,2025-04-28
India,Goa,15.4909,73.8278,04:57,12:32,15:40,18:52,20:03,2025-04-29
India,Goa,15.4909,73.8278,04:56,12:32,15:40,18:52,20:03,2025-04-30
India,Goa,15.4909,73.8278,04:55,12:32,15:39,18:53,20:04,2025-05-01
India,Goa,15.4909,73.8278,04:55,12:32,15:39,18:53,20:04,2025-05-02
India,Goa,15.4909,73.8278,04:54,12:32,15:40,18:53,20:04,2025-05-03
India,Goa,15.4909,73.8278,04:54,12:31,15:40,18:54,20:05,2025-05-04
India,Goa,15.4909,73.8278,04:53,12:31,15:41,18:54,20:05,2025-05-05
India,Goa,15.4909,73.8278,04:52,12:31,15:42,18:54,20:06,2025-05-06
India,Goa,15.4909,73.8278,04:52,12:31,15:42,18:54,20:06,2025-05-07
India,Goa,15.4909,73.8278,04:51,12:31,15:43,18:55,20:06,2025-05-08
India,Goa,15.4909,73.8278,04:51,12:31,15:43,18:55,20:07,2025-05-09
India,Goa,15.4909,73.8278,04:50,12:31,15:44,18:55,20:07,2025-05-10
India,Goa,15.4909,73.8278,04:50,12:31,15:45,18:55,20:08,2025-05-11
India,Goa,15.4909,73.8278,04:49,12:31,15:45,18:56,20:08,2025-05-12
India,Goa,15.4909,73.8278,04:49,12:31,15:46,18:56,20:09,2025-05-13
India,Goa,15.4909,73.8278,04:48,12:31,15:46,18:56,20:09,2025-05-14
India,Goa,15.4909,73.8278,04:48,12:31,15:47,18:57,20:10,2025-05-15
India,Goa,15.4909,73.8278,04:48,12:31,15:47,18:57,20:10,2025-05-16
India,Goa,15.4909,73.8278,04:47,12:31,15:48,18:57,20:10,2025-05-17
India,Goa,15.4909,73.8278,04:47,12:31,15:48,18:58,20:11,2025-05-18
India,Goa,15.4909,73.8278,04:46,12:31,15:49,18:58,20:11,2025-05-19
India,Goa,15.4909,73.8278,04:46,12:31,15:49,18:58,20:12,2025-05-20
India,Goa,15.4909,73.8278,04:46,12:31,15:50,18:59,20:12,2025-05-21
India,Goa,15.4909,73.8278,04:45,12:31,15:50,18:59,20:13,2025-05-22
India,Goa,15.4909,73.8278,04:45,12:31,15:51,18:59,20:13,2025-05-23
India,Goa,15.4909,73.8278,04:45,12:32,15:51,19:00,20:14,2025-05-24
India,Goa,15.4909,73.8278,04:45,12:32,15:52,19:00,20:14,2025-05-25
India,Goa,15.4909,73.8278,04:44,12:32,15:52,19:00,20:15,2025-05-26
India,Goa,15.4909,73.8278,04:44,12:32,15:53,19:01,20:15,2025-05-27
India,Goa,15.4909,73.8278,04:44,12:32,15:53,19:01,20:15,2025-05-28
India,Goa,15.4909,73.8278,04:44,12:32,15:54,19:01,20:16,2025-05-29
India,Goa,15.4909,73.8278,04:44,12:32,15:54,19:02,20:16,2025-05-30
India,Goa,15.4909,73.8278,04:43,12:32,15:55,19:02,20:17,2025-05-31
India,Goa,15.4909,73.8278,04:43,12:33,15:55,19:02,20:17,2025-06-01
India,Goa,15.4909,73.8278,04:43,12:33,15:55,19:03,20:18,2025-06-02
India,Goa,15.4909,73.8278,04:43,12:33,15:56,19:03,20:18,2025-06-03
India,Goa,15.4909,73.8278,04:43,12:33,15:56,19:03,20:18,2025-06-04
India,Goa,15.4909,73.8278,04:43,12:33,15:57,19:04,20:19,2025-06-05
India,Goa,15.4909,73.8278,04:43,12:33,15:57,19:04,20:19,2025-06-06
India,Goa,15.4909,73.8278,04:43,12:34,15:57,19:04,20:20,2025-06-07
India,Goa,15.4909,73.8278,04:43,12:34,15:58,19:05,20:20,2025-06-08
India,Goa,15.4909,73.8278,04:43,12:34,15:58,19:05,20:20,2025-06-09
India,Goa,15.4909,73.8278,04:43,12:34,15:59,19:05,20:21,2025-06-10
India,Goa,15.4909,73.8278,04:43,12:34,15:59,19:05,20:21,2025-06-11
India,Goa,15.4909,73.8278,04:43,12:35,15:59,19:06,20:21,2025-06-12
India,Goa,15.4909,73.8278,04:43,12:35,16:00,19:06,20:22,2025-06-13
India,Goa,15.4909,73.8278,04:43,12:35,16:00,19:06,20:22,2025-06-14
India,Goa,15.4909,73.8278,04:43,12:35,16:00,19:07,20:22,2025-06-15
India,Goa,15.4909,73.8278,04:44,12:36,16:00,19:07,20:23,2025-06-16
India,Goa,15.4909,73.8278,04:44,12:36,16:01,19:07,20:23,2025-06-17
India,Goa,15.4909,73.8278,04:44,12:36,16:01,19:07,20:23,2025-06-18
India,Goa,15.4909,73.8278,04:44,12:36,16:01,19:08,20:23,2025-06-19
India,Goa,15.4909,73.8278,04:44,12:36,16:01,19:08,20:24,2025-06-20
India,Goa,15.4909,73.8278,04:45,12:37,16:02,19:08,20:24,2025-06-21
India,Goa,15.4909,73.8278,04:45,12:37,16:02,19:08,20:24,2025-06-22
India,Goa,15.4909,73.8278,04:45,12:37,16:02,19:08,20:24,2025-06-23
India,Goa,15.4909,73.8278,04:45,12:37,16:02,19:09,20:24,2025-06-24
India,Goa,15.4909,73.8278,04:46,12:37,16:02,19:09,20:24,2025-06-25
India,Goa,15.4909,73.8278,04:46,12:38,16:02,19:09,20:25,2025-06-26
India,Goa,15.4909,73.8278,04:46,12:38,16:03,19:09,20:25,2025-06-27
India,Goa,15.4909,73.8278,04:46,12:38,16:03,19:09,20:25,2025-06-28
India,Goa,15.4909,73.8278,04:47,12:38,16:03,19:09,20:25,2025-06-29
India,Goa,15.4909,73.8278,04:47,12:38,16:03,19:09,20:25,2025-06-30
India,Goa,15.4909,73.8278,04:47,12:39,16:03,19:10,20:25,2025-07-01
India,Goa,15.4909,73.8278,04:48,12:39,16:03,19:10,20:25,2025-07-02
India,Goa,15.4909,73.8278,04:48,12:39,16:03,19:10,20:25,2025-07-03
India,Goa,15.4909,73.8278,04:49,12:39,16:03,19:10,20:25,2025-07-04
India,Goa,15.4909,73.8278,04:49,12:39,16:03,19:10,20:25,2025-07-05
India,Goa,15.4909,73.8278,04:49,12:40,16:03,19:10,20:25,2025-07-06
India,Goa,15.4909,73.8278,04:50,12:40,16:03,19:10,20:25,2025-07-07
India,Goa,15.4909,73.8278,04:50,12:40,16:03,19:10,20:25,2025-07-08
India,Goa,15.4909,73.8278,04:50,12:40,16:03,19:10,20:25,2025-07-09
India,Goa,15.4909,73.8278,04:51,12:40,16:03,19:10,20:25,2025-07-10
India,Goa,15.4909,73.8278,04:51,12:40,16:02,19:10,20:25,2025-07-11
India,Goa,15.4909,73.8278,04:52,12:40,16:02,19:10,20:24,2025-07-12
India,Goa,15.4909,73.8278,04:52,12:41,16:02,19:10,20:24,2025-07-13
India,Goa,15.4909,73.8278,04:53,12:41,16:02,19:10,20:24,2025-07-14
India,Goa,15.4909,73.8278,04:53,12:41,16:02,19:09,20:24,2025-07-15
India,Goa,15.4909,73.8278,04:53,12:41,16:01,19:09,20:24,2025-07-16
India,Goa,15.4909,73.8278,04:54,12:41,16:01,19:09,20:23,2025-07-17
India,Goa,15.4909,73.8278,04:54,12:41,16:01,19:09,20:23,2025-07-18
India,Goa,15.4909,73.8278,04:55,12:41,16:00,19:09,20:23,2025-07-19
India,Goa,15.4909,73.8278,04:55,12:41,16:00,19:09,20:22,2025-07-20
India,Goa,15.4909,73.8278,04:56,12:41,16:00,19:08,20:22,2025-07-21
India,Goa,15.4909,73.8278,04:56,12:41,15:59,19:08,20:22,2025-07-22
India,Goa,15.4909,73.8278,04:56,12:41,15:59,19:08,20:21,2025-07-23
India,Goa,15.4909,73.8278,04:57,12:41,15:58,19:08,20:21,2025-07-24
India,Goa,15.4909,73.8278,04:57,12:41,15:58,19:07,20:21,2025-07-25
India,Goa,15.4909,73.8278,04:58,12:41,15:57,19:07,20:20,2025-07-26
India,Goa,15.4909,73.8278,04:58,12:41,15:57,19:07,20:20,2025-07-27
India,Goa,15.4909,73.8278,04:59,12:41,15:56,19:07,20:19,2025-07-28
India,Goa,15.4909,73.8278,04:59,12:41,15:56,19:06,20:19,2025-07-29
India,Goa,15.4909,73.8278,04:59,12:41,15:55,19:06,20:18,2025-07-30
India,Goa,15.4909,73.8278,05:00,12:41,15:55,19:05,20:18,2025-07-31
India,Goa,15.4909,73.8278,05:00,12:41,15:54,19:05,20:17,2025-08-01
India,Goa,15.4909,73.8278,05:01,12:41,15:53,19:05,20:17,2025-08-02
India,Goa,15.4909,73.8278,05:01,12:41,15:53,19:04,20:16,2025-08-03
India,Goa,15.4909,73.8278,05:01,12:41,15:52,19:04,20:16,2025-08-04
India,Goa,15.4909,73.8278,05:02,12:41,15:51,19:03,20:15,2025-08-05
India,Goa,15.4909,73.8278,05:02,12:41,15:50,19:03,20:14,2025-08-06
India,Goa,15.4909,73.8278,05:02,12:40,15:49,19:03,20:14,2025-08-07
India,Goa,15.4909,73.8278,05:03,12:40,15:49,19:02,20:13,2025-08-08
India,Goa,15.4909,73.8278,05:03,12:40,15:48,19:02,20:13,2025-08-09
India,Goa,15.4909,73.8278,05:04,12:40,15:47,19:01,20:12,2025-08-10
India,Goa,15.4909,73.8278,05:04,12:40,15:48,19:01,20:11,2025-08-11
India,Goa,15.4909,73.8278,05:04,12:40,15:48,19:00,20:11,2025-08-12
India,Goa,15.4909,73.8278,05:05,12:39,15:48,18:59,20:10,2025-08-13
India,Goa,15.4909,73.8278,05:05,12:39,15:49,18:59,20:09,2025-08-14
India,Goa,15.4909,73.8278,05:05,12:39,15:49,18:58,20:09,2025-08-15
India,Goa,15.4909,73.8278,05:06,12:39,15:49,18:58,20:08,2025-08-16
India,Goa,15.4909,73.8278,05:06,12:39,15:49,18:57,20:07,2025-08-17
India,Goa,15.4909,73.8278,05:06,12:38,15:49,18:57,20:06,2025-08-18
India,Goa,15.4909,73.8278,05:06,12:38,15:50,18:56,20:06,2025-08-19
India,Goa,15.4909,73.8278,05:07,12:38,15:50,18:55,20:05,2025-08-20
India,Goa,15.4909,73.8278,05:07,12:38,15:50,18:55,20:04,2025-08-21
India,Goa,15.4909,73.8278,05:07,12:37,15:50,18:54,20:03,2025-08-22
India,Goa,15.4909,73.8278,05:07,12:37,15:50,18:53,20:03,2025-08-23
India,Goa,15.4909,73.8278,05:08,12:37,15:50,18:53,20:02,2025-08-24
India,Goa,15.4909,73.8278,05:08,12:37,15:51,18:52,20:01,2025-08-25
India,Goa,15.4909,73.8278,05:08,12:36,15:51,18:51,20:00,2025-08-26
India,Goa,15.4909,73.8278,05:08,12:36,15:51,18:51,19:59,2025-08-27
India,Goa,15.4909,73.8278,05:09,12:36,15:51,18:50,19:59,2025-08-28
India,Goa,15.4909,73.8278,05:09,12:35,15:51,18:49,19:58,2025-08-29
India,Goa,15.4909,73.8278,05:09,12:35,15:51,18:48,19:57,2025-08-30
India,Goa,15.4909,73.8278,05:09,12:35,15:51,18:48,19:56,2025-08-31
India,Goa,15.4909,73.8278,05:09,12:35,15:51,18:47,19:55,2025-09-01
India,Goa,15.4909,73.8278,05:10,12:34,15:51,18:46,19:55,2025-09-02
India,Goa,15.4909,73.8278,05:10,12:34,15:51,18:45,19:54,2025-09-03
India,Goa,15.4909,73.8278,05:10,12:34,15:51,18:45,19:53,2025-09-04
India,Goa,15.4909,73.8278,05:10,12:33,15:51,18:44,19:52,2025-09-05
India,Goa,15.4909,73.8278,05:10,12:33,15:51,18:43,19:51,2025-09-06
India,Goa,15.4909,73.8278,05:11,12:33,15:51,18:42,19:50,2025-09-07
India,Goa,15.4909,73.8278,05:11,12:32,15:51,18:42,19:50,2025-09-08
India,Goa,15.4909,73.8278,05:11,12:32,15:50,18:41,19:49,2025-09-09
India,Goa,15.4909,73.8278,05:11,12:32,15:50,18:40,19:48,2025-09-10
India,Goa,15.4909,73.8278,05:11,12:31,15:50,18:39,19:47,2025-09-11
India,Goa,15.4909,73.8278,05:11,12:31,15:50,18:39,19:46,2025-09-12
India,Goa,15.4909,73.8278,05:11,12:30,15:50,18:38,19:45,2025-09-13
India,Goa,15.4909,73.8278,05:11,12:30,15:50,18:37,19:44,2025-09-14
India,Goa,15.4909,73.8278,05:12,12:30,15:50,18:36,19:44,2025-09-15
India,Goa,15.4909,73.8278,05:12,12:29,15:49,18:35,19:43,2025-09-16
India,Goa,15.4909,73.8278,05:12,12:29,15:49,18:35,19:42,2025-09-17
India,Goa,15.4909,73.8278,05:12,12:29,15:49,18:34,19:41,2025-09-18
India,Goa,15.4909,73.8278,05:12,12:28,15:49,18:33,19:40,2025-09-19
India,Goa,15.4909,73.8278,05:12,12:28,15:49,18:32,19:40,2025-09-20
India,Goa,15.4909,73.8278,05:12,12:28,15:48,18:32,19:39,2025-09-21
India,Goa,15.4909,73.8278,05:12,12:27,15:48,18:31,19:38,2025-09-22
India,Goa,15.4909,73.8278,05:12,12:27,15:48,18:30,19:37,2025-09-23
India,Goa,15.4909,73.8278,05:13,12:27,15:48,18:29,19:36,2025-09-24
India,Goa,15.4909,73.8278,05:13,12:26,15:47,18:28,19:36,2025-09-25
India,Goa,15.4909,73.8278,05:13,12:26,15:47,18:28,19:35,2025-09-26
India,Goa,15.4909,73.8278,05:13,12:26,15:47,18:27,19:34,2025-09-27
India,Goa,15.4909,73.8278,05:13,12:25,15:47,18:26,19:33,2025-09-28
India,Goa,15.4909,73.8278,05:13,12:25,15:46,18:25,19:32,2025-09-29
India,Goa,15.4909,73.8278,05:13,12:25,15:46,18:25,19:32,2025-09-30
India,Goa,15.4909,73.8278,05:13,12:24,15:46,18:24,19:31,2025-10-01
India,Goa,15.4909,73.8278,05:13,12:24,15:45,18:23,19:30,2025-10-02
India,Goa,15.4909,73.8278,05:14,12:24,15:45,18:22,19:29,2025-10-03
India,Goa,15.4909,73.8278,05:14,12:23,15:45,18:22,19:29,2025-10-04
India,Goa,15.4909,73.8278,05:14,12:23,15:45,18:21,19:28,2025-10-05
India,Goa,15.4909,73.8278,05:14,12:23,15:44,18:20,19:27,2025-10-06
India,Goa,15.4909,73.8278,05:14,12:22,15:44,18:19,19:27,2025-10-07
India,Goa,15.4909,73.8278,05:14,12:22,15:44,18:19,19:26,2025-10-08
India,Goa,15.4909,73.8278,05:14,12:22,15:43,18:18,19:25,2025-10-09
India,Goa,15.4909,73.8278,05:14,12:22,15:43,18:17,19:25,2025-10-10
India,Goa,15.4909,73.8278,05:14,12:21,15:43,18:17,19:24,2025-10-11
India,Goa,15.4909,73.8278,05:15,12:21,15:42,18:16,19:23,2025-10-12
India,Goa,15.4909,73.8278,05:15,12:21,15:42,18:15,19:23,2025-10-13
India,Goa,15.4909,73.8278,05:15,12:21,15:42,18:15,19:22,2025-10-14
India,Goa,15.4909,73.8278,05:15,12:20,15:42,18:14,19:22,2025-10-15
India,Goa,15.4909,73.8278,05:15,12:20,15:41,18:13,19:21,2025-10-16
India,Goa,15.4909,73.8278,05:15,12:20,15:41,18:13,19:20,2025-10-17
India,Goa,15.4909,73.8278,05:15,12:20,15:41,18:12,19:20,2025-10-18
India,Goa,15.4909,73.8278,05:16,12:20,15:40,18:12,19:19,2025-10-19
India,Goa,15.4909,73.8278,05:16,12:19,15:40,18:11,19:19,2025-10-20
India,Goa,15.4909,73.8278,05:16,12:19,15:40,18:10,19:18,2025-10-21
India,Goa,15.4909,73.8278,05:16,12:19,15:40,18:10,19:18,2025-10-22
India,Goa,15.4909,73.8278,05:16,12:19,15:39,18:09,19:17,2025-10-23
India,Goa,15.4909,73.8278,05:16,12:19,15:39,18:09,19:17,2025-10-24
India,Goa,15.4909,73.8278,05:17,12:19,15:39,18:08,19:17,2025-10-25
India,Goa,15.4909,73.8278,05:17,12:19,15:39,18:08,19:16,2025-10-26
India,Goa,15.4909,73.8278,05:17,12:19,15:38,18:07,19:16,2025-10-27
India,Goa,15.4909,73.8278,05:17,12:18,15:38,18:07,19:15,2025-10-28
India,Goa,15.4909,73.8278,05:17,12:18,15:38,18:06,19:15,2025-10-29
India,Goa,15.4909,73.8278,05:18,12:18,15:38,18:06,19:15,2025-10-30
India,Goa,15.4909,73.8278,05:18,12:18,15:38,18:06,19:14,2025-10-31
India,Goa,15.4909,73.8278,05:18,12:18,15:37,18:05,19:14,2025-11-01
India,Goa,15.4909,73.8278,05:18,12:18,15:37,18:05,19:14,2025-11-02
India,Goa,15.4909,73.8278,05:19,12:18,15:37,18:04,19:13,2025-11-03
India,Goa,15.4909,73.8278,05:19,12:18,15:37,18:04,19:13,2025-11-04
India,Goa,15.4909,73.8278,05:19,12:18,15:37,18:04,19:13,2025-11-05
India,Goa,15.4909,73.8278,05:20,12:18,15:37,18:03,19:13,2025-11-06
India,Goa,15.4909,73.8278,05:20,12:18,15:36,18:03,19:13,2025-11-07
India,Goa,15.4909,73.8278,05:20,12:18,15:36,18:03,19:12,2025-11-08
India,Goa,15.4909,73.8278,05:21,12:19,15:36,18:03,19:12,2025-11-09
India,Goa,15.4909,73.8278,05:21,12:19,15:36,18:02,19:12,2025-11-10
India,Goa,15.4909,73.8278,05:21,12:19,15:36,18:02,19:12,2025-11-11
India,Goa,15.4909,73.8278,05:22,12:19,15:36,18:02,19:12,2025-11-12
India,Goa,15.4909,73.8278,05:22,12:19,15:36,18:02,19:12,2025-11-13
India,Goa,15.4909,73.8278,05:22,12:19,15:36,18:02,19:12,2025-11-14
India,Goa,15.4909,73.8278,05:23,12:19,15:36,18:02,19:12,2025-11-15
India,Goa,15.4909,73.8278,05:23,12:20,15:36,18:01,19:12,2025-11-16
India,Goa,15.4909,73.8278,05:23,12:20,15:36,18:01,19:12,2025-11-17
India,Goa,15.4909,73.8278,05:24,12:20,15:36,18:01,19:12,2025-11-18
India,Goa,15.4909,73.8278,05:24,12:20,15:36,18:01,19:12,2025-11-19
India,Goa,15.4909,73.8278,05:25,12:20,15:36,18:01,19:12,2025-11-20
India,Goa,15.4909,73.8278,05:25,12:21,15:36,18:01,19:12,2025-11-21
India,Goa,15.4909,73.8278,05:26,12:21,15:36,18:01,19:12,2025-11-22
India,Goa,15.4909,73.8278,05:26,12:21,15:36,18:01,19:12,2025-11-23
India,Goa,15.4909,73.8278,05:26,12:21,15:36,18:01,19:12,2025-11-24
India,Goa,15.4909,73.8278,05:27,12:22,15:37,18:01,19:12,2025-11-25
India,Goa,15.4909,73.8278,05:27,12:22,15:37,18:01,19:13,2025-11-26
India,Goa,15.4909,73.8278,05:28,12:22,15:37,18:01,19:13,2025-11-27
India,Goa,15.4909,73.8278,05:28,12:23,15:37,18:02,19:13,2025-11-28
India,Goa,15.4909,73.8278,05:29,12:23,15:37,18:02,19:13,2025-11-29
India,Goa,15.4909,73.8278,05:29,12:23,15:38,18:02,19:13,2025-11-30
India,Goa,15.4909,73.8278,05:30,12:24,15:38,18:02,19:14,2025-12-01
India,Goa,15.4909,73.8278,05:30,12:24,15:38,18:02,19:14,2025-12-02
India,Goa,15.4909,73.8278,05:31,12:25,15:38,18:02,19:14,2025-12-03
India,Goa,15.4909,73.8278,05:31,12:25,15:39,18:03,19:15,2025-12-04
India,Goa,15.4909,73.8278,05:32,12:25,15:39,18:03,19:15,2025-12-05
India,Goa,15.4909,73.8278,05:32,12:26,15:39,18:03,19:15,2025-12-06
India,Goa,15.4909,73.8278,05:33,12:26,15:40,18:03,19:16,2025-12-07
India,Goa,15.4909,73.8278,05:33,12:27,15:40,18:04,19:16,2025-12-08
India,Goa,15.4909,73.8278,05:34,12:27,15:40,18:04,19:16,2025-12-09
India,Goa,15.4909,73.8278,05:34,12:28,15:41,18:04,19:17,2025-12-10
India,Goa,15.4909,73.8278,05:35,12:28,15:41,18:05,19:17,2025-12-11
India,Goa,15.4909,73.8278,05:35,12:29,15:41,18:05,19:17,2025-12-12
India,Goa,15.4909,73.8278,05:36,12:29,15:42,18:06,19:18,2025-12-13
India,Goa,15.4909,73.8278,05:36,12:30,15:42,18:06,19:18,2025-12-14
India,Goa,15.4909,73.8278,05:37,12:30,15:43,18:06,19:19,2025-12-15
India,Goa,15.4909,73.8278,05:37,12:31,15:43,18:07,19:19,2025-12-16
India,Goa,15.4909,73.8278,05:38,12:31,15:44,18:07,19:20,2025-12-17
India,Goa,15.4909,73.8278,05:38,12:31,15:44,18:08,19:20,2025-12-18
India,Goa,15.4909,73.8278,05:39,12:32,15:44,18:08,19:21,2025-12-19
India,Goa,15.4909,73.8278,05:39,12:32,15:45,18:09,19:21,2025-12-20
India,Goa,15.4909,73.8278,05:40,12:33,15:45,18:09,19:22,2025-12-21
India,Goa,15.4909,73.8278,05:40,12:33,15:46,18:10,19:22,2025-12-22
India,Goa,15.4909,73.8278,05:41,12:34,15:46,18:10,19:23,2025-12-23
India,Goa,15.4909,73.8278,05:41,12:34,15:47,18:11,19:23,2025-12-24
India,Goa,15.4909,73.8278,05:42,12:35,15:47,18:11,19:24,2025-12-25
India,Goa,15.4909,73.8278,05:42,12:35,15:48,18:12,19:24,2025-12-26
India,Goa,15.4909,73.8278,05:43,12:36,15:49,18:12,19:25,2025-12-27
India,Goa,15.4909,73.8278,05:43,12:36,15:49,18:13,19:25,2025-12-28
India,Goa,15.4909,73.8278,05:44,12:37,15:50,18:13,19:26,2025-12-29
India,Goa,15.4909,73.8278,05:44,12:37,15:50,18:14,19:26,2025-12-30
India,Goa,15.4909,73.8278,05:45,12:38,15:51,18:15,19:27,2025-12-31
India,Gujarat,23.2156,72.6369,06:01,12:43,15:45,18:05,19:21,2025-01-01
India,Gujarat,23.2156,72.6369,06:01,12:44,15:46,18:06,19:22,2025-01-02
India,Gujarat,23.2156,72.6369,06:02,12:44,15:46,18:07,19:22,2025-01-03
India,Gujarat,23.2156,72.6369,06:02,12:45,15:47,18:07,19:23,2025-01-04
India,Gujarat,23.2156,72.6369,06:02,12:45,15:48,18:08,19:23,2025-01-05
India,Gujarat,23.2156,72.6369,06:02,12:45,15:48,18:09,19:24,2025-01-06
India,Gujarat,23.2156,72.6369,06:03,12:46,15:49,18:09,19:25,2025-01-07
India,Gujarat,23.2156,72.6369,06:03,12:46,15:50,18:10,19:25,2025-01-08
India,Gujarat,23.2156,72.6369,06:03,12:47,15:50,18:11,19:26,2025-01-09
India,Gujarat,23.2156,72.6369,06:03,12:47,15:51,18:12,19:26,2025-01-10
India,Gujarat,23.2156,72.6369,06:03,12:48,15:51,18:12,19:27,2025-01-11
India,Gujarat,23.2156,72.6369,06:04,12:48,15:52,18:13,19:28,2025-01-12
India,Gujarat,23.2156,72.6369,06:04,12:48,15:53,18:14,19:28,2025-01-13
India,Gujarat,23.2156,72.6369,06:04,12:49,15:53,18:14,19:29,2025-01-14
India,Gujarat,23.2156,72.6369,06:04,12:49,15:54,18:15,19:30,2025-01-15
India,Gujarat,23.2156,72.6369,06:04,12:49,15:55,18:16,19:30,2025-01-16
India,Gujarat,23.2156,72.6369,06:04,12:50,15:55,18:17,19:31,2025-01-17
India,Gujarat,23.2156,72.6369,06:04,12:50,15:56,18:17,19:31,2025-01-18
India,Gujarat,23.2156,72.6369,06:04,12:50,15:57,18:18,19:32,2025-01-19
India,Gujarat,23.2156,72.6369,06:04,12:51,15:57,18:19,19:33,2025-01-20
India,Gujarat,23.2156,72.6369,06:04,12:51,15:58,18:19,19:33,2025-01-21
India,Gujarat,23.2156,72.6369,06:04,12:51,15:58,18:20,19:34,2025-01-22
India,Gujarat,23.2156,72.6369,06:04,12:51,15:59,18:21,19:35,2025-01-23
India,Gujarat,23.2156,72.6369,06:04,12:52,16:00,18:21,19:35,2025-01-24
India,Gujarat,23.2156,72.6369,06:04,12:52,16:00,18:22,19:36,2025-01-25
India,Gujarat,23.2156,72.6369,06:03,12:52,16:01,18:23,19:36,2025-01-26
India,Gujarat,23.2156,72.6369,06:03,12:52,16:01,18:24,19:37,2025-01-27
India,Gujarat,23.2156,72.6369,06:03,12:52,16:02,18:24,19:37,2025-01-28
India,Gujarat,23.2156,72.6369,06:03,12:53,16:02,18:25,19:38,2025-01-29
India,Gujarat,23.2156,72.6369,06:03,12:53,16:03,18:26,19:39,2025-01-30
India,Gujarat,23.2156,72.6369,06:02,12:53,16:03,18:26,19:39,2025-01-31
India,Gujarat,23.2156,72.6369,06:02,12:53,16:04,18:27,19:40,2025-02-01
India,Gujarat,23.2156,72.6369,06:02,12:53,16:04,18:28,19:40,2025-02-02
India,Gujarat,23.2156,72.6369,06:01,12:53,16:05,18:28,19:41,2025-02-03
India,Gujarat,23.2156,72.6369,06:01,12:53,16:05,18:29,19:41,2025-02-04
India,Gujarat,23.2156,72.6369,06:01,12:53,16:06,18:30,19:42,2025-02-05
India,Gujarat,23.2156,72.6369,06:00,12:54,16:06,18:30,19:42,2025-02-06
India,Gujarat,23.2156,72.6369,06:00,12:54,16:07,18:31,19:43,2025-02-07
India,Gujarat,23.2156,72.6369,05:59,12:54,16:07,18:31,19:44,2025-02-08
India,Gujarat,23.2156,72.6369,05:59,12:54,16:08,18:32,19:44,2025-02-09
India,Gujarat,23.2156,72.6369,05:58,12:54,16:08,18:33,19:45,2025-02-10
India,Gujarat,23.2156,72.6369,05:58,12:54,16:08,18:33,19:45,2025-02-11
India,Gujarat,23.2156,72.6369,05:57,12:54,16:09,18:34,19:46,2025-02-12
India,Gujarat,23.2156,72.6369,05:57,12:54,16:09,18:34,19:46,2025-02-13
India,Gujarat,23.2156,72.6369,05:56,12:54,16:09,18:35,19:47,2025-02-14
India,Gujarat,23.2156,72.6369,05:56,12:54,16:10,18:36,19:47,2025-02-15
India,Gujarat,23.2156,72.6369,05:55,12:53,16:10,18:36,19:47,2025-02-16
India,Gujarat,23.2156,72.6369,05:54,12:53,16:10,18:37,19:48,2025-02-17
India,Gujarat,23.2156,72.6369,05:54,12:53,16:11,18:37,19:48,2025-02-18
India,Gujarat,23.2156,72.6369,05:53,12:53,16:11,18:38,19:49,2025-02-19
India,Gujarat,23.2156,72.6369,05:52,12:53,16:11,18:38,19:49,2025-02-20
India,Gujarat,23.2156,72.6369,05:52,12:53,16:11,18:39,19:50,2025-02-21
India,Gujarat,23.2156,72.6369,05:51,12:53,16:12,18:39,19:50,2025-02-22
India,Gujarat,23.2156,72.6369,05:50,12:53,16:12,18:40,19:51,2025-02-23
India,Gujarat,23.2156,72.6369,05:50,12:53,16:12,18:40,19:51,2025-02-24
India,Gujarat,23.2156,72.6369,05:49,12:52,16:12,18:41,19:52,2025-02-25
India,Gujarat,23.2156,72.6369,05:48,12:52,16:12,18:41,19:52,2025-02-26
India,Gujarat,23.2156,72.6369,05:47,12:52,16:13,18:42,19:52,2025-02-27
India,Gujarat,23.2156,72.6369,05:46,12:52,16:13,18:42,19:53,2025-02-28
India,Gujarat,23.2156,72.6369,05:46,12:52,16:13,18:43,19:53,2025-03-01
India,Gujarat,23.2156,72.6369,05:45,12:51,16:13,18:43,19:54,2025-03-02
India,Gujarat,23.2156,72.6369,05:44,12:51,16:13,18:44,19:54,2025-03-03
India,Gujarat,23.2156,72.6369,05:43,12:51,16:13,18:44,19:55,2025-03-04
India,Gujarat,23.2156,72.6369,05:42,12:51,16:13,18:45,19:55,2025-03-05
India,Gujarat,23.2156,72.6369,05:41,12:51,16:13,18:45,19:55,2025-03-06
India,Gujarat,23.2156,72.6369,05:41,12:50,16:13,18:45,19:56,2025-03-07
India,Gujarat,23.2156,72.6369,05:40,12:50,16:13,18:46,19:56,2025-03-08
India,Gujarat,23.2156,72.6369,05:39,12:50,16:13,18:46,19:57,2025-03-09
India,Gujarat,23.2156,72.6369,05:38,12:50,16:13,18:47,19:57,2025-03-10
India,Gujarat,23.2156,72.6369,05:37,12:49,16:13,18:47,19:57,2025-03-11
India,Gujarat,23.2156,72.6369,05:36,12:49,16:13,18:47,19:58,2025-03-12
India,Gujarat,23.2156,72.6369,05:35,12:49,16:13,18:48,19:58,2025-03-13
India,Gujarat,23.2156,72.6369,05:34,12:49,16:13,18:48,19:59,2025-03-14
India,Gujarat,23.2156,72.6369,05:33,12:48,16:13,18:49,19:59,2025-03-15
India,Gujarat,23.2156,72.6369,05:32,12:48,16:13,18:49,20:00,2025-03-16
India,Gujarat,23.2156,72.6369,05:31,12:48,16:13,18:49,20:00,2025-03-17
India,Gujarat,23.2156,72.6369,05:30,12:47,16:13,18:50,20:00,2025-03-18
India,Gujarat,23.2156,72.6369,05:29,12:47,16:13,18:50,20:01,2025-03-19
India,Gujarat,23.2156,72.6369,05:28,12:47,16:12,18:51,20:01,2025-03-20
India,Gujarat,23.2156,72.6369,05:27,12:46,16:12,18:51,20:02,2025-03-21
India,Gujarat,23.2156,72.6369,05:26,12:46,16:12,18:51,20:02,2025-03-22
India,Gujarat,23.2156,72.6369,05:25,12:46,16:12,18:52,20:02,2025-03-23
India,Gujarat,23.2156,72.6369,05:24,12:46,16:12,18:52,20:03,2025-03-24
India,Gujarat,23.2156,72.6369,05:23,12:45,16:12,18:53,20:03,2025-03-25
India,Gujarat,23.2156,72.6369,05:22,12:45,16:11,18:53,20:04,2025-03-26
India,Gujarat,23.2156,72.6369,05:21,12:45,16:11,18:53,20:04,2025-03-27
India,Gujarat,23.2156,72.6369,05:20,12:44,16:11,18:54,20:05,2025-03-28
India,Gujarat,23.2156,72.6369,05:19,12:44,16:11,18:54,20:05,2025-03-29
India,Gujarat,23.2156,72.6369,05:18,12:44,16:11,18:54,20:06,2025-03-30
India,Gujarat,23.2156,72.6369,05:16,12:43,16:10,18:55,20:06,2025-03-31
India,Gujarat,23.2156,72.6369,05:15,12:43,16:10,18:55,20:06,2025-04-01
India,Gujarat,23.2156,72.6369,05:14,12:43,16:10,18:56,20:07,2025-04-02
India,Gujarat,23.2156,72.6369,05:13,12:43,16:10,18:56,20:07,2025-04-03
India,Gujarat,23.2156,72.6369,05:12,12:42,16:09,18:56,20:08,2025-04-04
India,Gujarat,23.2156,72.6369,05:11,12:42,16:09,18:57,20:08,2025-04-05
India,Gujarat,23.2156,72.6369,05:10,12:42,16:09,18:57,20:09,2025-04-06
India,Gujarat,23.2156,72.6369,05:09,12:41,16:09,18:57,20:09,2025-04-07
India,Gujarat,23.2156,72.6369,05:08,12:41,16:08,18:58,20:10,2025-04-08
India,Gujarat,23.2156,72.6369,05:07,12:41,16:08,18:58,20:10,2025-04-09
India,Gujarat,23.2156,72.6369,05:06,12:41,16:08,18:59,20:11,2025-04-10
India,Gujarat,23.2156,72.6369,05:05,12:40,16:07,18:59,20:11,2025-04-11
India,Gujarat,23.2156,72.6369,05:04,12:40,16:07,18:59,20:12,2025-04-12
India,Gujarat,23.2156,72.6369,05:03,12:40,16:07,19:00,20:12,2025-04-13
India,Gujarat,23.2156,72.6369,05:02,12:40,16:07,19:00,20:13,2025-04-14
India,Gujarat,23.2156,72.6369,05:01,12:39,16:06,19:00,20:13,2025-04-15
India,Gujarat,23.2156,72.6369,05:00,12:39,16:06,19:01,20:14,2025-04-16
India,Gujarat,23.2156,72.6369,04:59,12:39,16:06,19:01,20:15,2025-04-17
India,Gujarat,23.2156,72.6369,04:58,12:39,16:05,19:02,20:15,2025-04-18
India,Gujarat,23.2156,72.6369,04:57,12:38,16:05,19:02,20:16,2025-04-19
India,Gujarat,23.2156,72.6369,04:56,12:38,16:05,19:03,20:16,2025-04-20
India,Gujarat,23.2156,72.6369,04:55,12:38,16:04,19:03,20:17,2025-04-21
India,Gujarat,23.2156,72.6369,04:54,12:38,16:04,19:03,20:17,2025-04-22
India,Gujarat,23.2156,72.6369,04:53,12:38,16:04,19:04,20:18,2025-04-23
India,Gujarat,23.2156,72.6369,04:52,12:38,16:03,19:04,20:19,2025-04-24
India,Gujarat,23.2156,72.6369,04:51,12:37,16:03,19:05,20:19,2025-04-25
India,Gujarat,23.2156,72.6369,04:50,12:37,16:03,19:05,20:20,2025-04-26
India,Gujarat,23.2156,72.6369,04:49,12:37,16:02,19:05,20:20,2025-04-27
India,Gujarat,23.2156,72.6369,04:48,12:37,16:02,19:06,20:21,2025-04-28
India,Gujarat,23.2156,72.6369,04:47,12:37,16:02,19:06,20:22,2025-04-29
India,Gujarat,23.2156,72.6369,04:46,12:37,16:02,19:07,20:22,2025-04-30
India,Gujarat,23.2156,72.6369,04:45,12:37,16:01,19:07,20:23,2025-05-01
India,Gujarat,23.2156,72.6369,04:45,12:36,16:01,19:08,20:23,2025-05-02
India,Gujarat,23.2156,72.6369,04:44,12:36,16:01,19:08,20:24,2025-05-03
India,Gujarat,23.2156,72.6369,04:43,12:36,16:00,19:09,20:25,2025-05-04
India,Gujarat,23.2156,72.6369,04:42,12:36,16:00,19:09,20:25,2025-05-05
India,Gujarat,23.2156,72.6369,04:41,12:36,16:00,19:10,20:26,2025-05-06
India,Gujarat,23.2156,72.6369,04:40,12:36,16:00,19:10,20:27,2025-05-07
India,Gujarat,23.2156,72.6369,04:40,12:36,15:59,19:10,20:27,2025-05-08
India,Gujarat,23.2156,72.6369,04:39,12:36,15:59,19:11,20:28,2025-05-09
India,Gujarat,23.2156,72.6369,04:38,12:36,15:59,19:11,20:29,2025-05-10
India,Gujarat,23.2156,72.6369,04:38,12:36,15:59,19:12,20:29,2025-05-11
India,Gujarat,23.2156,72.6369,04:37,12:36,15:58,19:12,20:30,2025-05-12
India,Gujarat,23.2156,72.6369,04:36,12:36,15:58,19:13,20:30,2025-05-13
India,Gujarat,23.2156,72.6369,04:35,12:36,15:58,19:13,20:31,2025-05-14
India,Gujarat,23.2156,72.6369,04:35,12:36,15:58,19:14,20:32,2025-05-15
India,Gujarat,23.2156,72.6369,04:34,12:36,15:57,19:14,20:32,2025-05-16
India,Gujarat,23.2156,72.6369,04:34,12:36,15:57,19:15,20:33,2025-05-17
India,Gujarat,23.2156,72.6369,04:33,12:36,15:57,19:15,20:34,2025-05-18
India,Gujarat,23.2156,72.6369,04:32,12:36,15:57,19:16,20:34,2025-05-19
India,Gujarat,23.2156,72.6369,04:32,12:36,15:57,19:16,20:35,2025-05-20
India,Gujarat,23.2156,72.6369,04:31,12:36,15:57,19:17,20:36,2025-05-21
India,Gujarat,23.2156,72.6369,04:31,12:36,15:56,19:17,20:36,2025-05-22
India,Gujarat,23.2156,72.6369,04:30,12:36,15:56,19:18,20:37,2025-05-23
India,Gujarat,23.2156,72.6369,04:30,12:36,15:56,19:18,20:38,2025-05-24
India,Gujarat,23.2156,72.6369,04:30,12:36,15:56,19:18,20:38,2025-05-25
India,Gujarat,23.2156,72.6369,04:29,12:37,15:56,19:19,20:39,2025-05-26
India,Gujarat,23.2156,72.6369,04:29,12:37,15:56,19:19,20:39,2025-05-27
India,Gujarat,23.2156,72.6369,04:28,12:37,15:56,19:20,20:40,2025-05-28
India,Gujarat,23.2156,72.6369,04:28,12:37,15:56,19:20,20:41,2025-05-29
India,Gujarat,23.2156,72.6369,04:28,12:37,15:56,19:21,20:41,2025-05-30
India,Gujarat,23.2156,72.6369,04:28,12:37,15:56,19:21,20:42,2025-05-31
India,Gujarat,23.2156,72.6369,04:27,12:37,15:56,19:22,20:42,2025-06-01
India,Gujarat,23.2156,72.6369,04:27,12:38,15:56,19:22,20:43,2025-06-02
India,Gujarat,23.2156,72.6369,04:27,12:38,15:56,19:22,20:43,2025-06-03
India,Gujarat,23.2156,72.6369,04:27,12:38,15:56,19:23,20:44,2025-06-04
India,Gujarat,23.2156,72.6369,04:27,12:38,15:56,19:23,20:44,2025-06-05
India,Gujarat,23.2156,72.6369,04:26,12:38,15:56,19:24,20:45,2025-06-06
India,Gujarat,23.2156,72.6369,04:26,12:38,15:56,19:24,20:45,2025-06-07
India,Gujarat,23.2156,72.6369,04:26,12:39,15:56,19:24,20:46,2025-06-08
India,Gujarat,23.2156,72.6369,04:26,12:39,15:56,19:25,20:46,2025-06-09
India,Gujarat,23.2156,72.6369,04:26,12:39,15:56,19:25,20:47,2025-06-10
India,Gujarat,23.2156,72.6369,04:26,12:39,15:56,19:25,20:47,2025-06-11
India,Gujarat,23.2156,72.6369,04:26,12:39,15:56,19:26,20:47,2025-06-12
India,Gujarat,23.2156,72.6369,04:26,12:40,15:57,19:26,20:48,2025-06-13
India,Gujarat,23.2156,72.6369,04:26,12:40,15:57,19:26,20:48,2025-06-14
India,Gujarat,23.2156,72.6369,04:26,12:40,15:57,19:27,20:48,2025-06-15
India,Gujarat,23.2156,72.6369,04:26,12:40,15:58,19:27,20:49,2025-06-16
India,Gujarat,23.2156,72.6369,04:27,12:41,15:58,19:27,20:49,2025-06-17
India,Gujarat,23.2156,72.6369,04:27,12:41,15:58,19:28,20:49,2025-06-18
India,Gujarat,23.2156,72.6369,04:27,12:41,15:58,19:28,20:50,2025-06-19
India,Gujarat,23.2156,72.6369,04:27,12:41,15:59,19:28,20:50,2025-06-20
India,Gujarat,23.2156,72.6369,04:27,12:41,15:59,19:28,20:50,2025-06-21
India,Gujarat,23.2156,72.6369,04:27,12:42,15:59,19:28,20:50,2025-06-22
India,Gujarat,23.2156,72.6369,04:28,12:42,15:59,19:29,20:50,2025-06-23
India,Gujarat,23.2156,72.6369,04:28,12:42,15:59,19:29,20:51,2025-06-24
India,Gujarat,23.2156,72.6369,04:28,12:42,16:00,19:29,20:51,2025-06-25
India,Gujarat,23.2156,72.6369,04:29,12:42,16:00,19:29,20:51,2025-06-26
India,Gujarat,23.2156,72.6369,04:29,12:43,16:00,19:29,20:51,2025-06-27
India,Gujarat,23.2156,72.6369,04:29,12:43,16:00,19:29,20:51,2025-06-28
India,Gujarat,23.2156,72.6369,04:30,12:43,16:00,19:29,20:51,2025-06-29
India,Gujarat,23.2156,72.6369,04:30,12:43,16:00,19:29,20:51,2025-06-30
India,Gujarat,23.2156,72.6369,04:31,12:43,16:01,19:30,20:51,2025-07-01
India,Gujarat,23.2156,72.6369,04:31,12:44,16:01,19:30,20:51,2025-07-02
India,Gujarat,23.2156,72.6369,04:31,12:44,16:01,19:30,20:51,2025-07-03
India,Gujarat,23.2156,72.6369,04:32,12:44,16:01,19:30,20:51,2025-07-04
India,Gujarat,23.2156,72.6369,04:32,12:44,16:02,19:30,20:51,2025-07-05
India,Gujarat,23.2156,72.6369,04:33,12:44,16:02,19:29,20:51,2025-07-06
India,Gujarat,23.2156,72.6369,04:33,12:44,16:02,19:29,20:50,2025-07-07
India,Gujarat,23.2156,72.6369,04:34,12:45,16:03,19:29,20:50,2025-07-08
India,Gujarat,23.2156,72.6369,04:34,12:45,16:03,19:29,20:50,2025-07-09
India,Gujarat,23.2156,72.6369,04:35,12:45,16:03,19:29,20:50,2025-07-10
India,Gujarat,23.2156,72.6369,04:35,12:45,16:04,19:29,20:49,2025-07-11
India,Gujarat,23.2156,72.6369,04:36,12:45,16:04,19:29,20:49,2025-07-12
India,Gujarat,23.2156,72.6369,04:37,12:45,16:04,19:29,20:49,2025-07-13
India,Gujarat,23.2156,72.6369,04:37,12:45,16:04,19:28,20:48,2025-07-14
India,Gujarat,23.2156,72.6369,04:38,12:46,16:05,19:28,20:48,2025-07-15
India,Gujarat,23.2156,72.6369,04:38,12:46,16:05,19:28,20:48,2025-07-16
India,Gujarat,23.2156,72.6369,04:39,12:46,16:05,19:28,20:47,2025-07-17
India,Gujarat,23.2156,72.6369,04:39,12:46,16:06,19:27,20:47,2025-07-18
India,Gujarat,23.2156,72.6369,04:40,12:46,16:06,19:27,20:46,2025-07-19
India,Gujarat,23.2156,72.6369,04:41,12:46,16:06,19:27,20:46,2025-07-20
India,Gujarat,23.2156,72.6369,04:41,12:46,16:06,19:26,20:45,2025-07-21
India,Gujarat,23.2156,72.6369,04:42,12:46,16:07,19:26,20:45,2025-07-22
India,Gujarat,23.2156,72.6369,04:43,12:46,16:07,19:26,20:44,2025-07-23
India,Gujarat,23.2156,72.6369,04:43,12:46,16:07,19:25,20:44,2025-07-24
India,Gujarat,23.2156,72.6369,04:44,12:46,16:07,19:25,20:43,2025-07-25
India,Gujarat,23.2156,72.6369,04:44,12:46,16:08,19:24,20:43,2025-07-26
India,Gujarat,23.2156,72.6369,04:45,12:46,16:08,19:24,20:42,2025-07-27
India,Gujarat,23.2156,72.6369,04:46,12:46,16:08,19:23,20:41,2025-07-28
India,Gujarat,23.2156,72.6369,04:46,12:46,16:08,19:23,20:41,2025-07-29
India,Gujarat,23.2156,72.6369,04:47,12:46,16:08,19:22,20:40,2025-07-30
India,Gujarat,23.2156,72.6369,04:48,12:46,16:09,19:22,20:39,2025-07-31
India,Gujarat,23.2156,72.6369,04:48,12:46,16:09,19:21,20:38,2025-08-01
India,Gujarat,23.2156,72.6369,04:49,12:46,16:09,19:21,20:38,2025-08-02
India,Gujarat,23.2156,72.6369,04:49,12:46,16:09,19:20,20:37,2025-08-03
India,Gujarat,23.2156,72.6369,04:50,12:46,16:09,19:20,20:36,2025-08-04
India,Gujarat,23.2156,72.6369,04:51,12:45,16:09,19:19,20:35,2025-08-05
India,Gujarat,23.2156,72.6369,04:51,12:45,16:09,19:18,20:35,2025-08-06
India,Gujarat,23.2156,72.6369,04:52,12:45,16:09,19:18,20:34,2025-08-07
India,Gujarat,23.2156,72.6369,04:52,12:45,16:09,19:17,20:33,2025-08-08
India,Gujarat,23.2156,72.6369,04:53,12:45,16:09,19:16,20:32,2025-08-09
India,Gujarat,23.2156,72.6369,04:54,12:45,16:09,19:16,20:31,2025-08-10
India,Gujarat,23.2156,72.6369,04:54,12:45,16:09,19:15,20:30,2025-08-11
India,Gujarat,23.2156,72.6369,04:55,12:44,16:09,19:14,20:29,2025-08-12
India,Gujarat,23.2156,72.6369,04:55,12:44,16:09,19:13,20:28,2025-08-13
India,Gujarat,23.2156,72.6369,04:56,12:44,16:09,19:13,20:27,2025-08-14
India,Gujarat,23.2156,72.6369,04:56,12:44,16:09,19:12,20:27,2025-08-15
India,Gujarat,23.2156,72.6369,04:57,12:44,16:09,19:11,20:26,2025-08-16
India,Gujarat,23.2156,72.6369,04:58,12:43,16:09,19:10,20:25,2025-08-17
India,Gujarat,23.2156,72.6369,04:58,12:43,16:09,19:09,20:24,2025-08-18
India,Gujarat,23.2156,72.6369,04:59,12:43,16:09,19:09,20:23,2025-08-19
India,Gujarat,23.2156,72.6369,04:59,12:43,16:09,19:08,20:22,2025-08-20
India,Gujarat,23.2156,72.6369,05:00,12:42,16:09,19:07,20:21,2025-08-21
India,Gujarat,23.2156,72.6369,05:00,12:42,16:09,19:06,20:20,2025-08-22
India,Gujarat,23.2156,72.6369,05:01,12:42,16:09,19:05,20:19,2025-08-23
India,Gujarat,23.2156,72.6369,05:01,12:42,16:08,19:04,20:18,2025-08-24
India,Gujarat,23.2156,72.6369,05:02,12:41,16:08,19:03,20:16,2025-08-25
India,Gujarat,23.2156,72.6369,05:02,12:41,16:08,19:02,20:15,2025-08-26
India,Gujarat,23.2156,72.6369,05:03,12:41,16:08,19:02,20:14,2025-08-27
India,Gujarat,23.2156,72.6369,05:03,12:41,16:07,19:01,20:13,2025-08-28
India,Gujarat,23.2156,72.6369,05:04,12:40,16:07,19:00,20:12,2025-08-29
India,Gujarat,23.2156,72.6369,05:04,12:40,16:07,18:59,20:11,2025-08-30
India,Gujarat,23.2156,72.6369,05:05,12:40,16:07,18:58,20:10,2025-08-31
India,Gujarat,23.2156,72.6369,05:05,12:39,16:06,18:57,20:09,2025-09-01
India,Gujarat,23.2156,72.6369,05:05,12:39,16:06,18:56,20:08,2025-09-02
India,Gujarat,23.2156,72.6369,05:06,12:39,16:06,18:55,20:07,2025-09-03
India,Gujarat,23.2156,72.6369,05:06,12:38,16:05,18:54,20:06,2025-09-04
India,Gujarat,23.2156,72.6369,05:07,12:38,16:05,18:53,20:05,2025-09-05
India,Gujarat,23.2156,72.6369,05:07,12:38,16:05,18:52,20:04,2025-09-06
India,Gujarat,23.2156,72.6369,05:08,12:37,16:04,18:51,20:03,2025-09-07
India,Gujarat,23.2156,72.6369,05:08,12:37,16:04,18:50,20:01,2025-09-08
India,Gujarat,23.2156,72.6369,05:08,12:37,16:04,18:49,20:00,2025-09-09
India,Gujarat,23.2156,72.6369,05:09,12:36,16:03,18:48,19:59,2025-09-10
India,Gujarat,23.2156,72.6369,05:09,12:36,16:03,18:47,19:58,2025-09-11
India,Gujarat,23.2156,72.6369,05:10,12:36,16:02,18:46,19:57,2025-09-12
India,Gujarat,23.2156,72.6369,05:10,12:35,16:02,18:45,19:56,2025-09-13
India,Gujarat,23.2156,72.6369,05:10,12:35,16:01,18:44,19:55,2025-09-14
India,Gujarat,23.2156,72.6369,05:11,12:34,16:01,18:43,19:54,2025-09-15
India,Gujarat,23.2156,72.6369,05:11,12:34,16:01,18:42,19:53,2025-09-16
India,Gujarat,23.2156,72.6369,05:12,12:34,16:00,18:41,19:52,2025-09-17
India,Gujarat,23.2156,72.6369,05:12,12:33,16:00,18:40,19:51,2025-09-18
India,Gujarat,23.2156,72.6369,05:12,12:33,15:59,18:39,19:49,2025-09-19
India,Gujarat,23.2156,72.6369,05:13,12:33,15:59,18:38,19:48,2025-09-20
India,Gujarat,23.2156,72.6369,05:13,12:32,15:58,18:37,19:47,2025-09-21
India,Gujarat,23.2156,72.6369,05:13,12:32,15:58,18:36,19:46,2025-09-22
India,Gujarat,23.2156,72.6369,05:14,12:32,15:57,18:35,19:45,2025-09-23
India,Gujarat,23.2156,72.6369,05:14,12:31,15:57,18:34,19:44,2025-09-24
India,Gujarat,23.2156,72.6369,05:14,12:31,15:56,18:33,19:43,2025-09-25
India,Gujarat,23.2156,72.6369,05:15,12:31,15:56,18:32,19:42,2025-09-26
India,Gujarat,23.2156,72.6369,05:15,12:30,15:55,18:31,19:41,2025-09-27
India,Gujarat,23.2156,72.6369,05:15,12:30,15:54,18:30,19:40,2025-09-28
India,Gujarat,23.2156,72.6369,05:16,12:30,15:54,18:29,19:39,2025-09-29
India,Gujarat,23.2156,72.6369,05:16,12:29,15:53,18:28,19:38,2025-09-30
India,Gujarat,23.2156,72.6369,05:17,12:29,15:53,18:27,19:37,2025-10-01
India,Gujarat,23.2156,72.6369,05:17,12:29,15:52,18:26,19:36,2025-10-02
India,Gujarat,23.2156,72.6369,05:17,12:28,15:52,18:25,19:35,2025-10-03
India,Gujarat,23.2156,72.6369,05:18,12:28,15:51,18:24,19:34,2025-10-04
India,Gujarat,23.2156,72.6369,05:18,12:28,15:51,18:23,19:33,2025-10-05
India,Gujarat,23.2156,72.6369,05:18,12:27,15:50,18:22,19:32,2025-10-06
India,Gujarat,23.2156,72.6369,05:19,12:27,15:49,18:21,19:31,2025-10-07
India,Gujarat,23.2156,72.6369,05:19,12:27,15:49,18:20,19:30,2025-10-08
India,Gujarat,23.2156,72.6369,05:19,12:27,15:48,18:19,19:29,2025-10-09
India,Gujarat,23.2156,72.6369,05:20,12:26,15:48,18:18,19:29,2025-10-10
India,Gujarat,23.2156,72.6369,05:20,12:26,15:47,18:17,19:28,2025-10-11
India,Gujarat,23.2156,72.6369,05:20,12:26,15:47,18:16,19:27,2025-10-12
India,Gujarat,23.2156,72.6369,05:21,12:26,15:46,18:15,19:26,2025-10-13
India,Gujarat,23.2156,72.6369,05:21,12:25,15:45,18:14,19:25,2025-10-14
India,Gujarat,23.2156,72.6369,05:22,12:25,15:45,18:14,19:24,2025-10-15
India,Gujarat,23.2156,72.6369,05:22,12:25,15:44,18:13,19:24,2025-10-16
India,Gujarat,23.2156,72.6369,05:22,12:25,15:44,18:12,19:23,2025-10-17
India,Gujarat,23.2156,72.6369,05:23,12:25,15:43,18:11,19:22,2025-10-18
India,Gujarat,23.2156,72.6369,05:23,12:24,15:43,18:10,19:21,2025-10-19
India,Gujarat,23.2156,72.6369,05:23,12:24,15:42,18:09,19:21,2025-10-20
India,Gujarat,23.2156,72.6369,05:24,12:24,15:42,18:09,19:20,2025-10-21
India,Gujarat,23.2156,72.6369,05:24,12:24,15:41,18:08,19:19,2025-10-22
India,Gujarat,23.2156,72.6369,05:25,12:24,15:41,18:07,19:18,2025-10-23
India,Gujarat,23.2156,72.6369,05:25,12:24,15:40,18:06,19:18,2025-10-24
India,Gujarat,23.2156,72.6369,05:25,12:23,15:40,18:06,19:17,2025-10-25
India,Gujarat,23.2156,72.6369,05:26,12:23,15:39,18:05,19:16,2025-10-26
India,Gujarat,23.2156,72.6369,05:26,12:23,15:39,18:04,19:16,2025-10-27
India,Gujarat,23.2156,72.6369,05:27,12:23,15:38,18:04,19:15,2025-10-28
India,Gujarat,23.2156,72.6369,05:27,12:23,15:38,18:03,19:15,2025-10-29
India,Gujarat,23.2156,72.6369,05:28,12:23,15:38,18:02,19:14,2025-10-30
India,Gujarat,23.2156,72.6369,05:28,12:23,15:37,18:02,19:14,2025-10-31
India,Gujarat,23.2156,72.6369,05:29,12:23,15:37,18:01,19:13,2025-11-01
India,Gujarat,23.2156,72.6369,05:29,12:23,15:36,18:00,19:13,2025-11-02
India,Gujarat,23.2156,72.6369,05:30,12:23,15:36,18:00,19:12,2025-11-03
India,Gujarat,23.2156,72.6369,05:30,12:23,15:36,17:59,19:12,2025-11-04
India,Gujarat,23.2156,72.6369,05:30,12:23,15:35,17:59,19:11,2025-11-05
India,Gujarat,23.2156,72.6369,05:31,12:23,15:35,17:58,19:11,2025-11-06
India,Gujarat,23.2156,72.6369,05:31,12:23,15:35,17:58,19:10,2025-11-07
India,Gujarat,23.2156,72.6369,05:32,12:23,15:34,17:57,19:10,2025-11-08
India,Gujarat,23.2156,72.6369,05:32,12:23,15:34,17:57,19:10,2025-11-09
India,Gujarat,23.2156,72.6369,05:33,12:23,15:34,17:56,19:09,2025-11-10
India,Gujarat,23.2156,72.6369,05:33,12:24,15:33,17:56,19:09,2025-11-11
India,Gujarat,23.2156,72.6369,05:34,12:24,15:33,17:56,19:09,2025-11-12
India,Gujarat,23.2156,72.6369,05:35,12:24,15:33,17:55,19:09,2025-11-13
India,Gujarat,23.2156,72.6369,05:35,12:24,15:33,17:55,19:08,2025-11-14
India,Gujarat,23.2156,72.6369,05:36,12:24,15:33,17:55,19:08,2025-11-15
India,Gujarat,23.2156,72.6369,05:36,12:24,15:32,17:54,19:08,2025-11-16
India,Gujarat,23.2156,72.6369,05:37,12:24,15:32,17:54,19:08,2025-11-17
India,Gujarat,23.2156,72.6369,05:37,12:25,15:32,17:54,19:08,2025-11-18
India,Gujarat,23.2156,72.6369,05:38,12:25,15:32,17:54,19:08,2025-11-19
India,Gujarat,23.2156,72.6369,05:38,12:25,15:32,17:53,19:07,2025-11-20
India,Gujarat,23.2156,72.6369,05:39,12:25,15:32,17:53,19:07,2025-11-21
India,Gujarat,23.2156,72.6369,05:40,12:26,15:32,17:53,19:07,2025-11-22
India,Gujarat,23.2156,72.6369,05:40,12:26,15:32,17:53,19:07,2025-11-23
India,Gujarat,23.2156,72.6369,05:41,12:26,15:32,17:53,19:07,2025-11-24
India,Gujarat,23.2156,72.6369,05:41,12:27,15:32,17:53,19:07,2025-11-25
India,Gujarat,23.2156,72.6369,05:42,12:27,15:32,17:53,19:07,2025-11-26
India,Gujarat,23.2156,72.6369,05:42,12:27,15:32,17:53,19:07,2025-11-27
India,Gujarat,23.2156,72.6369,05:43,12:28,15:32,17:53,19:07,2025-11-28
India,Gujarat,23.2156,72.6369,05:44,12:28,15:32,17:53,19:08,2025-11-29
India,Gujarat,23.2156,72.6369,05:44,12:28,15:32,17:53,19:08,2025-11-30
India,Gujarat,23.2156,72.6369,05:45,12:29,15:32,17:53,19:08,2025-12-01
India,Gujarat,23.2156,72.6369,05:45,12:29,15:32,17:53,19:08,2025-12-02
India,Gujarat,23.2156,72.6369,05:46,12:29,15:32,17:53,19:08,2025-12-03
India,Gujarat,23.2156,72.6369,05:47,12:30,15:33,17:53,19:08,2025-12-04
India,Gujarat,23.2156,72.6369,05:47,12:30,15:33,17:53,19:09,2025-12-05
India,Gujarat,23.2156,72.6369,05:48,12:31,15:33,17:54,19:09,2025-12-06
India,Gujarat,23.2156,72.6369,05:48,12:31,15:33,17:54,19:09,2025-12-07
India,Gujarat,23.2156,72.6369,05:49,12:32,15:34,17:54,19:09,2025-12-08
India,Gujarat,23.2156,72.6369,05:50,12:32,15:34,17:54,19:10,2025-12-09
India,Gujarat,23.2156,72.6369,05:50,12:32,15:34,17:55,19:10,2025-12-10
India,Gujarat,23.2156,72.6369,05:51,12:33,15:35,17:55,19:10,2025-12-11
India,Gujarat,23.2156,72.6369,05:51,12:33,15:35,17:55,19:11,2025-12-12
India,Gujarat,23.2156,72.6369,05:52,12:34,15:35,17:55,19:11,2025-12-13
India,Gujarat,23.2156,72.6369,05:52,12:34,15:36,17:56,19:12,2025-12-14
India,Gujarat,23.2156,72.6369,05:53,12:35,15:36,17:56,19:12,2025-12-15
India,Gujarat,23.2156,72.6369,05:54,12:35,15:36,17:57,19:12,2025-12-16
India,Gujarat,23.2156,72.6369,05:54,12:36,15:37,17:57,19:13,2025-12-17
India,Gujarat,23.2156,72.6369,05:55,12:36,15:37,17:57,19:13,2025-12-18
India,Gujarat,23.2156,72.6369,05:55,12:37,15:38,17:58,19:14,2025-12-19
India,Gujarat,23.2156,72.6369,05:56,12:37,15:38,17:58,19:14,2025-12-20
India,Gujarat,23.2156,72.6369,05:56,12:38,15:39,17:59,19:15,2025-12-21
India,Gujarat,23.2156,72.6369,05:57,12:38,15:39,17:59,19:15,2025-12-22
India,Gujarat,23.2156,72.6369,05:57,12:39,15:40,18:00,19:16,2025-12-23
India,Gujarat,23.2156,72.6369,05:58,12:39,15:40,18:00,19:16,2025-12-24
India,Gujarat,23.2156,72.6369,05:58,12:40,15:41,18:01,19:17,2025-12-25
India,Gujarat,23.2156,72.6369,05:58,12:40,15:41,18:02,19:17,2025-12-26
India,Gujarat,23.2156,72.6369,05:59,12:41,15:42,18:02,19:18,2025-12-27
India,Gujarat,23.2156,72.6369,05:59,12:41,15:43,18:03,19:18,2025-12-28
India,Gujarat,23.2156,72.6369,06:00,12:42,15:43,18:03,19:19,2025-12-29
India,Gujarat,23.2156,72.6369,06:00,12:42,15:44,18:04,19:20,2025-12-30
India,Gujarat,23.2156,72.6369,06:00,12:43,15:44,18:05,19:20,2025-12-31
India,Haryana,30.7333,76.7794,05:55,12:27,15:14,17:33,18:54,2025-01-01
India,Haryana,30.7333,76.7794,05:55,12:27,15:15,17:33,18:54,2025-01-02
India,Haryana,30.7333,76.7794,05:55,12:28,15:16,17:34,18:55,2025-01-03
India,Haryana,30.7333,76.7794,05:55,12:28,15:16,17:35,18:56,2025-01-04
India,Haryana,30.7333,76.7794,05:56,12:28,15:17,17:36,18:56,2025-01-05
India,Haryana,30.7333,76.7794,05:56,12:29,15:18,17:36,18:57,2025-01-06
India,Haryana,30.7333,76.7794,05:56,12:29,15:18,17:37,18:58,2025-01-07
India,Haryana,30.7333,76.7794,05:56,12:30,15:19,17:38,18:59,2025-01-08
India,Haryana,30.7333,76.7794,05:56,12:30,15:20,17:39,18:59,2025-01-09
India,Haryana,30.7333,76.7794,05:56,12:31,15:21,17:40,19:00,2025-01-10
India,Haryana,30.7333,76.7794,05:56,12:31,15:22,17:41,19:01,2025-01-11
India,Haryana,30.7333,76.7794,05:56,12:31,15:22,17:41,19:02,2025-01-12
India,Haryana,30.7333,76.7794,05:56,12:32,15:23,17:42,19:02,2025-01-13
India,Haryana,30.7333,76.7794,05:56,12:32,15:24,17:43,19:03,2025-01-14
India,Haryana,30.7333,76.7794,05:56,12:32,15:25,17:44,19:04,2025-01-15
India,Haryana,30.7333,76.7794,05:56,12:33,15:25,17:45,19:05,2025-01-16
India,Haryana,30.7333,76.7794,05:56,12:33,15:26,17:46,19:05,2025-01-17
India,Haryana,30.7333,76.7794,05:56,12:33,15:27,17:47,19:06,2025-01-18
India,Haryana,30.7333,76.7794,05:56,12:34,15:28,17:47,19:07,2025-01-19
India,Haryana,30.7333,76.7794,05:56,12:34,15:28,17:48,19:08,2025-01-20
India,Haryana,30.7333,76.7794,05:55,12:34,15:29,17:49,19:08,2025-01-21
India,Haryana,30.7333,76.7794,05:55,12:35,15:30,17:50,19:09,2025-01-22
India,Haryana,30.7333,76.7794,05:55,12:35,15:31,17:51,19:10,2025-01-23
India,Haryana,30.7333,76.7794,05:55,12:35,15:32,17:52,19:11,2025-01-24
India,Haryana,30.7333,76.7794,05:54,12:35,15:32,17:53,19:11,2025-01-25
India,Haryana,30.7333,76.7794,05:54,12:36,15:33,17:54,19:12,2025-01-26
India,Haryana,30.7333,76.7794,05:54,12:36,15:34,17:55,19:13,2025-01-27
India,Haryana,30.7333,76.7794,05:53,12:36,15:35,17:55,19:14,2025-01-28
India,Haryana,30.7333,76.7794,05:53,12:36,15:35,17:56,19:15,2025-01-29
India,Haryana,30.7333,76.7794,05:52,12:36,15:36,17:57,19:15,2025-01-30
India,Haryana,30.7333,76.7794,05:52,12:36,15:37,17:58,19:16,2025-01-31
India,Haryana,30.7333,76.7794,05:51,12:36,15:37,17:59,19:17,2025-02-01
India,Haryana,30.7333,76.7794,05:51,12:37,15:38,18:00,19:18,2025-02-02
India,Haryana,30.7333,76.7794,05:50,12:37,15:39,18:01,19:18,2025-02-03
India,Haryana,30.7333,76.7794,05:50,12:37,15:40,18:02,19:19,2025-02-04
India,Haryana,30.7333,76.7794,05:49,12:37,15:40,18:03,19:20,2025-02-05
India,Haryana,30.7333,76.7794,05:49,12:37,15:41,18:03,19:21,2025-02-06
India,Haryana,30.7333,76.7794,05:48,12:37,15:42,18:04,19:21,2025-02-07
India,Haryana,30.7333,76.7794,05:47,12:37,15:42,18:05,19:22,2025-02-08
India,Haryana,30.7333,76.7794,05:47,12:37,15:43,18:06,19:23,2025-02-09
India,Haryana,30.7333,76.7794,05:46,12:37,15:43,18:07,19:24,2025-02-10
India,Haryana,30.7333,76.7794,05:45,12:37,15:44,18:08,19:24,2025-02-11
India,Haryana,30.7333,76.7794,05:44,12:37,15:45,18:08,19:25,2025-02-12
India,Haryana,30.7333,76.7794,05:44,12:37,15:45,18:09,19:26,2025-02-13
India,Haryana,30.7333,76.7794,05:43,12:37,15:46,18:10,19:26,2025-02-14
India,Haryana,30.7333,76.7794,05:42,12:37,15:46,18:11,19:27,2025-02-15
India,Haryana,30.7333,76.7794,05:41,12:37,15:47,18:12,19:28,2025-02-16
India,Haryana,30.7333,76.7794,05:40,12:37,15:48,18:12,19:29,2025-02-17
India,Haryana,30.7333,76.7794,05:39,12:37,15:48,18:13,19:29,2025-02-18
India,Haryana,30.7333,76.7794,05:39,12:37,15:49,18:14,19:30,2025-02-19
India,Haryana,30.7333,76.7794,05:38,12:37,15:49,18:15,19:31,2025-02-20
India,Haryana,30.7333,76.7794,05:37,12:36,15:50,18:16,19:31,2025-02-21
India,Haryana,30.7333,76.7794,05:36,12:36,15:50,18:16,19:32,2025-02-22
India,Haryana,30.7333,76.7794,05:35,12:36,15:50,18:17,19:33,2025-02-23
India,Haryana,30.7333,76.7794,05:34,12:36,15:51,18:18,19:34,2025-02-24
India,Haryana,30.7333,76.7794,05:33,12:36,15:51,18:19,19:34,2025-02-25
India,Haryana,30.7333,76.7794,05:32,12:36,15:52,18:19,19:35,2025-02-26
India,Haryana,30.7333,76.7794,05:31,12:35,15:52,18:20,19:36,2025-02-27
India,Haryana,30.7333,76.7794,05:30,12:35,15:53,18:21,19:36,2025-02-28
India,Haryana,30.7333,76.7794,05:29,12:35,15:53,18:22,19:37,2025-03-01
India,Haryana,30.7333,76.7794,05:27,12:35,15:53,18:22,19:38,2025-03-02
India,Haryana,30.7333,76.7794,05:26,12:35,15:54,18:23,19:38,2025-03-03
India,Haryana,30.7333,76.7794,05:25,12:34,15:54,18:24,19:39,2025-03-04
India,Haryana,30.7333,76.7794,05:24,12:34,15:54,18:24,19:40,2025-03-05
India,Haryana,30.7333,76.7794,05:23,12:34,15:55,18:25,19:40,2025-03-06
India,Haryana,30.7333,76.7794,05:22,12:34,15:55,18:26,19:41,2025-03-07
India,Haryana,30.7333,76.7794,05:21,12:34,15:55,18:26,19:42,2025-03-08
India,Haryana,30.7333,76.7794,05:19,12:33,15:55,18:27,19:42,2025-03-09
India,Haryana,30.7333,76.7794,05:18,12:33,15:56,18:28,19:43,2025-03-10
India,Haryana,30.7333,76.7794,05:17,12:33,15:56,18:29,19:44,2025-03-11
India,Haryana,30.7333,76.7794,05:16,12:32,15:56,18:29,19:45,2025-03-12
India,Haryana,30.7333,76.7794,05:15,12:32,15:56,18:30,19:45,2025-03-13
India,Haryana,30.7333,76.7794,05:13,12:32,15:57,18:31,19:46,2025-03-14
India,Haryana,30.7333,76.7794,05:12,12:32,15:57,18:31,19:47,2025-03-15
India,Haryana,30.7333,76.7794,05:11,12:31,15:57,18:32,19:47,2025-03-16
India,Haryana,30.7333,76.7794,05:09,12:31,15:57,18:32,19:48,2025-03-17
India,Haryana,30.7333,76.7794,05:08,12:31,15:57,18:33,19:49,2025-03-18
India,Haryana,30.7333,76.7794,05:07,12:31,15:58,18:34,19:49,2025-03-19
India,Haryana,30.7333,76.7794,05:06,12:30,15:58,18:34,19:50,2025-03-20
India,Haryana,30.7333,76.7794,05:04,12:30,15:58,18:35,19:51,2025-03-21
India,Haryana,30.7333,76.7794,05:03,12:30,15:58,18:36,19:52,2025-03-22
India,Haryana,30.7333,76.7794,05:02,12:29,15:58,18:36,19:52,2025-03-23
India,Haryana,30.7333,76.7794,05:00,12:29,15:58,18:37,19:53,2025-03-24
India,Haryana,30.7333,76.7794,04:59,12:29,15:58,18:38,19:54,2025-03-25
India,Haryana,30.7333,76.7794,04:58,12:28,15:58,18:38,19:54,2025-03-26
India,Haryana,30.7333,76.7794,04:56,12:28,15:58,18:39,19:55,2025-03-27
India,Haryana,30.7333,76.7794,04:55,12:28,15:58,18:40,19:56,2025-03-28
India,Haryana,30.7333,76.7794,04:54,12:28,15:59,18:40,19:57,2025-03-29
India,Haryana,30.7333,76.7794,04:52,12:27,15:59,18:41,19:57,2025-03-30
India,Haryana,30.7333,76.7794,04:51,12:27,15:59,18:41,19:58,2025-03-31
India,Haryana,30.7333,76.7794,04:50,12:27,15:59,18:42,19:59,2025-04-01
India,Haryana,30.7333,76.7794,04:48,12:26,15:59,18:43,20:00,2025-04-02
India,Haryana,30.7333,76.7794,04:47,12:26,15:59,18:43,20:00,2025-04-03
India,Haryana,30.7333,76.7794,04:45,12:26,15:59,18:44,20:01,2025-04-04
India,Haryana,30.7333,76.7794,04:44,12:25,15:59,18:45,20:02,2025-04-05
India,Haryana,30.7333,76.7794,04:43,12:25,15:59,18:45,20:03,2025-04-06
India,Haryana,30.7333,76.7794,04:41,12:25,15:59,18:46,20:03,2025-04-07
India,Haryana,30.7333,76.7794,04:40,12:25,15:59,18:46,20:04,2025-04-08
India,Haryana,30.7333,76.7794,04:39,12:24,15:59,18:47,20:05,2025-04-09
India,Haryana,30.7333,76.7794,04:37,12:24,15:59,18:48,20:06,2025-04-10
India,Haryana,30.7333,76.7794,04:36,12:24,15:59,18:48,20:07,2025-04-11
India,Haryana,30.7333,76.7794,04:35,12:24,15:59,18:49,20:07,2025-04-12
India,Haryana,30.7333,76.7794,04:33,12:23,15:59,18:50,20:08,2025-04-13
India,Haryana,30.7333,76.7794,04:32,12:23,15:59,18:50,20:09,2025-04-14
India,Haryana,30.7333,76.7794,04:31,12:23,15:59,18:51,20:10,2025-04-15
India,Haryana,30.7333,76.7794,04:29,12:23,15:58,18:52,20:11,2025-04-16
India,Haryana,30.7333,76.7794,04:28,12:22,15:58,18:52,20:12,2025-04-17
India,Haryana,30.7333,76.7794,04:27,12:22,15:58,18:53,20:12,2025-04-18
India,Haryana,30.7333,76.7794,04:25,12:22,15:58,18:54,20:13,2025-04-19
India,Haryana,30.7333,76.7794,04:24,12:22,15:58,18:54,20:14,2025-04-20
India,Haryana,30.7333,76.7794,04:23,12:22,15:58,18:55,20:15,2025-04-21
India,Haryana,30.7333,76.7794,04:21,12:21,15:58,18:55,20:16,2025-04-22
India,Haryana,30.7333,76.7794,04:20,12:21,15:58,18:56,20:17,2025-04-23
India,Haryana,30.7333,76.7794,04:19,12:21,15:58,18:57,20:18,2025-04-24
India,Haryana,30.7333,76.7794,04:18,12:21,15:58,18:57,20:19,2025-04-25
India,Haryana,30.7333,76.7794,04:16,12:21,15:58,18:58,20:19,2025-04-26
India,Haryana,30.7333,76.7794,04:15,12:20,15:58,18:59,20:20,2025-04-27
India,Haryana,30.7333,76.7794,04:14,12:20,15:58,18:59,20:21,2025-04-28
India,Haryana,30.7333,76.7794,04:13,12:20,15:58,19:00,20:22,2025-04-29
India,Haryana,30.7333,76.7794,04:12,12:20,15:58,19:01,20:23,2025-04-30
India,Haryana,30.7333,76.7794,04:10,12:20,15:58,19:01,20:24,2025-05-01
India,Haryana,30.7333,76.7794,04:09,12:20,15:58,19:02,20:25,2025-05-02
India,Haryana,30.7333,76.7794,04:08,12:20,15:58,19:03,20:26,2025-05-03
India,Haryana,30.7333,76.7794,04:07,12:20,15:58,19:03,20:27,2025-05-04
India,Haryana,30.7333,76.7794,04:06,12:20,15:58,19:04,20:28,2025-05-05
India,Haryana,30.7333,76.7794,04:05,12:19,15:58,19:05,20:29,2025-05-06
India,Haryana,30.7333,76.7794,04:04,12:19,15:58,19:05,20:30,2025-05-07
India,Haryana,30.7333,76.7794,04:03,12:19,15:58,19:06,20:30,2025-05-08
India,Haryana,30.7333,76.7794,04:02,12:19,15:57,19:07,20:31,2025-05-09
India,Haryana,30.7333,76.7794,04:01,12:19,15:57,19:08,20:32,2025-05-10
India,Haryana,30.7333,76.7794,04:00,12:19,15:57,19:08,20:33,2025-05-11
India,Haryana,30.7333,76.7794,03:59,12:19,15:57,19:09,20:34,2025-05-12
India,Haryana,30.7333,76.7794,03:58,12:19,15:57,19:10,20:35,2025-05-13
India,Haryana,30.7333,76.7794,03:57,12:19,15:57,19:10,20:36,2025-05-14
India,Haryana,30.7333,76.7794,03:56,12:19,15:57,19:11,20:37,2025-05-15
India,Haryana,30.7333,76.7794,03:55,12:19,15:57,19:11,20:38,2025-05-16
India,Haryana,30.7333,76.7794,03:54,12:19,15:57,19:12,20:39,2025-05-17
India,Haryana,30.7333,76.7794,03:53,12:19,15:58,19:13,20:40,2025-05-18
India,Haryana,30.7333,76.7794,03:53,12:19,15:58,19:13,20:40,2025-05-19
India,Haryana,30.7333,76.7794,03:52,12:19,15:58,19:14,20:41,2025-05-20
India,Haryana,30.7333,76.7794,03:51,12:20,15:58,19:15,20:42,2025-05-21
India,Haryana,30.7333,76.7794,03:50,12:20,15:58,19:15,20:43,2025-05-22
India,Haryana,30.7333,76.7794,03:50,12:20,15:58,19:16,20:44,2025-05-23
India,Haryana,30.7333,76.7794,03:49,12:20,15:58,19:17,20:45,2025-05-24
India,Haryana,30.7333,76.7794,03:48,12:20,15:58,19:17,20:46,2025-05-25
India,Haryana,30.7333,76.7794,03:48,12:20,15:58,19:18,20:46,2025-05-26
India,Haryana,30.7333,76.7794,03:47,12:20,15:58,19:18,20:47,2025-05-27
India,Haryana,30.7333,76.7794,03:46,12:20,15:58,19:19,20:48,2025-05-28
India,Haryana,30.7333,76.7794,03:46,12:20,15:58,19:20,20:49,2025-05-29
India,Haryana,30.7333,76.7794,03:45,12:21,15:58,19:20,20:50,2025-05-30
India,Haryana,30.7333,76.7794,03:45,12:21,15:58,19:21,20:50,2025-05-31
India,Haryana,30.7333,76.7794,03:45,12:21,15:59,19:21,20:51,2025-06-01
India,Haryana,30.7333,76.7794,03:44,12:21,15:59,19:22,20:52,2025-06-02
India,Haryana,30.7333,76.7794,03:44,12:21,15:59,19:22,20:52,2025-06-03
India,Haryana,30.7333,76.7794,03:43,12:21,15:59,19:23,20:53,2025-06-04
India,Haryana,30.7333,76.7794,03:43,12:21,15:59,19:23,20:54,2025-06-05
India,Haryana,30.7333,76.7794,03:43,12:22,15:59,19:24,20:54,2025-06-06
India,Haryana,30.7333,76.7794,03:43,12:22,15:59,19:24,20:55,2025-06-07
India,Haryana,30.7333,76.7794,03:42,12:22,15:59,19:25,20:55,2025-06-08
India,Haryana,30.7333,76.7794,03:42,12:22,16:00,19:25,20:56,2025-06-09
India,Haryana,30.7333,76.7794,03:42,12:22,16:00,19:25,20:57,2025-06-10
India,Haryana,30.7333,76.7794,03:42,12:23,16:00,19:26,20:57,2025-06-11
India,Haryana,30.7333,76.7794,03:42,12:23,16:00,19:26,20:58,2025-06-12
India,Haryana,30.7333,76.7794,03:42,12:23,16:00,19:27,20:58,2025-06-13
India,Haryana,30.7333,76.7794,03:42,12:23,16:01,19:27,20:58,2025-06-14
India,Haryana,30.7333,76.7794,03:42,12:24,16:01,19:27,20:59,2025-06-15
India,Haryana,30.7333,76.7794,03:42,12:24,16:01,19:28,20:59,2025-06-16
India,Haryana,30.7333,76.7794,03:42,12:24,16:01,19:28,20:59,2025-06-17
India,Haryana,30.7333,76.7794,03:42,12:24,16:01,19:28,21:00,2025-06-18
India,Haryana,30.7333,76.7794,03:42,12:24,16:02,19:28,21:00,2025-06-19
India,Haryana,30.7333,76.7794,03:43,12:25,16:02,19:29,21:00,2025-06-20
India,Haryana,30.7333,76.7794,03:43,12:25,16:02,19:29,21:01,2025-06-21
India,Haryana,30.7333,76.7794,03:43,12:25,16:02,19:29,21:01,2025-06-22
India,Haryana,30.7333,76.7794,03:43,12:25,16:02,19:29,21:01,2025-06-23
India,Haryana,30.7333,76.7794,03:44,12:25,16:03,19:29,21:01,2025-06-24
India,Haryana,30.7333,76.7794,03:44,12:26,16:03,19:30,21:01,2025-06-25
India,Haryana,30.7333,76.7794,03:44,12:26,16:03,19:30,21:01,2025-06-26
India,Haryana,30.7333,76.7794,03:45,12:26,16:03,19:30,21:01,2025-06-27
India,Haryana,30.7333,76.7794,03:45,12:26,16:04,19:30,21:01,2025-06-28
India,Haryana,30.7333,76.7794,03:46,12:26,16:04,19:30,21:01,2025-06-29
India,Haryana,30.7333,76.7794,03:46,12:27,16:04,19:30,21:01,2025-06-30
India,Haryana,30.7333,76.7794,03:47,12:27,16:04,19:30,21:01,2025-07-01
India,Haryana,30.7333,76.7794,03:47,12:27,16:04,19:30,21:01,2025-07-02
India,Haryana,30.7333,76.7794,03:48,12:27,16:05,19:30,21:01,2025-07-03
India,Haryana,30.7333,76.7794,03:48,12:27,16:05,19:30,21:00,2025-07-04
India,Haryana,30.7333,76.7794,03:49,12:28,16:05,19:30,21:00,2025-07-05
India,Haryana,30.7333,76.7794,03:49,12:28,16:05,19:29,21:00,2025-07-06
India,Haryana,30.7333,76.7794,03:50,12:28,16:06,19:29,21:00,2025-07-07
India,Haryana,30.7333,76.7794,03:51,12:28,16:06,19:29,20:59,2025-07-08
India,Haryana,30.7333,76.7794,03:51,12:28,16:06,19:29,20:59,2025-07-09
India,Haryana,30.7333,76.7794,03:52,12:28,16:06,19:29,20:58,2025-07-10
India,Haryana,30.7333,76.7794,03:53,12:28,16:06,19:28,20:58,2025-07-11
India,Haryana,30.7333,76.7794,03:54,12:29,16:06,19:28,20:58,2025-07-12
India,Haryana,30.7333,76.7794,03:54,12:29,16:07,19:28,20:57,2025-07-13
India,Haryana,30.7333,76.7794,03:55,12:29,16:07,19:27,20:56,2025-07-14
India,Haryana,30.7333,76.7794,03:56,12:29,16:07,19:27,20:56,2025-07-15
India,Haryana,30.7333,76.7794,03:57,12:29,16:07,19:27,20:55,2025-07-16
India,Haryana,30.7333,76.7794,03:58,12:29,16:07,19:26,20:55,2025-07-17
India,Haryana,30.7333,76.7794,03:58,12:29,16:07,19:26,20:54,2025-07-18
India,Haryana,30.7333,76.7794,03:59,12:29,16:07,19:25,20:53,2025-07-19
India,Haryana,30.7333,76.7794,04:00,12:29,16:07,19:25,20:53,2025-07-20
India,Haryana,30.7333,76.7794,04:01,12:29,16:07,19:24,20:52,2025-07-21
India,Haryana,30.7333,76.7794,04:02,12:29,16:07,19:24,20:51,2025-07-22
India,Haryana,30.7333,76.7794,04:03,12:29,16:08,19:23,20:50,2025-07-23
India,Haryana,30.7333,76.7794,04:03,12:29,16:08,19:23,20:50,2025-07-24
India,Haryana,30.7333,76.7794,04:04,12:29,16:08,19:22,20:49,2025-07-25
India,Haryana,30.7333,76.7794,04:05,12:29,16:08,19:22,20:48,2025-07-26
India,Haryana,30.7333,76.7794,04:06,12:29,16:08,19:21,20:47,2025-07-27
India,Haryana,30.7333,76.7794,04:07,12:29,16:08,19:20,20:46,2025-07-28
India,Haryana,30.7333,76.7794,04:08,12:29,16:08,19:20,20:45,2025-07-29
India,Haryana,30.7333,76.7794,04:09,12:29,16:08,19:19,20:44,2025-07-30
India,Haryana,30.7333,76.7794,04:10,12:29,16:07,19:18,20:43,2025-07-31
India,Haryana,30.7333,76.7794,04:11,12:29,16:07,19:17,20:42,2025-08-01
India,Haryana,30.7333,76.7794,04:11,12:29,16:07,19:17,20:41,2025-08-02
India,Haryana,30.7333,76.7794,04:12,12:29,16:07,19:16,20:40,2025-08-03
India,Haryana,30.7333,76.7794,04:13,12:29,16:07,19:15,20:39,2025-08-04
India,Haryana,30.7333,76.7794,04:14,12:29,16:07,19:14,20:38,2025-08-05
India,Haryana,30.7333,76.7794,04:15,12:29,16:07,19:13,20:37,2025-08-06
India,Haryana,30.7333,76.7794,04:16,12:29,16:07,19:13,20:36,2025-08-07
India,Haryana,30.7333,76.7794,04:17,12:28,16:06,19:12,20:35,2025-08-08
India,Haryana,30.7333,76.7794,04:18,12:28,16:06,19:11,20:34,2025-08-09
India,Haryana,30.7333,76.7794,04:19,12:28,16:06,19:10,20:32,2025-08-10
India,Haryana,30.7333,76.7794,04:19,12:28,16:06,19:09,20:31,2025-08-11
India,Haryana,30.7333,76.7794,04:20,12:28,16:06,19:08,20:30,2025-08-12
India,Haryana,30.7333,76.7794,04:21,12:28,16:05,19:07,20:29,2025-08-13
India,Haryana,30.7333,76.7794,04:22,12:27,16:05,19:06,20:28,2025-08-14
India,Haryana,30.7333,76.7794,04:23,12:27,16:05,19:05,20:26,2025-08-15
India,Haryana,30.7333,76.7794,04:24,12:27,16:04,19:04,20:25,2025-08-16
India,Haryana,30.7333,76.7794,04:25,12:27,16:04,19:03,20:24,2025-08-17
India,Haryana,30.7333,76.7794,04:25,12:27,16:04,19:02,20:23,2025-08-18
India,Haryana,30.7333,76.7794,04:26,12:26,16:03,19:01,20:21,2025-08-19
India,Haryana,30.7333,76.7794,04:27,12:26,16:03,19:00,20:20,2025-08-20
India,Haryana,30.7333,76.7794,04:28,12:26,16:03,18:59,20:19,2025-08-21
India,Haryana,30.7333,76.7794,04:29,12:26,16:02,18:57,20:17,2025-08-22
India,Haryana,30.7333,76.7794,04:30,12:25,16:02,18:56,20:16,2025-08-23
India,Haryana,30.7333,76.7794,04:30,12:25,16:01,18:55,20:15,2025-08-24
India,Haryana,30.7333,76.7794,04:31,12:25,16:01,18:54,20:13,2025-08-25
India,Haryana,30.7333,76.7794,04:32,12:25,16:00,18:53,20:12,2025-08-26
India,Haryana,30.7333,76.7794,04:33,12:24,16:00,18:52,20:11,2025-08-27
India,Haryana,30.7333,76.7794,04:34,12:24,15:59,18:51,20:09,2025-08-28
India,Haryana,30.7333,76.7794,04:34,12:24,15:59,18:49,20:08,2025-08-29
India,Haryana,30.7333,76.7794,04:35,12:23,15:58,18:48,20:07,2025-08-30
India,Haryana,30.7333,76.7794,04:36,12:23,15:58,18:47,20:05,2025-08-31
India,Haryana,30.7333,76.7794,04:37,12:23,15:57,18:46,20:04,2025-09-01
India,Haryana,30.7333,76.7794,04:37,12:22,15:57,18:45,20:02,2025-09-02
India,Haryana,30.7333,76.7794,04:38,12:22,15:56,18:43,20:01,2025-09-03
India,Haryana,30.7333,76.7794,04:39,12:22,15:55,18:42,20:00,2025-09-04
India,Haryana,30.7333,76.7794,04:40,12:21,15:55,18:41,19:58,2025-09-05
India,Haryana,30.7333,76.7794,04:40,12:21,15:54,18:40,19:57,2025-09-06
India,Haryana,30.7333,76.7794,04:41,12:21,15:54,18:38,19:56,2025-09-07
India,Haryana,30.7333,76.7794,04:42,12:20,15:53,18:37,19:54,2025-09-08
India,Haryana,30.7333,76.7794,04:42,12:20,15:52,18:36,19:53,2025-09-09
India,Haryana,30.7333,76.7794,04:43,12:20,15:52,18:35,19:51,2025-09-10
India,Haryana,30.7333,76.7794,04:44,12:19,15:51,18:33,19:50,2025-09-11
India,Haryana,30.7333,76.7794,04:44,12:19,15:50,18:32,19:49,2025-09-12
India,Haryana,30.7333,76.7794,04:45,12:19,15:49,18:31,19:47,2025-09-13
India,Haryana,30.7333,76.7794,04:46,12:18,15:49,18:30,19:46,2025-09-14
India,Haryana,30.7333,76.7794,04:47,12:18,15:48,18:28,19:45,2025-09-15
India,Haryana,30.7333,76.7794,04:47,12:18,15:47,18:27,19:43,2025-09-16
India,Haryana,30.7333,76.7794,04:48,12:17,15:47,18:26,19:42,2025-09-17
India,Haryana,30.7333,76.7794,04:49,12:17,15:46,18:24,19:40,2025-09-18
India,Haryana,30.7333,76.7794,04:49,12:16,15:45,18:23,19:39,2025-09-19
India,Haryana,30.7333,76.7794,04:50,12:16,15:44,18:22,19:38,2025-09-20
India,Haryana,30.7333,76.7794,04:50,12:16,15:44,18:21,19:36,2025-09-21
India,Haryana,30.7333,76.7794,04:51,12:15,15:43,18:19,19:35,2025-09-22
India,Haryana,30.7333,76.7794,04:52,12:15,15:42,18:18,19:34,2025-09-23
India,Haryana,30.7333,76.7794,04:52,12:15,15:41,18:17,19:32,2025-09-24
India,Haryana,30.7333,76.7794,04:53,12:14,15:40,18:16,19:31,2025-09-25
India,Haryana,30.7333,76.7794,04:54,12:14,15:40,18:14,19:30,2025-09-26
India,Haryana,30.7333,76.7794,04:54,12:14,15:39,18:13,19:28,2025-09-27
India,Haryana,30.7333,76.7794,04:55,12:13,15:38,18:12,19:27,2025-09-28
India,Haryana,30.7333,76.7794,04:56,12:13,15:37,18:10,19:26,2025-09-29
India,Haryana,30.7333,76.7794,04:56,12:13,15:36,18:09,19:25,2025-09-30
India,Haryana,30.7333,76.7794,04:57,12:12,15:35,18:08,19:23,2025-10-01
India,Haryana,30.7333,76.7794,04:57,12:12,15:35,18:07,19:22,2025-10-02
India,Haryana,30.7333,76.7794,04:58,12:12,15:34,18:06,19:21,2025-10-03
India,Haryana,30.7333,76.7794,04:59,12:11,15:33,18:04,19:20,2025-10-04
India,Haryana,30.7333,76.7794,04:59,12:11,15:32,18:03,19:18,2025-10-05
India,Haryana,30.7333,76.7794,05:00,12:11,15:31,18:02,19:17,2025-10-06
India,Haryana,30.7333,76.7794,05:00,12:11,15:31,18:01,19:16,2025-10-07
India,Haryana,30.7333,76.7794,05:01,12:10,15:30,17:59,19:15,2025-10-08
India,Haryana,30.7333,76.7794,05:02,12:10,15:29,17:58,19:14,2025-10-09
India,Haryana,30.7333,76.7794,05:02,12:10,15:28,17:57,19:13,2025-10-10
India,Haryana,30.7333,76.7794,05:03,12:09,15:27,17:56,19:11,2025-10-11
India,Haryana,30.7333,76.7794,05:04,12:09,15:26,17:55,19:10,2025-10-12
India,Haryana,30.7333,76.7794,05:04,12:09,15:26,17:54,19:09,2025-10-13
India,Haryana,30.7333,76.7794,05:05,12:09,15:25,17:53,19:08,2025-10-14
India,Haryana,30.7333,76.7794,05:05,12:09,15:24,17:51,19:07,2025-10-15
India,Haryana,30.7333,76.7794,05:06,12:08,15:23,17:50,19:06,2025-10-16
India,Haryana,30.7333,76.7794,05:07,12:08,15:22,17:49,19:05,2025-10-17
India,Haryana,30.7333,76.7794,05:07,12:08,15:22,17:48,19:04,2025-10-18
India,Haryana,30.7333,76.7794,05:08,12:08,15:21,17:47,19:03,2025-10-19
India,Haryana,30.7333,76.7794,05:09,12:08,15:20,17:46,19:02,2025-10-20
India,Haryana,30.7333,76.7794,05:09,12:07,15:19,17:45,19:01,2025-10-21
India,Haryana,30.7333,76.7794,05:10,12:07,15:19,17:44,19:00,2025-10-22
India,Haryana,30.7333,76.7794,05:11,12:07,15:18,17:43,18:59,2025-10-23
India,Haryana,30.7333,76.7794,05:11,12:07,15:17,17:42,18:58,2025-10-24
India,Haryana,30.7333,76.7794,05:12,12:07,15:16,17:41,18:57,2025-10-25
India,Haryana,30.7333,76.7794,05:13,12:07,15:16,17:40,18:56,2025-10-26
India,Haryana,30.7333,76.7794,05:13,12:07,15:15,17:39,18:56,2025-10-27
India,Haryana,30.7333,76.7794,05:14,12:07,15:14,17:38,18:55,2025-10-28
India,Haryana,30.7333,76.7794,05:15,12:07,15:14,17:37,18:54,2025-10-29
India,Haryana,30.7333,76.7794,05:15,12:07,15:13,17:36,18:53,2025-10-30
India,Haryana,30.7333,76.7794,05:16,12:06,15:12,17:36,18:52,2025-10-31
India,Haryana,30.7333,76.7794,05:17,12:06,15:12,17:35,18:52,2025-11-01
India,Haryana,30.7333,76.7794,05:17,12:06,15:11,17:34,18:51,2025-11-02
India,Haryana,30.7333,76.7794,05:18,12:06,15:11,17:33,18:50,2025-11-03
India,Haryana,30.7333,76.7794,05:19,12:06,15:10,17:32,18:50,2025-11-04
India,Haryana,30.7333,76.7794,05:19,12:06,15:09,17:32,18:49,2025-11-05
India,Haryana,30.7333,76.7794,05:20,12:07,15:09,17:31,18:48,2025-11-06
India,Haryana,30.7333,76.7794,05:21,12:07,15:08,17:30,18:48,2025-11-07
India,Haryana,30.7333,76.7794,05:21,12:07,15:08,17:29,18:47,2025-11-08
India,Haryana,30.7333,76.7794,05:22,12:07,15:07,17:29,18:47,2025-11-09
India,Haryana,30.7333,76.7794,05:23,12:07,15:07,17:28,18:46,2025-11-10
India,Haryana,30.7333,76.7794,05:24,12:07,15:06,17:28,18:46,2025-11-11
India,Haryana,30.7333,76.7794,05:24,12:07,15:06,17:27,18:45,2025-11-12
India,Haryana,30.7333,76.7794,05:25,12:07,15:06,17:26,18:45,2025-11-13
India,Haryana,30.7333,76.7794,05:26,12:07,15:05,17:26,18:44,2025-11-14
India,Haryana,30.7333,76.7794,05:26,12:08,15:05,17:25,18:44,2025-11-15
India,Haryana,30.7333,76.7794,05:27,12:08,15:04,17:25,18:44,2025-11-16
India,Haryana,30.7333,76.7794,05:28,12:08,15:04,17:24,18:43,2025-11-17
India,Haryana,30.7333,76.7794,05:29,12:08,15:04,17:24,18:43,2025-11-18
India,Haryana,30.7333,76.7794,05:29,12:08,15:04,17:24,18:43,2025-11-19
India,Haryana,30.7333,76.7794,05:30,12:09,15:03,17:23,18:42,2025-11-20
India,Haryana,30.7333,76.7794,05:31,12:09,15:03,17:23,18:42,2025-11-21
India,Haryana,30.7333,76.7794,05:31,12:09,15:03,17:23,18:42,2025-11-22
India,Haryana,30.7333,76.7794,05:32,12:09,15:03,17:22,18:42,2025-11-23
India,Haryana,30.7333,76.7794,05:33,12:10,15:03,17:22,18:42,2025-11-24
India,Haryana,30.7333,76.7794,05:34,12:10,15:02,17:22,18:42,2025-11-25
India,Haryana,30.7333,76.7794,05:34,12:10,15:02,17:22,18:41,2025-11-26
India,Haryana,30.7333,76.7794,05:35,12:11,15:02,17:21,18:41,2025-11-27
India,Haryana,30.7333,76.7794,05:36,12:11,15:02,17:21,18:41,2025-11-28
India,Haryana,30.7333,76.7794,05:37,12:11,15:02,17:21,18:41,2025-11-29
India,Haryana,30.7333,76.7794,05:37,12:12,15:02,17:21,18:41,2025-11-30
India,Haryana,30.7333,76.7794,05:38,12:12,15:02,17:21,18:41,2025-12-01
India,Haryana,30.7333,76.7794,05:39,12:12,15:02,17:21,18:41,2025-12-02
India,Haryana,30.7333,76.7794,05:39,12:13,15:02,17:21,18:42,2025-12-03
India,Haryana,30.7333,76.7794,05:40,12:13,15:02,17:21,18:42,2025-12-04
India,Haryana,30.7333,76.7794,05:41,12:14,15:02,17:21,18:42,2025-12-05
India,Haryana,30.7333,76.7794,05:41,12:14,15:03,17:21,18:42,2025-12-06
India,Haryana,30.7333,76.7794,05:42,12:15,15:03,17:21,18:42,2025-12-07
India,Haryana,30.7333,76.7794,05:43,12:15,15:03,17:21,18:42,2025-12-08
India,Haryana,30.7333,76.7794,05:43,12:15,15:03,17:22,18:43,2025-12-09
India,Haryana,30.7333,76.7794,05:44,12:16,15:03,17:22,18:43,2025-12-10
India,Haryana,30.7333,76.7794,05:45,12:16,15:04,17:22,18:43,2025-12-11
India,Haryana,30.7333,76.7794,05:45,12:17,15:04,17:22,18:43,2025-12-12
India,Haryana,30.7333,76.7794,05:46,12:17,15:04,17:23,18:44,2025-12-13
India,Haryana,30.7333,76.7794,05:47,12:18,15:05,17:23,18:44,2025-12-14
India,Haryana,30.7333,76.7794,05:47,12:18,15:05,17:23,18:44,2025-12-15
India,Haryana,30.7333,76.7794,05:48,12:19,15:05,17:24,18:45,2025-12-16
India,Haryana,30.7333,76.7794,05:48,12:19,15:06,17:24,18:45,2025-12-17
India,Haryana,30.7333,76.7794,05:49,12:20,15:06,17:24,18:46,2025-12-18
India,Haryana,30.7333,76.7794,05:49,12:20,15:07,17:25,18:46,2025-12-19
India,Haryana,30.7333,76.7794,05:50,12:21,15:07,17:25,18:47,2025-12-20
India,Haryana,30.7333,76.7794,05:50,12:21,15:07,17:26,18:47,2025-12-21
India,Haryana,30.7333,76.7794,05:51,12:22,15:08,17:26,18:48,2025-12-22
India,Haryana,30.7333,76.7794,05:51,12:22,15:09,17:27,18:48,2025-12-23
India,Haryana,30.7333,76.7794,05:52,12:23,15:09,17:27,18:49,2025-12-24
India,Haryana,30.7333,76.7794,05:52,12:23,15:10,17:28,18:49,2025-12-25
India,Haryana,30.7333,76.7794,05:53,12:24,15:10,17:29,18:50,2025-12-26
India,Haryana,30.7333,76.7794,05:53,12:24,15:11,17:29,18:50,2025-12-27
India,Haryana,30.7333,76.7794,05:53,12:25,15:11,17:30,18:51,2025-12-28
India,Haryana,30.7333,76.7794,05:54,12:25,15:12,17:30,18:52,2025-12-29
India,Haryana,30.7333,76.7794,05:54,12:26,15:13,17:31,18:52,2025-12-30
India,Haryana,30.7333,76.7794,05:54,12:26,15:13,17:32,18:53,2025-12-31
India,Himachal Pradesh,31.1048,77.1734,05:54,12:25,15:12,17:30,18:52,2025-01-01
India,Himachal Pradesh,31.1048,77.1734,05:54,12:26,15:13,17:31,18:52,2025-01-02
India,Himachal Pradesh,31.1048,77.1734,05:54,12:26,15:13,17:32,18:53,2025-01-03
India,Himachal Pradesh,31.1048,77.1734,05:54,12:26,15:14,17:33,18:54,2025-01-04
India,Himachal Pradesh,31.1048,77.1734,05:55,12:27,15:15,17:33,18:54,2025-01-05
India,Himachal Pradesh,31.1048,77.1734,05:55,12:27,15:15,17:34,18:55,2025-01-06
India,Himachal Pradesh,31.1048,77.1734,05:55,12:28,15:16,17:35,18:56,2025-01-07
India,Himachal Pradesh,31.1048,77.1734,05:55,12:28,15:17,17:36,18:57,2025-01-08
India,Himachal Pradesh,31.1048,77.1734,05:55,12:29,15:18,17:37,18:57,2025-01-09
India,Himachal Pradesh,31.1048,77.1734,05:55,12:29,15:18,17:37,18:58,2025-01-10
India,Himachal Pradesh,31.1048,77.1734,05:55,12:29,15:19,17:38,18:59,2025-01-11
India,Himachal Pradesh,31.1048,77.1734,05:55,12:30,15:20,17:39,18:59,2025-01-12
India,Himachal Pradesh,31.1048,77.1734,05:55,12:30,15:21,17:40,19:00,2025-01-13
India,Himachal Pradesh,31.1048,77.1734,05:55,12:31,15:22,17:41,19:01,2025-01-14
India,Himachal Pradesh,31.1048,77.1734,05:55,12:31,15:22,17:42,19:02,2025-01-15
India,Himachal Pradesh,31.1048,77.1734,05:55,12:31,15:23,17:43,19:03,2025-01-16
India,Himachal Pradesh,31.1048,77.1734,05:55,12:32,15:24,17:43,19:03,2025-01-17
India,Himachal Pradesh,31.1048,77.1734,05:55,12:32,15:25,17:44,19:04,2025-01-18
India,Himachal Pradesh,31.1048,77.1734,05:55,12:32,15:25,17:45,19:05,2025-01-19
India,Himachal Pradesh,31.1048,77.1734,05:54,12:32,15:26,17:46,19:06,2025-01-20
India,Himachal Pradesh,31.1048,77.1734,05:54,12:33,15:27,17:47,19:06,2025-01-21
India,Himachal Pradesh,31.1048,77.1734,05:54,12:33,15:28,17:48,19:07,2025-01-22
India,Himachal Pradesh,31.1048,77.1734,05:54,12:33,15:29,17:49,19:08,2025-01-23
India,Himachal Pradesh,31.1048,77.1734,05:53,12:33,15:29,17:50,19:09,2025-01-24
India,Himachal Pradesh,31.1048,77.1734,05:53,12:34,15:30,17:51,19:10,2025-01-25
India,Himachal Pradesh,31.1048,77.1734,05:53,12:34,15:31,17:51,19:10,2025-01-26
India,Himachal Pradesh,31.1048,77.1734,05:52,12:34,15:32,17:52,19:11,2025-01-27
India,Himachal Pradesh,31.1048,77.1734,05:52,12:34,15:32,17:53,19:12,2025-01-28
India,Himachal Pradesh,31.1048,77.1734,05:52,12:34,15:33,17:54,19:13,2025-01-29
India,Himachal Pradesh,31.1048,77.1734,05:51,12:35,15:34,17:55,19:13,2025-01-30
India,Himachal Pradesh,31.1048,77.1734,05:51,12:35,15:35,17:56,19:14,2025-01-31
India,Himachal Pradesh,31.1048,77.1734,05:50,12:35,15:35,17:57,19:15,2025-02-01
India,Himachal Pradesh,31.1048,77.1734,05:50,12:35,15:36,17:58,19:16,2025-02-02
India,Himachal Pradesh,31.1048,77.1734,05:49,12:35,15:37,17:59,19:16,2025-02-03
India,Himachal Pradesh,31.1048,77.1734,05:49,12:35,15:37,17:59,19:17,2025-02-04
India,Himachal Pradesh,31.1048,77.1734,05:48,12:35,15:38,18:00,19:18,2025-02-05
India,Himachal Pradesh,31.1048,77.1734,05:47,12:35,15:39,18:01,19:19,2025-02-06
India,Himachal Pradesh,31.1048,77.1734,05:47,12:35,15:40,18:02,19:20,2025-02-07
India,Himachal Pradesh,31.1048,77.1734,05:46,12:35,15:40,18:03,19:20,2025-02-08
India,Himachal Pradesh,31.1048,77.1734,05:45,12:35,15:41,18:04,19:21,2025-02-09
India,Himachal Pradesh,31.1048,77.1734,05:45,12:36,15:41,18:05,19:22,2025-02-10
India,Himachal Pradesh,31.1048,77.1734,05:44,12:36,15:42,18:06,19:23,2025-02-11
India,Himachal Pradesh,31.1048,77.1734,05:43,12:35,15:43,18:06,19:23,2025-02-12
India,Himachal Pradesh,31.1048,77.1734,05:42,12:35,15:43,18:07,19:24,2025-02-13
India,Himachal Pradesh,31.1048,77.1734,05:41,12:35,15:44,18:08,19:25,2025-02-14
India,Himachal Pradesh,31.1048,77.1734,05:41,12:35,15:44,18:09,19:25,2025-02-15
India,Himachal Pradesh,31.1048,77.1734,05:40,12:35,15:45,18:10,19:26,2025-02-16
India,Himachal Pradesh,31.1048,77.1734,05:39,12:35,15:46,18:10,19:27,2025-02-17
India,Himachal Pradesh,31.1048,77.1734,05:38,12:35,15:46,18:11,19:28,2025-02-18
India,Himachal Pradesh,31.1048,77.1734,05:37,12:35,15:47,18:12,19:28,2025-02-19
India,Himachal Pradesh,31.1048,77.1734,05:36,12:35,15:47,18:13,19:29,2025-02-20
India,Himachal Pradesh,31.1048,77.1734,05:35,12:35,15:48,18:14,19:30,2025-02-21
India,Himachal Pradesh,31.1048,77.1734,05:34,12:35,15:48,18:14,19:31,2025-02-22
India,Himachal Pradesh,31.1048,77.1734,05:33,12:35,15:49,18:15,19:31,2025-02-23
India,Himachal Pradesh,31.1048,77.1734,05:32,12:34,15:49,18:16,19:32,2025-02-24
India,Himachal Pradesh,31.1048,77.1734,05:31,12:34,15:49,18:17,19:33,2025-02-25
India,Himachal Pradesh,31.1048,77.1734,05:30,12:34,15:50,18:18,19:33,2025-02-26
India,Himachal Pradesh,31.1048,77.1734,05:29,12:34,15:50,18:18,19:34,2025-02-27
India,Himachal Pradesh,31.1048,77.1734,05:28,12:34,15:51,18:19,19:35,2025-02-28
India,Himachal Pradesh,31.1048,77.1734,05:27,12:34,15:51,18:20,19:35,2025-03-01
India,Himachal Pradesh,31.1048,77.1734,05:26,12:33,15:51,18:20,19:36,2025-03-02
India,Himachal Pradesh,31.1048,77.1734,05:25,12:33,15:52,18:21,19:37,2025-03-03
India,Himachal Pradesh,31.1048,77.1734,05:24,12:33,15:52,18:22,19:38,2025-03-04
India,Himachal Pradesh,31.1048,77.1734,05:22,12:33,15:53,18:23,19:38,2025-03-05
India,Himachal Pradesh,31.1048,77.1734,05:21,12:32,15:53,18:23,19:39,2025-03-06
India,Himachal Pradesh,31.1048,77.1734,05:20,12:32,15:53,18:24,19:40,2025-03-07
India,Himachal Pradesh,31.1048,77.1734,05:19,12:32,15:53,18:25,19:40,2025-03-08
India,Himachal Pradesh,31.1048,77.1734,05:18,12:32,15:54,18:25,19:41,2025-03-09
India,Himachal Pradesh,31.1048,77.1734,05:16,12:31,15:54,18:26,19:42,2025-03-10
India,Himachal Pradesh,31.1048,77.1734,05:15,12:31,15:54,18:27,19:42,2025-03-11
India,Himachal Pradesh,31.1048,77.1734,05:14,12:31,15:55,18:28,19:43,2025-03-12
India,Himachal Pradesh,31.1048,77.1734,05:13,12:31,15:55,18:28,19:44,2025-03-13
India,Himachal Pradesh,31.1048,77.1734,05:11,12:30,15:55,18:29,19:45,2025-03-14
India,Himachal Pradesh,31.1048,77.1734,05:10,12:30,15:55,18:30,19:45,2025-03-15
India,Himachal Pradesh,31.1048,77.1734,05:09,12:30,15:55,18:30,19:46,2025-03-16
India,Himachal Pradesh,31.1048,77.1734,05:08,12:30,15:56,18:31,19:47,2025-03-17
India,Himachal Pradesh,31.1048,77.1734,05:06,12:29,15:56,18:32,19:47,2025-03-18
India,Himachal Pradesh,31.1048,77.1734,05:05,12:29,15:56,18:32,19:48,2025-03-19
India,Himachal Pradesh,31.1048,77.1734,05:04,12:29,15:56,18:33,19:49,2025-03-20
India,Himachal Pradesh,31.1048,77.1734,05:02,12:28,15:56,18:34,19:50,2025-03-21
India,Himachal Pradesh,31.1048,77.1734,05:01,12:28,15:56,18:34,19:50,2025-03-22
India,Himachal Pradesh,31.1048,77.1734,05:00,12:28,15:57,18:35,19:51,2025-03-23
India,Himachal Pradesh,31.1048,77.1734,04:58,12:27,15:57,18:35,19:52,2025-03-24
India,Himachal Pradesh,31.1048,77.1734,04:57,12:27,15:57,18:36,19:52,2025-03-25
India,Himachal Pradesh,31.1048,77.1734,04:56,12:27,15:57,18:37,19:53,2025-03-26
India,Himachal Pradesh,31.1048,77.1734,04:54,12:27,15:57,18:37,19:54,2025-03-27
India,Himachal Pradesh,31.1048,77.1734,04:53,12:26,15:57,18:38,19:55,2025-03-28
India,Himachal Pradesh,31.1048,77.1734,04:52,12:26,15:57,18:39,19:55,2025-03-29
India,Himachal Pradesh,31.1048,77.1734,04:50,12:26,15:57,18:39,19:56,2025-03-30
India,Himachal Pradesh,31.1048,77.1734,04:49,12:25,15:57,18:40,19:57,2025-03-31
India,Himachal Pradesh,31.1048,77.1734,04:47,12:25,15:57,18:41,19:58,2025-04-01
India,Himachal Pradesh,31.1048,77.1734,04:46,12:25,15:57,18:41,19:59,2025-04-02
India,Himachal Pradesh,31.1048,77.1734,04:45,12:24,15:57,18:42,19:59,2025-04-03
India,Himachal Pradesh,31.1048,77.1734,04:43,12:24,15:57,18:43,20:00,2025-04-04
India,Himachal Pradesh,31.1048,77.1734,04:42,12:24,15:57,18:43,20:01,2025-04-05
India,Himachal Pradesh,31.1048,77.1734,04:41,12:24,15:57,18:44,20:02,2025-04-06
India,Himachal Pradesh,31.1048,77.1734,04:39,12:23,15:57,18:45,20:02,2025-04-07
India,Himachal Pradesh,31.1048,77.1734,04:38,12:23,15:57,18:45,20:03,2025-04-08
India,Himachal Pradesh,31.1048,77.1734,04:36,12:23,15:57,18:46,20:04,2025-04-09
India,Himachal Pradesh,31.1048,77.1734,04:35,12:22,15:57,18:46,20:05,2025-04-10
India,Himachal Pradesh,31.1048,77.1734,04:34,12:22,15:57,18:47,20:06,2025-04-11
India,Himachal Pradesh,31.1048,77.1734,04:32,12:22,15:57,18:48,20:07,2025-04-12
India,Himachal Pradesh,31.1048,77.1734,04:31,12:22,15:57,18:48,20:07,2025-04-13
India,Himachal Pradesh,31.1048,77.1734,04:30,12:21,15:57,18:49,20:08,2025-04-14
India,Himachal Pradesh,31.1048,77.1734,04:28,12:21,15:57,18:50,20:09,2025-04-15
India,Himachal Pradesh,31.1048,77.1734,04:27,12:21,15:57,18:50,20:10,2025-04-16
India,Himachal Pradesh,31.1048,77.1734,04:26,12:21,15:57,18:51,20:11,2025-04-17
India,Himachal Pradesh,31.1048,77.1734,04:24,12:21,15:57,18:52,20:12,2025-04-18
India,Himachal Pradesh,31.1048,77.1734,04:23,12:20,15:57,18:52,20:13,2025-04-19
India,Himachal Pradesh,31.1048,77.1734,04:22,12:20,15:57,18:53,20:13,2025-04-20
India,Himachal Pradesh,31.1048,77.1734,04:20,12:20,15:57,18:54,20:14,2025-04-21
India,Himachal Pradesh,31.1048,77.1734,04:19,12:20,15:57,18:54,20:15,2025-04-22
India,Himachal Pradesh,31.1048,77.1734,04:18,12:20,15:57,18:55,20:16,2025-04-23
India,Himachal Pradesh,31.1048,77.1734,04:16,12:19,15:57,18:56,20:17,2025-04-24
India,Himachal Pradesh,31.1048,77.1734,04:15,12:19,15:57,18:56,20:18,2025-04-25
India,Himachal Pradesh,31.1048,77.1734,04:14,12:19,15:57,18:57,20:19,2025-04-26
India,Himachal Pradesh,31.1048,77.1734,04:13,12:19,15:57,18:58,20:20,2025-04-27
India,Himachal Pradesh,31.1048,77.1734,04:11,12:19,15:57,18:58,20:21,2025-04-28
India,Himachal Pradesh,31.1048,77.1734,04:10,12:19,15:57,18:59,20:22,2025-04-29
India,Himachal Pradesh,31.1048,77.1734,04:09,12:18,15:57,19:00,20:23,2025-04-30
India,Himachal Pradesh,31.1048,77.1734,04:08,12:18,15:57,19:00,20:23,2025-05-01
India,Himachal Pradesh,31.1048,77.1734,04:07,12:18,15:57,19:01,20:24,2025-05-02
India,Himachal Pradesh,31.1048,77.1734,04:05,12:18,15:57,19:02,20:25,2025-05-03
India,Himachal Pradesh,31.1048,77.1734,04:04,12:18,15:57,19:03,20:26,2025-05-04
India,Himachal Pradesh,31.1048,77.1734,04:03,12:18,15:57,19:03,20:27,2025-05-05
India,Himachal Pradesh,31.1048,77.1734,04:02,12:18,15:57,19:04,20:28,2025-05-06
India,Himachal Pradesh,31.1048,77.1734,04:01,12:18,15:57,19:05,20:29,2025-05-07
India,Himachal Pradesh,31.1048,77.1734,04:00,12:18,15:57,19:05,20:30,2025-05-08
India,Himachal Pradesh,31.1048,77.1734,03:59,12:18,15:57,19:06,20:31,2025-05-09
India,Himachal Pradesh,31.1048,77.1734,03:58,12:18,15:57,19:07,20:32,2025-05-10
India,Himachal Pradesh,31.1048,77.1734,03:57,12:18,15:57,19:07,20:33,2025-05-11
India,Himachal Pradesh,31.1048,77.1734,03:56,12:18,15:57,19:08,20:34,2025-05-12
India,Himachal Pradesh,31.1048,77.1734,03:55,12:18,15:57,19:09,20:35,2025-05-13
India,Himachal Pradesh,31.1048,77.1734,03:54,12:18,15:57,19:09,20:36,2025-05-14
India,Himachal Pradesh,31.1048,77.1734,03:53,12:18,15:57,19:10,20:37,2025-05-15
India,Himachal Pradesh,31.1048,77.1734,03:52,12:18,15:57,19:11,20:37,2025-05-16
India,Himachal Pradesh,31.1048,77.1734,03:51,12:18,15:57,19:11,20:38,2025-05-17
India,Himachal Pradesh,31.1048,77.1734,03:50,12:18,15:57,19:12,20:39,2025-05-18
India,Himachal Pradesh,31.1048,77.1734,03:50,12:18,15:57,19:13,20:40,2025-05-19
India,Himachal Pradesh,31.1048,77.1734,03:49,12:18,15:57,19:13,20:41,2025-05-20
India,Himachal Pradesh,31.1048,77.1734,03:48,12:18,15:57,19:14,20:42,2025-05-21
India,Himachal Pradesh,31.1048,77.1734,03:47,12:18,15:57,19:15,20:43,2025-05-22
India,Himachal Pradesh,31.1048,77.1734,03:47,12:18,15:57,19:15,20:44,2025-05-23
India,Himachal Pradesh,31.1048,77.1734,03:46,12:18,15:57,19:16,20:45,2025-05-24
India,Himachal Pradesh,31.1048,77.1734,03:45,12:18,15:57,19:16,20:45,2025-05-25
India,Himachal Pradesh,31.1048,77.1734,03:45,12:18,15:57,19:17,20:46,2025-05-26
India,Himachal Pradesh,31.1048,77.1734,03:44,12:19,15:57,19:18,20:47,2025-05-27
India,Himachal Pradesh,31.1048,77.1734,03:43,12:19,15:57,19:18,20:48,2025-05-28
India,Himachal Pradesh,31.1048,77.1734,03:43,12:19,15:57,19:19,20:49,2025-05-29
India,Himachal Pradesh,31.1048,77.1734,03:42,12:19,15:58,19:19,20:49,2025-05-30
India,Himachal Pradesh,31.1048,77.1734,03:42,12:19,15:58,19:20,20:50,2025-05-31
India,Himachal Pradesh,31.1048,77.1734,03:41,12:19,15:58,19:20,20:51,2025-06-01
India,Himachal Pradesh,31.1048,77.1734,03:41,12:19,15:58,19:21,20:52,2025-06-02
India,Himachal Pradesh,31.1048,77.1734,03:41,12:20,15:58,19:22,20:52,2025-06-03
India,Himachal Pradesh,31.1048,77.1734,03:40,12:20,15:58,19:22,20:53,2025-06-04
India,Himachal Pradesh,31.1048,77.1734,03:40,12:20,15:58,19:23,20:54,2025-06-05
India,Himachal Pradesh,31.1048,77.1734,03:40,12:20,15:59,19:23,20:54,2025-06-06
India,Himachal Pradesh,31.1048,77.1734,03:39,12:20,15:59,19:23,20:55,2025-06-07
India,Himachal Pradesh,31.1048,77.1734,03:39,12:20,15:59,19:24,20:55,2025-06-08
India,Himachal Pradesh,31.1048,77.1734,03:39,12:21,15:59,19:24,20:56,2025-06-09
India,Himachal Pradesh,31.1048,77.1734,03:39,12:21,15:59,19:25,20:57,2025-06-10
India,Himachal Pradesh,31.1048,77.1734,03:39,12:21,15:59,19:25,20:57,2025-06-11
India,Himachal Pradesh,31.1048,77.1734,03:39,12:21,16:00,19:26,20:57,2025-06-12
India,Himachal Pradesh,31.1048,77.1734,03:39,12:22,16:00,19:26,20:58,2025-06-13
India,Himachal Pradesh,31.1048,77.1734,03:39,12:22,16:00,19:26,20:58,2025-06-14
India,Himachal Pradesh,31.1048,77.1734,03:39,12:22,16:00,19:27,20:59,2025-06-15
India,Himachal Pradesh,31.1048,77.1734,03:39,12:22,16:00,19:27,20:59,2025-06-16
India,Himachal Pradesh,31.1048,77.1734,03:39,12:22,16:01,19:27,20:59,2025-06-17
India,Himachal Pradesh,31.1048,77.1734,03:39,12:23,16:01,19:28,21:00,2025-06-18
India,Himachal Pradesh,31.1048,77.1734,03:39,12:23,16:01,19:28,21:00,2025-06-19
India,Himachal Pradesh,31.1048,77.1734,03:39,12:23,16:01,19:28,21:00,2025-06-20
India,Himachal Pradesh,31.1048,77.1734,03:40,12:23,16:01,19:28,21:01,2025-06-21
India,Himachal Pradesh,31.1048,77.1734,03:40,12:23,16:02,19:28,21:01,2025-06-22
India,Himachal Pradesh,31.1048,77.1734,03:40,12:24,16:02,19:29,21:01,2025-06-23
India,Himachal Pradesh,31.1048,77.1734,03:40,12:24,16:02,19:29,21:01,2025-06-24
India,Himachal Pradesh,31.1048,77.1734,03:41,12:24,16:02,19:29,21:01,2025-06-25
India,Himachal Pradesh,31.1048,77.1734,03:41,12:24,16:03,19:29,21:01,2025-06-26
India,Himachal Pradesh,31.1048,77.1734,03:42,12:25,16:03,19:29,21:01,2025-06-27
India,Himachal Pradesh,31.1048,77.1734,03:42,12:25,16:03,19:29,21:01,2025-06-28
India,Himachal Pradesh,31.1048,77.1734,03:42,12:25,16:03,19:29,21:01,2025-06-29
India,Himachal Pradesh,31.1048,77.1734,03:43,12:25,16:03,19:29,21:01,2025-06-30
India,Himachal Pradesh,31.1048,77.1734,03:43,12:25,16:04,19:29,21:01,2025-07-01
India,Himachal Pradesh,31.1048,77.1734,03:44,12:25,16:04,19:29,21:01,2025-07-02
India,Himachal Pradesh,31.1048,77.1734,03:45,12:26,16:04,19:29,21:01,2025-07-03
India,Himachal Pradesh,31.1048,77.1734,03:45,12:26,16:04,19:29,21:00,2025-07-04
India,Himachal Pradesh,31.1048,77.1734,03:46,12:26,16:04,19:29,21:00,2025-07-05
India,Himachal Pradesh,31.1048,77.1734,03:46,12:26,16:05,19:29,21:00,2025-07-06
India,Himachal Pradesh,31.1048,77.1734,03:47,12:26,16:05,19:29,20:59,2025-07-07
India,Himachal Pradesh,31.1048,77.1734,03:48,12:26,16:05,19:28,20:59,2025-07-08
India,Himachal Pradesh,31.1048,77.1734,03:48,12:27,16:05,19:28,20:59,2025-07-09
India,Himachal Pradesh,31.1048,77.1734,03:49,12:27,16:05,19:28,20:58,2025-07-10
India,Himachal Pradesh,31.1048,77.1734,03:50,12:27,16:06,19:28,20:58,2025-07-11
India,Himachal Pradesh,31.1048,77.1734,03:51,12:27,16:06,19:27,20:57,2025-07-12
India,Himachal Pradesh,31.1048,77.1734,03:51,12:27,16:06,19:27,20:57,2025-07-13
India,Himachal Pradesh,31.1048,77.1734,03:52,12:27,16:06,19:27,20:56,2025-07-14
India,Himachal Pradesh,31.1048,77.1734,03:53,12:27,16:06,19:26,20:56,2025-07-15
India,Himachal Pradesh,31.1048,77.1734,03:54,12:27,16:06,19:26,20:55,2025-07-16
India,Himachal Pradesh,31.1048,77.1734,03:55,12:28,16:06,19:26,20:55,2025-07-17
India,Himachal Pradesh,31.1048,77.1734,03:55,12:28,16:06,19:25,20:54,2025-07-18
India,Himachal Pradesh,31.1048,77.1734,03:56,12:28,16:07,19:25,20:53,2025-07-19
India,Himachal Pradesh,31.1048,77.1734,03:57,12:28,16:07,19:24,20:52,2025-07-20
India,Himachal Pradesh,31.1048,77.1734,03:58,12:28,16:07,19:24,20:52,2025-07-21
India,Himachal Pradesh,31.1048,77.1734,03:59,12:28,16:07,19:23,20:51,2025-07-22
India,Himachal Pradesh,31.1048,77.1734,04:00,12:28,16:07,19:23,20:50,2025-07-23
India,Himachal Pradesh,31.1048,77.1734,04:01,12:28,16:07,19:22,20:49,2025-07-24
India,Himachal Pradesh,31.1048,77.1734,04:01,12:28,16:07,19:21,20:48,2025-07-25
India,Himachal Pradesh,31.1048,77.1734,04:02,12:28,16:07,19:21,20:48,2025-07-26
India,Himachal Pradesh,31.1048,77.1734,04:03,12:28,16:07,19:20,20:47,2025-07-27
India,Himachal Pradesh,31.1048,77.1734,04:04,12:28,16:07,19:19,20:46,2025-07-28
India,Himachal Pradesh,31.1048,77.1734,04:05,12:28,16:07,19:19,20:45,2025-07-29
India,Himachal Pradesh,31.1048,77.1734,04:06,12:28,16:07,19:18,20:44,2025-07-30
India,Himachal Pradesh,31.1048,77.1734,04:07,12:28,16:07,19:17,20:43,2025-07-31
India,Himachal Pradesh,31.1048,77.1734,04:08,12:28,16:06,19:17,20:42,2025-08-01
India,Himachal Pradesh,31.1048,77.1734,04:09,12:28,16:06,19:16,20:41,2025-08-02
India,Himachal Pradesh,31.1048,77.1734,04:10,12:27,16:06,19:15,20:40,2025-08-03
India,Himachal Pradesh,31.1048,77.1734,04:11,12:27,16:06,19:14,20:39,2025-08-04
India,Himachal Pradesh,31.1048,77.1734,04:11,12:27,16:06,19:13,20:38,2025-08-05
India,Himachal Pradesh,31.1048,77.1734,04:12,12:27,16:06,19:12,20:36,2025-08-06
India,Himachal Pradesh,31.1048,77.1734,04:13,12:27,16:06,19:12,20:35,2025-08-07
India,Himachal Pradesh,31.1048,77.1734,04:14,12:27,16:05,19:11,20:34,2025-08-08
India,Himachal Pradesh,31.1048,77.1734,04:15,12:27,16:05,19:10,20:33,2025-08-09
India,Himachal Pradesh,31.1048,77.1734,04:16,12:27,16:05,19:09,20:32,2025-08-10
India,Himachal Pradesh,31.1048,77.1734,04:17,12:26,16:05,19:08,20:31,2025-08-11
India,Himachal Pradesh,31.1048,77.1734,04:18,12:26,16:05,19:07,20:29,2025-08-12
India,Himachal Pradesh,31.1048,77.1734,04:19,12:26,16:04,19:06,20:28,2025-08-13
India,Himachal Pradesh,31.1048,77.1734,04:20,12:26,16:04,19:05,20:27,2025-08-14
India,Himachal Pradesh,31.1048,77.1734,04:20,12:26,16:04,19:04,20:26,2025-08-15
India,Himachal Pradesh,31.1048,77.1734,04:21,12:26,16:03,19:03,20:24,2025-08-16
India,Himachal Pradesh,31.1048,77.1734,04:22,12:25,16:03,19:02,20:23,2025-08-17
India,Himachal Pradesh,31.1048,77.1734,04:23,12:25,16:03,19:01,20:22,2025-08-18
India,Himachal Pradesh,31.1048,77.1734,04:24,12:25,16:02,19:00,20:21,2025-08-19
India,Himachal Pradesh,31.1048,77.1734,04:25,12:25,16:02,18:59,20:19,2025-08-20
India,Himachal Pradesh,31.1048,77.1734,04:26,12:24,16:01,18:57,20:18,2025-08-21
India,Himachal Pradesh,31.1048,77.1734,04:26,12:24,16:01,18:56,20:17,2025-08-22
India,Himachal Pradesh,31.1048,77.1734,04:27,12:24,16:01,18:55,20:15,2025-08-23
India,Himachal Pradesh,31.1048,77.1734,04:28,12:24,16:00,18:54,20:14,2025-08-24
India,Himachal Pradesh,31.1048,77.1734,04:29,12:23,16:00,18:53,20:13,2025-08-25
India,Himachal Pradesh,31.1048,77.1734,04:30,12:23,15:59,18:52,20:11,2025-08-26
India,Himachal Pradesh,31.1048,77.1734,04:30,12:23,15:59,18:51,20:10,2025-08-27
India,Himachal Pradesh,31.1048,77.1734,04:31,12:22,15:58,18:49,20:08,2025-08-28
India,Himachal Pradesh,31.1048,77.1734,04:32,12:22,15:58,18:48,20:07,2025-08-29
India,Himachal Pradesh,31.1048,77.1734,04:33,12:22,15:57,18:47,20:06,2025-08-30
India,Himachal Pradesh,31.1048,77.1734,04:34,12:21,15:56,18:46,20:04,2025-08-31
India,Himachal Pradesh,31.1048,77.1734,04:34,12:21,15:56,18:45,20:03,2025-09-01
India,Himachal Pradesh,31.1048,77.1734,04:35,12:21,15:55,18:43,20:02,2025-09-02
India,Himachal Pradesh,31.1048,77.1734,04:36,12:21,15:55,18:42,20:00,2025-09-03
India,Himachal Pradesh,31.1048,77.1734,04:37,12:20,15:54,18:41,19:59,2025-09-04
India,Himachal Pradesh,31.1048,77.1734,04:37,12:20,15:53,18:40,19:57,2025-09-05
India,Himachal Pradesh,31.1048,77.1734,04:38,12:20,15:53,18:38,19:56,2025-09-06
India,Himachal Pradesh,31.1048,77.1734,04:39,12:19,15:52,18:37,19:55,2025-09-07
India,Himachal Pradesh,31.1048,77.1734,04:40,12:19,15:52,18:36,19:53,2025-09-08
India,Himachal Pradesh,31.1048,77.1734,04:40,12:18,15:51,18:35,19:52,2025-09-09
India,Himachal Pradesh,31.1048,77.1734,04:41,12:18,15:50,18:33,19:50,2025-09-10
India,Himachal Pradesh,31.1048,77.1734,04:42,12:18,15:49,18:32,19:49,2025-09-11
India,Himachal Pradesh,31.1048,77.1734,04:42,12:17,15:49,18:31,19:48,2025-09-12
India,Himachal Pradesh,31.1048,77.1734,04:43,12:17,15:48,18:29,19:46,2025-09-13
India,Himachal Pradesh,31.1048,77.1734,04:44,12:17,15:47,18:28,19:45,2025-09-14
India,Himachal Pradesh,31.1048,77.1734,04:44,12:16,15:47,18:27,19:43,2025-09-15
India,Himachal Pradesh,31.1048,77.1734,04:45,12:16,15:46,18:26,19:42,2025-09-16
India,Himachal Pradesh,31.1048,77.1734,04:46,12:16,15:45,18:24,19:41,2025-09-17
India,Himachal Pradesh,31.1048,77.1734,04:47,12:15,15:44,18:23,19:39,2025-09-18
India,Himachal Pradesh,31.1048,77.1734,04:47,12:15,15:44,18:22,19:38,2025-09-19
India,Himachal Pradesh,31.1048,77.1734,04:48,12:15,15:43,18:20,19:36,2025-09-20
India,Himachal Pradesh,31.1048,77.1734,04:49,12:14,15:42,18:19,19:35,2025-09-21
India,Himachal Pradesh,31.1048,77.1734,04:49,12:14,15:41,18:18,19:34,2025-09-22
India,Himachal Pradesh,31.1048,77.1734,04:50,12:14,15:40,18:17,19:32,2025-09-23
India,Himachal Pradesh,31.1048,77.1734,04:50,12:13,15:40,18:15,19:31,2025-09-24
India,Himachal Pradesh,31.1048,77.1734,04:51,12:13,15:39,18:14,19:30,2025-09-25
India,Himachal Pradesh,31.1048,77.1734,04:52,12:12,15:38,18:13,19:28,2025-09-26
India,Himachal Pradesh,31.1048,77.1734,04:52,12:12,15:37,18:11,19:27,2025-09-27
India,Himachal Pradesh,31.1048,77.1734,04:53,12:12,15:36,18:10,19:26,2025-09-28
India,Himachal Pradesh,31.1048,77.1734,04:54,12:11,15:35,18:09,19:25,2025-09-29
India,Himachal Pradesh,31.1048,77.1734,04:54,12:11,15:35,18:08,19:23,2025-09-30
India,Himachal Pradesh,31.1048,77.1734,04:55,12:11,15:34,18:06,19:22,2025-10-01
India,Himachal Pradesh,31.1048,77.1734,04:56,12:10,15:33,18:05,19:21,2025-10-02
India,Himachal Pradesh,31.1048,77.1734,04:56,12:10,15:32,18:04,19:19,2025-10-03
India,Himachal Pradesh,31.1048,77.1734,04:57,12:10,15:31,18:03,19:18,2025-10-04
India,Himachal Pradesh,31.1048,77.1734,04:58,12:10,15:30,18:01,19:17,2025-10-05
India,Himachal Pradesh,31.1048,77.1734,04:58,12:09,15:30,18:00,19:16,2025-10-06
India,Himachal Pradesh,31.1048,77.1734,04:59,12:09,15:29,17:59,19:15,2025-10-07
India,Himachal Pradesh,31.1048,77.1734,04:59,12:09,15:28,17:58,19:13,2025-10-08
India,Himachal Pradesh,31.1048,77.1734,05:00,12:08,15:27,17:56,19:12,2025-10-09
India,Himachal Pradesh,31.1048,77.1734,05:01,12:08,15:26,17:55,19:11,2025-10-10
India,Himachal Pradesh,31.1048,77.1734,05:01,12:08,15:25,17:54,19:10,2025-10-11
India,Himachal Pradesh,31.1048,77.1734,05:02,12:08,15:25,17:53,19:09,2025-10-12
India,Himachal Pradesh,31.1048,77.1734,05:03,12:07,15:24,17:52,19:08,2025-10-13
India,Himachal Pradesh,31.1048,77.1734,05:03,12:07,15:23,17:51,19:06,2025-10-14
India,Himachal Pradesh,31.1048,77.1734,05:04,12:07,15:22,17:50,19:05,2025-10-15
India,Himachal Pradesh,31.1048,77.1734,05:05,12:07,15:21,17:48,19:04,2025-10-16
India,Himachal Pradesh,31.1048,77.1734,05:05,12:07,15:21,17:47,19:03,2025-10-17
India,Himachal Pradesh,31.1048,77.1734,05:06,12:06,15:20,17:46,19:02,2025-10-18
India,Himachal Pradesh,31.1048,77.1734,05:06,12:06,15:19,17:45,19:01,2025-10-19
India,Himachal Pradesh,31.1048,77.1734,05:07,12:06,15:18,17:44,19:00,2025-10-20
India,Himachal Pradesh,31.1048,77.1734,05:08,12:06,15:17,17:43,18:59,2025-10-21
India,Himachal Pradesh,31.1048,77.1734,05:08,12:06,15:17,17:42,18:58,2025-10-22
India,Himachal Pradesh,31.1048,77.1734,05:09,12:06,15:16,17:41,18:57,2025-10-23
India,Himachal Pradesh,31.1048,77.1734,05:10,12:05,15:15,17:40,18:56,2025-10-24
India,Himachal Pradesh,31.1048,77.1734,05:10,12:05,15:14,17:39,18:56,2025-10-25
India,Himachal Pradesh,31.1048,77.1734,05:11,12:05,15:14,17:38,18:55,2025-10-26
India,Himachal Pradesh,31.1048,77.1734,05:12,12:05,15:13,17:37,18:54,2025-10-27
India,Himachal Pradesh,31.1048,77.1734,05:12,12:05,15:12,17:36,18:53,2025-10-28
India,Himachal Pradesh,31.1048,77.1734,05:13,12:05,15:12,17:35,18:52,2025-10-29
India,Himachal Pradesh,31.1048,77.1734,05:14,12:05,15:11,17:34,18:51,2025-10-30
India,Himachal Pradesh,31.1048,77.1734,05:14,12:05,15:10,17:33,18:51,2025-10-31
India,Himachal Pradesh,31.1048,77.1734,05:15,12:05,15:10,17:33,18:50,2025-11-01
India,Himachal Pradesh,31.1048,77.1734,05:16,12:05,15:09,17:32,18:49,2025-11-02
India,Himachal Pradesh,31.1048,77.1734,05:17,12:05,15:08,17:31,18:48,2025-11-03
India,Himachal Pradesh,31.1048,77.1734,05:17,12:05,15:08,17:30,18:48,2025-11-04
India,Himachal Pradesh,31.1048,77.1734,05:18,12:05,15:07,17:29,18:47,2025-11-05
India,Himachal Pradesh,31.1048,77.1734,05:19,12:05,15:07,17:29,18:47,2025-11-06
India,Himachal Pradesh,31.1048,77.1734,05:19,12:05,15:06,17:28,18:46,2025-11-07
India,Himachal Pradesh,31.1048,77.1734,05:20,12:05,15:06,17:27,18:45,2025-11-08
India,Himachal Pradesh,31.1048,77.1734,05:21,12:05,15:05,17:27,18:45,2025-11-09
India,Himachal Pradesh,31.1048,77.1734,05:22,12:05,15:05,17:26,18:44,2025-11-10
India,Himachal Pradesh,31.1048,77.1734,05:22,12:05,15:04,17:25,18:44,2025-11-11
India,Himachal Pradesh,31.1048,77.1734,05:23,12:06,15:04,17:25,18:43,2025-11-12
India,Himachal Pradesh,31.1048,77.1734,05:24,12:06,15:03,17:24,18:43,2025-11-13
India,Himachal Pradesh,31.1048,77.1734,05:24,12:06,15:03,17:24,18:42,2025-11-14
India,Himachal Pradesh,31.1048,77.1734,05:25,12:06,15:03,17:23,18:42,2025-11-15
India,Himachal Pradesh,31.1048,77.1734,05:26,12:06,15:02,17:23,18:42,2025-11-16
India,Himachal Pradesh,31.1048,77.1734,05:27,12:06,15:02,17:22,18:41,2025-11-17
India,Himachal Pradesh,31.1048,77.1734,05:27,12:07,15:02,17:22,18:41,2025-11-18
India,Himachal Pradesh,31.1048,77.1734,05:28,12:07,15:01,17:21,18:41,2025-11-19
India,Himachal Pradesh,31.1048,77.1734,05:29,12:07,15:01,17:21,18:40,2025-11-20
India,Himachal Pradesh,31.1048,77.1734,05:30,12:07,15:01,17:21,18:40,2025-11-21
India,Himachal Pradesh,31.1048,77.1734,05:30,12:08,15:01,17:20,18:40,2025-11-22
India,Himachal Pradesh,31.1048,77.1734,05:31,12:08,15:00,17:20,18:40,2025-11-23
India,Himachal Pradesh,31.1048,77.1734,05:32,12:08,15:00,17:20,18:40,2025-11-24
India,Himachal Pradesh,31.1048,77.1734,05:33,12:08,15:00,17:19,18:40,2025-11-25
India,Himachal Pradesh,31.1048,77.1734,05:33,12:09,15:00,17:19,18:39,2025-11-26
India,Himachal Pradesh,31.1048,77.1734,05:34,12:09,15:00,17:19,18:39,2025-11-27
India,Himachal Pradesh,31.1048,77.1734,05:35,12:09,15:00,17:19,18:39,2025-11-28
India,Himachal Pradesh,31.1048,77.1734,05:35,12:10,15:00,17:19,18:39,2025-11-29
India,Himachal Pradesh,31.1048,77.1734,05:36,12:10,15:00,17:19,18:39,2025-11-30
India,Himachal Pradesh,31.1048,77.1734,05:37,12:10,15:00,17:19,18:39,2025-12-01
India,Himachal Pradesh,31.1048,77.1734,05:38,12:11,15:00,17:19,18:39,2025-12-02
India,Himachal Pradesh,31.1048,77.1734,05:38,12:11,15:00,17:19,18:39,2025-12-03
India,Himachal Pradesh,31.1048,77.1734,05:39,12:12,15:00,17:19,18:40,2025-12-04
India,Himachal Pradesh,31.1048,77.1734,05:40,12:12,15:00,17:19,18:40,2025-12-05
India,Himachal Pradesh,31.1048,77.1734,05:40,12:13,15:00,17:19,18:40,2025-12-06
India,Himachal Pradesh,31.1048,77.1734,05:41,12:13,15:00,17:19,18:40,2025-12-07
India,Himachal Pradesh,31.1048,77.1734,05:42,12:13,15:00,17:19,18:40,2025-12-08
India,Himachal Pradesh,31.1048,77.1734,05:42,12:14,15:01,17:19,18:40,2025-12-09
India,Himachal Pradesh,31.1048,77.1734,05:43,12:14,15:01,17:19,18:41,2025-12-10
India,Himachal Pradesh,31.1048,77.1734,05:44,12:15,15:01,17:20,18:41,2025-12-11
India,Himachal Pradesh,31.1048,77.1734,05:44,12:15,15:01,17:20,18:41,2025-12-12
India,Himachal Pradesh,31.1048,77.1734,05:45,12:16,15:02,17:20,18:42,2025-12-13
India,Himachal Pradesh,31.1048,77.1734,05:45,12:16,15:02,17:20,18:42,2025-12-14
India,Himachal Pradesh,31.1048,77.1734,05:46,12:17,15:02,17:21,18:42,2025-12-15
India,Himachal Pradesh,31.1048,77.1734,05:47,12:17,15:03,17:21,18:43,2025-12-16
India,Himachal Pradesh,31.1048,77.1734,05:47,12:18,15:03,17:22,18:43,2025-12-17
India,Himachal Pradesh,31.1048,77.1734,05:48,12:18,15:04,17:22,18:44,2025-12-18
India,Himachal Pradesh,31.1048,77.1734,05:48,12:19,15:04,17:22,18:44,2025-12-19
India,Himachal Pradesh,31.1048,77.1734,05:49,12:19,15:05,17:23,18:45,2025-12-20
India,Himachal Pradesh,31.1048,77.1734,05:49,12:20,15:05,17:23,18:45,2025-12-21
India,Himachal Pradesh,31.1048,77.1734,05:50,12:20,15:06,17:24,18:46,2025-12-22
India,Himachal Pradesh,31.1048,77.1734,05:50,12:21,15:06,17:24,18:46,2025-12-23
India,Himachal Pradesh,31.1048,77.1734,05:51,12:21,15:07,17:25,18:47,2025-12-24
India,Himachal Pradesh,31.1048,77.1734,05:51,12:22,15:07,17:26,18:47,2025-12-25
India,Himachal Pradesh,31.1048,77.1734,05:52,12:22,15:08,17:26,18:48,2025-12-26
India,Himachal Pradesh,31.1048,77.1734,05:52,12:23,15:08,17:27,18:48,2025-12-27
India,Himachal Pradesh,31.1048,77.1734,05:52,12:23,15:09,17:27,18:49,2025-12-28
India,Himachal Pradesh,31.1048,77.1734,05:53,12:24,15:10,17:28,18:50,2025-12-29
India,Himachal Pradesh,31.1048,77.1734,05:53,12:24,15:10,17:29,18:50,2025-12-30
India,Himachal Pradesh,31.1048,77.1734,05:53,12:25,15:11,17:29,18:51,2025-12-31
India,Jharkhand,23.3441,85.3096,05:10,11:53,14:54,17:14,18:30,2025-01-01
India,Jharkhand,23.3441,85.3096,05:11,11:53,14:55,17:15,18:31,2025-01-02
India,Jharkhand,23.3441,85.3096,05:11,11:53,14:55,17:16,18:31,2025-01-03
India,Jharkhand,23.3441,85.3096,05:11,11:54,14:56,17:16,18:32,2025-01-04
India,Jharkhand,23.3441,85.3096,05:12,11:54,14:57,17:17,18:33,2025-01-05
India,Jharkhand,23.3441,85.3096,05:12,11:55,14:57,17:18,18:33,2025-01-06
India,Jharkhand,23.3441,85.3096,05:12,11:55,14:58,17:19,18:34,2025-01-07
India,Jharkhand,23.3441,85.3096,05:12,11:56,14:59,17:19,18:34,2025-01-08
India,Jharkhand,23.3441,85.3096,05:13,11:56,14:59,17:20,18:35,2025-01-09
India,Jharkhand,23.3441,85.3096,05:13,11:56,15:00,17:21,18:36,2025-01-10
India,Jharkhand,23.3441,85.3096,05:13,11:57,15:01,17:21,18:36,2025-01-11
India,Jharkhand,23.3441,85.3096,05:13,11:57,15:01,17:22,18:37,2025-01-12
India,Jharkhand,23.3441,85.3096,05:13,11:58,15:02,17:23,18:38,2025-01-13
India,Jharkhand,23.3441,85.3096,05:13,11:58,15:03,17:23,18:38,2025-01-14
India,Jharkhand,23.3441,85.3096,05:13,11:58,15:03,17:24,18:39,2025-01-15
India,Jharkhand,23.3441,85.3096,05:13,11:59,15:04,17:25,18:39,2025-01-16
India,Jharkhand,23.3441,85.3096,05:13,11:59,15:04,17:26,18:40,2025-01-17
India,Jharkhand,23.3441,85.3096,05:13,11:59,15:05,17:26,18:41,2025-01-18
India,Jharkhand,23.3441,85.3096,05:13,12:00,15:06,17:27,18:41,2025-01-19
India,Jharkhand,23.3441,85.3096,05:13,12:00,15:06,17:28,18:42,2025-01-20
India,Jharkhand,23.3441,85.3096,05:13,12:00,15:07,17:28,18:42,2025-01-21
India,Jharkhand,23.3441,85.3096,05:13,12:00,15:08,17:29,18:43,2025-01-22
India,Jharkhand,23.3441,85.3096,05:13,12:01,15:08,17:30,18:44,2025-01-23
India,Jharkhand,23.3441,85.3096,05:13,12:01,15:09,17:31,18:44,2025-01-24
India,Jharkhand,23.3441,85.3096,05:13,12:01,15:09,17:31,18:45,2025-01-25
India,Jharkhand,23.3441,85.3096,05:13,12:01,15:10,17:32,18:46,2025-01-26
India,Jharkhand,23.3441,85.3096,05:13,12:02,15:10,17:33,18:46,2025-01-27
India,Jharkhand,23.3441,85.3096,05:12,12:02,15:11,17:33,18:47,2025-01-28
India,Jharkhand,23.3441,85.3096,05:12,12:02,15:12,17:34,18:47,2025-01-29
India,Jharkhand,23.3441,85.3096,05:12,12:02,15:12,17:35,18:48,2025-01-30
India,Jharkhand,23.3441,85.3096,05:12,12:02,15:13,17:35,18:48,2025-01-31
India,Jharkhand,23.3441,85.3096,05:11,12:02,15:13,17:36,18:49,2025-02-01
India,Jharkhand,23.3441,85.3096,05:11,12:02,15:14,17:37,18:50,2025-02-02
India,Jharkhand,23.3441,85.3096,05:11,12:03,15:14,17:37,18:50,2025-02-03
India,Jharkhand,23.3441,85.3096,05:10,12:03,15:15,17:38,18:51,2025-02-04
India,Jharkhand,23.3441,85.3096,05:10,12:03,15:15,17:39,18:51,2025-02-05
India,Jharkhand,23.3441,85.3096,05:10,12:03,15:16,17:39,18:52,2025-02-06
India,Jharkhand,23.3441,85.3096,05:09,12:03,15:16,17:40,18:52,2025-02-07
India,Jharkhand,23.3441,85.3096,05:09,12:03,15:16,17:41,18:53,2025-02-08
India,Jharkhand,23.3441,85.3096,05:08,12:03,15:17,17:41,18:53,2025-02-09
India,Jharkhand,23.3441,85.3096,05:08,12:03,15:17,17:42,18:54,2025-02-10
India,Jharkhand,23.3441,85.3096,05:07,12:03,15:18,17:42,18:54,2025-02-11
India,Jharkhand,23.3441,85.3096,05:07,12:03,15:18,17:43,18:55,2025-02-12
India,Jharkhand,23.3441,85.3096,05:06,12:03,15:18,17:44,18:55,2025-02-13
India,Jharkhand,23.3441,85.3096,05:06,12:03,15:19,17:44,18:56,2025-02-14
India,Jharkhand,23.3441,85.3096,05:05,12:03,15:19,17:45,18:56,2025-02-15
India,Jharkhand,23.3441,85.3096,05:04,12:03,15:19,17:45,18:57,2025-02-16
India,Jharkhand,23.3441,85.3096,05:04,12:03,15:20,17:46,18:57,2025-02-17
India,Jharkhand,23.3441,85.3096,05:03,12:03,15:20,17:46,18:58,2025-02-18
India,Jharkhand,23.3441,85.3096,05:02,12:03,15:20,17:47,18:58,2025-02-19
India,Jharkhand,23.3441,85.3096,05:02,12:02,15:20,17:48,18:59,2025-02-20
India,Jharkhand,23.3441,85.3096,05:01,12:02,15:21,17:48,18:59,2025-02-21
India,Jharkhand,23.3441,85.3096,05:00,12:02,15:21,17:49,19:00,2025-02-22
India,Jharkhand,23.3441,85.3096,05:00,12:02,15:21,17:49,19:00,2025-02-23
India,Jharkhand,23.3441,85.3096,04:59,12:02,15:21,17:50,19:00,2025-02-24
India,Jharkhand,23.3441,85.3096,04:58,12:02,15:21,17:50,19:01,2025-02-25
India,Jharkhand,23.3441,85.3096,04:57,12:02,15:22,17:51,19:01,2025-02-26
India,Jharkhand,23.3441,85.3096,04:57,12:01,15:22,17:51,19:02,2025-02-27
India,Jharkhand,23.3441,85.3096,04:56,12:01,15:22,17:52,19:02,2025-02-28
India,Jharkhand,23.3441,85.3096,04:55,12:01,15:22,17:52,19:03,2025-03-01
India,Jharkhand,23.3441,85.3096,04:54,12:01,15:22,17:52,19:03,2025-03-02
India,Jharkhand,23.3441,85.3096,04:53,12:01,15:22,17:53,19:03,2025-03-03
India,Jharkhand,23.3441,85.3096,04:52,12:00,15:22,17:53,19:04,2025-03-04
India,Jharkhand,23.3441,85.3096,04:52,12:00,15:22,17:54,19:04,2025-03-05
India,Jharkhand,23.3441,85.3096,04:51,12:00,15:22,17:54,19:05,2025-03-06
India,Jharkhand,23.3441,85.3096,04:50,12:00,15:22,17:55,19:05,2025-03-07
India,Jharkhand,23.3441,85.3096,04:49,11:59,15:23,17:55,19:06,2025-03-08
India,Jharkhand,23.3441,85.3096,04:48,11:59,15:23,17:56,19:06,2025-03-09
India,Jharkhand,23.3441,85.3096,04:47,11:59,15:23,17:56,19:06,2025-03-10
India,Jharkhand,23.3441,85.3096,04:46,11:59,15:22,17:56,19:07,2025-03-11
India,Jharkhand,23.3441,85.3096,04:45,11:58,15:22,17:57,19:07,2025-03-12
India,Jharkhand,23.3441,85.3096,04:44,11:58,15:22,17:57,19:08,2025-03-13
India,Jharkhand,23.3441,85.3096,04:43,11:58,15:22,17:58,19:08,2025-03-14
India,Jharkhand,23.3441,85.3096,04:42,11:58,15:22,17:58,19:09,2025-03-15
India,Jharkhand,23.3441,85.3096,04:41,11:57,15:22,17:58,19:09,2025-03-16
India,Jharkhand,23.3441,85.3096,04:40,11:57,15:22,17:59,19:09,2025-03-17
India,Jharkhand,23.3441,85.3096,04:39,11:57,15:22,17:59,19:10,2025-03-18
India,Jharkhand,23.3441,85.3096,04:38,11:56,15:22,18:00,19:10,2025-03-19
India,Jharkhand,23.3441,85.3096,04:37,11:56,15:22,18:00,19:11,2025-03-20
India,Jharkhand,23.3441,85.3096,04:36,11:56,15:22,18:00,19:11,2025-03-21
India,Jharkhand,23.3441,85.3096,04:35,11:55,15:22,18:01,19:11,2025-03-22
India,Jharkhand,23.3441,85.3096,04:34,11:55,15:21,18:01,19:12,2025-03-23
India,Jharkhand,23.3441,85.3096,04:33,11:55,15:21,18:01,19:12,2025-03-24
India,Jharkhand,23.3441,85.3096,04:32,11:55,15:21,18:02,19:13,2025-03-25
India,Jharkhand,23.3441,85.3096,04:31,11:54,15:21,18:02,19:13,2025-03-26
India,Jharkhand,23.3441,85.3096,04:30,11:54,15:21,18:03,19:14,2025-03-27
India,Jharkhand,23.3441,85.3096,04:29,11:54,15:20,18:03,19:14,2025-03-28
India,Jharkhand,23.3441,85.3096,04:28,11:53,15:20,18:03,19:15,2025-03-29
India,Jharkhand,23.3441,85.3096,04:27,11:53,15:20,18:04,19:15,2025-03-30
India,Jharkhand,23.3441,85.3096,04:26,11:53,15:20,18:04,19:15,2025-03-31
India,Jharkhand,23.3441,85.3096,04:25,11:52,15:20,18:05,19:16,2025-04-01
India,Jharkhand,23.3441,85.3096,04:23,11:52,15:19,18:05,19:16,2025-04-02
India,Jharkhand,23.3441,85.3096,04:22,11:52,15:19,18:05,19:17,2025-04-03
India,Jharkhand,23.3441,85.3096,04:21,11:52,15:19,18:06,19:17,2025-04-04
India,Jharkhand,23.3441,85.3096,04:20,11:51,15:19,18:06,19:18,2025-04-05
India,Jharkhand,23.3441,85.3096,04:19,11:51,15:18,18:06,19:18,2025-04-06
India,Jharkhand,23.3441,85.3096,04:18,11:51,15:18,18:07,19:19,2025-04-07
India,Jharkhand,23.3441,85.3096,04:17,11:50,15:18,18:07,19:19,2025-04-08
India,Jharkhand,23.3441,85.3096,04:16,11:50,15:17,18:08,19:20,2025-04-09
India,Jharkhand,23.3441,85.3096,04:15,11:50,15:17,18:08,19:20,2025-04-10
India,Jharkhand,23.3441,85.3096,04:14,11:50,15:17,18:08,19:21,2025-04-11
India,Jharkhand,23.3441,85.3096,04:13,11:49,15:17,18:09,19:21,2025-04-12
India,Jharkhand,23.3441,85.3096,04:12,11:49,15:16,18:09,19:22,2025-04-13
India,Jharkhand,23.3441,85.3096,04:11,11:49,15:16,18:10,19:22,2025-04-14
India,Jharkhand,23.3441,85.3096,04:10,11:49,15:16,18:10,19:23,2025-04-15
India,Jharkhand,23.3441,85.3096,04:09,11:48,15:15,18:10,19:24,2025-04-16
India,Jharkhand,23.3441,85.3096,04:08,11:48,15:15,18:11,19:24,2025-04-17
India,Jharkhand,23.3441,85.3096,04:07,11:48,15:15,18:11,19:25,2025-04-18
India,Jharkhand,23.3441,85.3096,04:06,11:48,15:14,18:12,19:25,2025-04-19
India,Jharkhand,23.3441,85.3096,04:05,11:48,15:14,18:12,19:26,2025-04-20
India,Jharkhand,23.3441,85.3096,04:04,11:47,15:14,18:12,19:26,2025-04-21
India,Jharkhand,23.3441,85.3096,04:03,11:47,15:14,18:13,19:27,2025-04-22
India,Jharkhand,23.3441,85.3096,04:02,11:47,15:13,18:13,19:27,2025-04-23
India,Jharkhand,23.3441,85.3096,04:01,11:47,15:13,18:14,19:28,2025-04-24
India,Jharkhand,23.3441,85.3096,04:00,11:47,15:13,18:14,19:29,2025-04-25
India,Jharkhand,23.3441,85.3096,03:59,11:46,15:12,18:15,19:29,2025-04-26
India,Jharkhand,23.3441,85.3096,03:58,11:46,15:12,18:15,19:30,2025-04-27
India,Jharkhand,23.3441,85.3096,03:57,11:46,15:12,18:15,19:30,2025-04-28
India,Jharkhand,23.3441,85.3096,03:56,11:46,15:11,18:16,19:31,2025-04-29
India,Jharkhand,23.3441,85.3096,03:55,11:46,15:11,18:16,19:32,2025-04-30
India,Jharkhand,23.3441,85.3096,03:54,11:46,15:11,18:17,19:32,2025-05-01
India,Jharkhand,23.3441,85.3096,03:54,11:46,15:10,18:17,19:33,2025-05-02
India,Jharkhand,23.3441,85.3096,03:53,11:46,15:10,18:18,19:34,2025-05-03
India,Jharkhand,23.3441,85.3096,03:52,11:46,15:10,18:18,19:34,2025-05-04
India,Jharkhand,23.3441,85.3096,03:51,11:45,15:10,18:19,19:35,2025-05-05
India,Jharkhand,23.3441,85.3096,03:50,11:45,15:09,18:19,19:36,2025-05-06
India,Jharkhand,23.3441,85.3096,03:49,11:45,15:09,18:20,19:36,2025-05-07
India,Jharkhand,23.3441,85.3096,03:49,11:45,15:09,18:20,19:37,2025-05-08
India,Jharkhand,23.3441,85.3096,03:48,11:45,15:09,18:20,19:37,2025-05-09
India,Jharkhand,23.3441,85.3096,03:47,11:45,15:08,18:21,19:38,2025-05-10
India,Jharkhand,23.3441,85.3096,03:46,11:45,15:08,18:21,19:39,2025-05-11
India,Jharkhand,23.3441,85.3096,03:46,11:45,15:08,18:22,19:39,2025-05-12
India,Jharkhand,23.3441,85.3096,03:45,11:45,15:08,18:22,19:40,2025-05-13
India,Jharkhand,23.3441,85.3096,03:44,11:45,15:07,18:23,19:41,2025-05-14
India,Jharkhand,23.3441,85.3096,03:44,11:45,15:07,18:23,19:41,2025-05-15
India,Jharkhand,23.3441,85.3096,03:43,11:45,15:07,18:24,19:42,2025-05-16
India,Jharkhand,23.3441,85.3096,03:43,11:45,15:07,18:24,19:43,2025-05-17
India,Jharkhand,23.3441,85.3096,03:42,11:45,15:07,18:25,19:43,2025-05-18
India,Jharkhand,23.3441,85.3096,03:41,11:45,15:07,18:25,19:44,2025-05-19
India,Jharkhand,23.3441,85.3096,03:41,11:45,15:06,18:26,19:45,2025-05-20
India,Jharkhand,23.3441,85.3096,03:40,11:45,15:06,18:26,19:45,2025-05-21
India,Jharkhand,23.3441,85.3096,03:40,11:45,15:06,18:27,19:46,2025-05-22
India,Jharkhand,23.3441,85.3096,03:39,11:46,15:06,18:27,19:47,2025-05-23
India,Jharkhand,23.3441,85.3096,03:39,11:46,15:06,18:28,19:47,2025-05-24
India,Jharkhand,23.3441,85.3096,03:39,11:46,15:06,18:28,19:48,2025-05-25
India,Jharkhand,23.3441,85.3096,03:38,11:46,15:06,18:28,19:48,2025-05-26
India,Jharkhand,23.3441,85.3096,03:38,11:46,15:06,18:29,19:49,2025-05-27
India,Jharkhand,23.3441,85.3096,03:37,11:46,15:06,18:29,19:50,2025-05-28
India,Jharkhand,23.3441,85.3096,03:37,11:46,15:05,18:30,19:50,2025-05-29
India,Jharkhand,23.3441,85.3096,03:37,11:46,15:05,18:30,19:51,2025-05-30
India,Jharkhand,23.3441,85.3096,03:36,11:47,15:05,18:31,19:51,2025-05-31
India,Jharkhand,23.3441,85.3096,03:36,11:47,15:05,18:31,19:52,2025-06-01
India,Jharkhand,23.3441,85.3096,03:36,11:47,15:05,18:32,19:52,2025-06-02
India,Jharkhand,23.3441,85.3096,03:36,11:47,15:05,18:32,19:53,2025-06-03
India,Jharkhand,23.3441,85.3096,03:36,11:47,15:05,18:32,19:54,2025-06-04
India,Jharkhand,23.3441,85.3096,03:35,11:47,15:05,18:33,19:54,2025-06-05
India,Jharkhand,23.3441,85.3096,03:35,11:48,15:05,18:33,19:55,2025-06-06
India,Jharkhand,23.3441,85.3096,03:35,11:48,15:06,18:34,19:55,2025-06-07
India,Jharkhand,23.3441,85.3096,03:35,11:48,15:06,18:34,19:55,2025-06-08
India,Jharkhand,23.3441,85.3096,03:35,11:48,15:06,18:34,19:56,2025-06-09
India,Jharkhand,23.3441,85.3096,03:35,11:48,15:06,18:35,19:56,2025-06-10
India,Jharkhand,23.3441,85.3096,03:35,11:49,15:06,18:35,19:57,2025-06-11
India,Jharkhand,23.3441,85.3096,03:35,11:49,15:06,18:35,19:57,2025-06-12
India,Jharkhand,23.3441,85.3096,03:35,11:49,15:06,18:36,19:58,2025-06-13
India,Jharkhand,23.3441,85.3096,03:35,11:49,15:06,18:36,19:58,2025-06-14
India,Jharkhand,23.3441,85.3096,03:35,11:49,15:06,18:36,19:58,2025-06-15
India,Jharkhand,23.3441,85.3096,03:35,11:50,15:07,18:37,19:59,2025-06-16
India,Jharkhand,23.3441,85.3096,03:35,11:50,15:07,18:37,19:59,2025-06-17
India,Jharkhand,23.3441,85.3096,03:36,11:50,15:07,18:37,19:59,2025-06-18
India,Jharkhand,23.3441,85.3096,03:36,11:50,15:08,18:37,19:59,2025-06-19
India,Jharkhand,23.3441,85.3096,03:36,11:50,15:08,18:38,20:00,2025-06-20
India,Jharkhand,23.3441,85.3096,03:36,11:51,15:08,18:38,20:00,2025-06-21
India,Jharkhand,23.3441,85.3096,03:36,11:51,15:08,18:38,20:00,2025-06-22
India,Jharkhand,23.3441,85.3096,03:37,11:51,15:08,18:38,20:00,2025-06-23
India,Jharkhand,23.3441,85.3096,03:37,11:51,15:09,18:38,20:00,2025-06-24
India,Jharkhand,23.3441,85.3096,03:37,11:52,15:09,18:39,20:00,2025-06-25
India,Jharkhand,23.3441,85.3096,03:38,11:52,15:09,18:39,20:01,2025-06-26
India,Jharkhand,23.3441,85.3096,03:38,11:52,15:09,18:39,20:01,2025-06-27
India,Jharkhand,23.3441,85.3096,03:38,11:52,15:09,18:39,20:01,2025-06-28
India,Jharkhand,23.3441,85.3096,03:39,11:52,15:10,18:39,20:01,2025-06-29
India,Jharkhand,23.3441,85.3096,03:39,11:53,15:10,18:39,20:01,2025-06-30
India,Jharkhand,23.3441,85.3096,03:39,11:53,15:10,18:39,20:01,2025-07-01
India,Jharkhand,23.3441,85.3096,03:40,11:53,15:11,18:39,20:01,2025-07-02
India,Jharkhand,23.3441,85.3096,03:40,11:53,15:11,18:39,20:01,2025-07-03
India,Jharkhand,23.3441,85.3096,03:41,11:53,15:11,18:39,20:00,2025-07-04
India,Jharkhand,23.3441,85.3096,03:41,11:53,15:11,18:39,20:00,2025-07-05
India,Jharkhand,23.3441,85.3096,03:42,11:54,15:12,18:39,20:00,2025-07-06
India,Jharkhand,23.3441,85.3096,03:42,11:54,15:12,18:39,20:00,2025-07-07
India,Jharkhand,23.3441,85.3096,03:43,11:54,15:12,18:39,20:00,2025-07-08
India,Jharkhand,23.3441,85.3096,03:43,11:54,15:13,18:39,20:00,2025-07-09
India,Jharkhand,23.3441,85.3096,03:44,11:54,15:13,18:39,19:59,2025-07-10
India,Jharkhand,23.3441,85.3096,03:44,11:54,15:13,18:39,19:59,2025-07-11
India,Jharkhand,23.3441,85.3096,03:45,11:54,15:14,18:38,19:59,2025-07-12
India,Jharkhand,23.3441,85.3096,03:45,11:55,15:14,18:38,19:58,2025-07-13
India,Jharkhand,23.3441,85.3096,03:46,11:55,15:14,18:38,19:58,2025-07-14
India,Jharkhand,23.3441,85.3096,03:47,11:55,15:14,18:38,19:58,2025-07-15
India,Jharkhand,23.3441,85.3096,03:47,11:55,15:15,18:37,19:57,2025-07-16
India,Jharkhand,23.3441,85.3096,03:48,11:55,15:15,18:37,19:57,2025-07-17
India,Jharkhand,23.3441,85.3096,03:48,11:55,15:15,18:37,19:57,2025-07-18
India,Jharkhand,23.3441,85.3096,03:49,11:55,15:16,18:37,19:56,2025-07-19
India,Jharkhand,23.3441,85.3096,03:50,11:55,15:16,18:36,19:56,2025-07-20
India,Jharkhand,23.3441,85.3096,03:50,11:55,15:16,18:36,19:55,2025-07-21
India,Jharkhand,23.3441,85.3096,03:51,11:55,15:16,18:36,19:55,2025-07-22
India,Jharkhand,23.3441,85.3096,03:52,11:55,15:17,18:35,19:54,2025-07-23
India,Jharkhand,23.3441,85.3096,03:52,11:55,15:17,18:35,19:53,2025-07-24
India,Jharkhand,23.3441,85.3096,03:53,11:55,15:17,18:34,19:53,2025-07-25
India,Jharkhand,23.3441,85.3096,03:53,11:55,15:17,18:34,19:52,2025-07-26
India,Jharkhand,23.3441,85.3096,03:54,11:55,15:17,18:33,19:52,2025-07-27
India,Jharkhand,23.3441,85.3096,03:55,11:55,15:18,18:33,19:51,2025-07-28
India,Jharkhand,23.3441,85.3096,03:55,11:55,15:18,18:32,19:50,2025-07-29
India,Jharkhand,23.3441,85.3096,03:56,11:55,15:18,18:32,19:49,2025-07-30
India,Jharkhand,23.3441,85.3096,03:57,11:55,15:18,18:31,19:49,2025-07-31
India,Jharkhand,23.3441,85.3096,03:57,11:55,15:18,18:31,19:48,2025-08-01
India,Jharkhand,23.3441,85.3096,03:58,11:55,15:18,18:30,19:47,2025-08-02
India,Jharkhand,23.3441,85.3096,03:58,11:55,15:19,18:30,19:47,2025-08-03
India,Jharkhand,23.3441,85.3096,03:59,11:55,15:19,18:29,19:46,2025-08-04
India,Jharkhand,23.3441,85.3096,04:00,11:55,15:19,18:28,19:45,2025-08-05
India,Jharkhand,23.3441,85.3096,04:00,11:55,15:19,18:28,19:44,2025-08-06
India,Jharkhand,23.3441,85.3096,04:01,11:54,15:19,18:27,19:43,2025-08-07
India,Jharkhand,23.3441,85.3096,04:01,11:54,15:19,18:26,19:42,2025-08-08
India,Jharkhand,23.3441,85.3096,04:02,11:54,15:19,18:26,19:42,2025-08-09
India,Jharkhand,23.3441,85.3096,04:03,11:54,15:19,18:25,19:41,2025-08-10
India,Jharkhand,23.3441,85.3096,04:03,11:54,15:19,18:24,19:40,2025-08-11
India,Jharkhand,23.3441,85.3096,04:04,11:54,15:19,18:24,19:39,2025-08-12
India,Jharkhand,23.3441,85.3096,04:04,11:54,15:19,18:23,19:38,2025-08-13
India,Jharkhand,23.3441,85.3096,04:05,11:53,15:19,18:22,19:37,2025-08-14
India,Jharkhand,23.3441,85.3096,04:06,11:53,15:19,18:21,19:36,2025-08-15
India,Jharkhand,23.3441,85.3096,04:06,11:53,15:19,18:20,19:35,2025-08-16
India,Jharkhand,23.3441,85.3096,04:07,11:53,15:19,18:20,19:34,2025-08-17
India,Jharkhand,23.3441,85.3096,04:07,11:53,15:19,18:19,19:33,2025-08-18
India,Jharkhand,23.3441,85.3096,04:08,11:52,15:19,18:18,19:32,2025-08-19
India,Jharkhand,23.3441,85.3096,04:08,11:52,15:18,18:17,19:31,2025-08-20
India,Jharkhand,23.3441,85.3096,04:09,11:52,15:18,18:16,19:30,2025-08-21
India,Jharkhand,23.3441,85.3096,04:09,11:52,15:18,18:15,19:29,2025-08-22
India,Jharkhand,23.3441,85.3096,04:10,11:51,15:18,18:15,19:28,2025-08-23
India,Jharkhand,23.3441,85.3096,04:10,11:51,15:18,18:14,19:27,2025-08-24
India,Jharkhand,23.3441,85.3096,04:11,11:51,15:18,18:13,19:26,2025-08-25
India,Jharkhand,23.3441,85.3096,04:11,11:50,15:17,18:12,19:25,2025-08-26
India,Jharkhand,23.3441,85.3096,04:12,11:50,15:17,18:11,19:24,2025-08-27
India,Jharkhand,23.3441,85.3096,04:12,11:50,15:17,18:10,19:23,2025-08-28
India,Jharkhand,23.3441,85.3096,04:13,11:50,15:17,18:09,19:22,2025-08-29
India,Jharkhand,23.3441,85.3096,04:13,11:49,15:16,18:08,19:21,2025-08-30
India,Jharkhand,23.3441,85.3096,04:14,11:49,15:16,18:07,19:20,2025-08-31
India,Jharkhand,23.3441,85.3096,04:14,11:49,15:16,18:06,19:18,2025-09-01
India,Jharkhand,23.3441,85.3096,04:15,11:48,15:16,18:05,19:17,2025-09-02
India,Jharkhand,23.3441,85.3096,04:15,11:48,15:15,18:04,19:16,2025-09-03
India,Jharkhand,23.3441,85.3096,04:16,11:48,15:15,18:03,19:15,2025-09-04
India,Jharkhand,23.3441,85.3096,04:16,11:47,15:15,18:02,19:14,2025-09-05
India,Jharkhand,23.3441,85.3096,04:16,11:47,15:14,18:01,19:13,2025-09-06
India,Jharkhand,23.3441,85.3096,04:17,11:47,15:14,18:00,19:12,2025-09-07
India,Jharkhand,23.3441,85.3096,04:17,11:46,15:13,17:59,19:11,2025-09-08
India,Jharkhand,23.3441,85.3096,04:18,11:46,15:13,17:58,19:10,2025-09-09
India,Jharkhand,23.3441,85.3096,04:18,11:46,15:13,17:57,19:09,2025-09-10
India,Jharkhand,23.3441,85.3096,04:18,11:45,15:12,17:56,19:08,2025-09-11
India,Jharkhand,23.3441,85.3096,04:19,11:45,15:12,17:55,19:06,2025-09-12
India,Jharkhand,23.3441,85.3096,04:19,11:45,15:11,17:54,19:05,2025-09-13
India,Jharkhand,23.3441,85.3096,04:20,11:44,15:11,17:53,19:04,2025-09-14
India,Jharkhand,23.3441,85.3096,04:20,11:44,15:10,17:52,19:03,2025-09-15
India,Jharkhand,23.3441,85.3096,04:20,11:43,15:10,17:51,19:02,2025-09-16
India,Jharkhand,23.3441,85.3096,04:21,11:43,15:09,17:50,19:01,2025-09-17
India,Jharkhand,23.3441,85.3096,04:21,11:43,15:09,17:49,19:00,2025-09-18
India,Jharkhand,23.3441,85.3096,04:22,11:42,15:08,17:48,18:59,2025-09-19
India,Jharkhand,23.3441,85.3096,04:22,11:42,15:08,17:47,18:58,2025-09-20
India,Jharkhand,23.3441,85.3096,04:22,11:42,15:07,17:46,18:57,2025-09-21
India,Jharkhand,23.3441,85.3096,04:23,11:41,15:07,17:45,18:56,2025-09-22
India,Jharkhand,23.3441,85.3096,04:23,11:41,15:06,17:44,18:55,2025-09-23
India,Jharkhand,23.3441,85.3096,04:23,11:41,15:06,17:43,18:53,2025-09-24
India,Jharkhand,23.3441,85.3096,04:24,11:40,15:05,17:42,18:52,2025-09-25
India,Jharkhand,23.3441,85.3096,04:24,11:40,15:05,17:41,18:51,2025-09-26
India,Jharkhand,23.3441,85.3096,04:24,11:40,15:04,17:40,18:50,2025-09-27
India,Jharkhand,23.3441,85.3096,04:25,11:39,15:04,17:39,18:49,2025-09-28
India,Jharkhand,23.3441,85.3096,04:25,11:39,15:03,17:38,18:48,2025-09-29
India,Jharkhand,23.3441,85.3096,04:25,11:39,15:03,17:37,18:47,2025-09-30
India,Jharkhand,23.3441,85.3096,04:26,11:38,15:02,17:36,18:46,2025-10-01
India,Jharkhand,23.3441,85.3096,04:26,11:38,15:02,17:35,18:45,2025-10-02
India,Jharkhand,23.3441,85.3096,04:27,11:38,15:01,17:34,18:44,2025-10-03
India,Jharkhand,23.3441,85.3096,04:27,11:37,15:00,17:33,18:43,2025-10-04
India,Jharkhand,23.3441,85.3096,04:27,11:37,15:00,17:32,18:42,2025-10-05
India,Jharkhand,23.3441,85.3096,04:28,11:37,14:59,17:31,18:42,2025-10-06
India,Jharkhand,23.3441,85.3096,04:28,11:36,14:59,17:30,18:41,2025-10-07
India,Jharkhand,23.3441,85.3096,04:28,11:36,14:58,17:29,18:40,2025-10-08
India,Jharkhand,23.3441,85.3096,04:29,11:36,14:58,17:28,18:39,2025-10-09
India,Jharkhand,23.3441,85.3096,04:29,11:36,14:57,17:27,18:38,2025-10-10
India,Jharkhand,23.3441,85.3096,04:29,11:35,14:56,17:26,18:37,2025-10-11
India,Jharkhand,23.3441,85.3096,04:30,11:35,14:56,17:25,18:36,2025-10-12
India,Jharkhand,23.3441,85.3096,04:30,11:35,14:55,17:25,18:35,2025-10-13
India,Jharkhand,23.3441,85.3096,04:30,11:35,14:55,17:24,18:34,2025-10-14
India,Jharkhand,23.3441,85.3096,04:31,11:34,14:54,17:23,18:34,2025-10-15
India,Jharkhand,23.3441,85.3096,04:31,11:34,14:54,17:22,18:33,2025-10-16
India,Jharkhand,23.3441,85.3096,04:32,11:34,14:53,17:21,18:32,2025-10-17
India,Jharkhand,23.3441,85.3096,04:32,11:34,14:53,17:20,18:31,2025-10-18
India,Jharkhand,23.3441,85.3096,04:32,11:34,14:52,17:19,18:30,2025-10-19
India,Jharkhand,23.3441,85.3096,04:33,11:33,14:52,17:19,18:30,2025-10-20
India,Jharkhand,23.3441,85.3096,04:33,11:33,14:51,17:18,18:29,2025-10-21
India,Jharkhand,23.3441,85.3096,04:34,11:33,14:50,17:17,18:28,2025-10-22
India,Jharkhand,23.3441,85.3096,04:34,11:33,14:50,17:16,18:28,2025-10-23
India,Jharkhand,23.3441,85.3096,04:34,11:33,14:49,17:16,18:27,2025-10-24
India,Jharkhand,23.3441,85.3096,04:35,11:33,14:49,17:15,18:26,2025-10-25
India,Jharkhand,23.3441,85.3096,04:35,11:33,14:49,17:14,18:26,2025-10-26
India,Jharkhand,23.3441,85.3096,04:36,11:33,14:48,17:13,18:25,2025-10-27
India,Jharkhand,23.3441,85.3096,04:36,11:33,14:48,17:13,18:24,2025-10-28
India,Jharkhand,23.3441,85.3096,04:37,11:32,14:47,17:12,18:24,2025-10-29
India,Jharkhand,23.3441,85.3096,04:37,11:32,14:47,17:11,18:23,2025-10-30
India,Jharkhand,23.3441,85.3096,04:38,11:32,14:46,17:11,18:23,2025-10-31
India,Jharkhand,23.3441,85.3096,04:38,11:32,14:46,17:10,18:22,2025-11-01
India,Jharkhand,23.3441,85.3096,04:38,11:32,14:45,17:10,18:22,2025-11-02
India,Jharkhand,23.3441,85.3096,04:39,11:32,14:45,17:09,18:21,2025-11-03
India,Jharkhand,23.3441,85.3096,04:39,11:32,14:45,17:08,18:21,2025-11-04
India,Jharkhand,23.3441,85.3096,04:40,11:32,14:44,17:08,18:20,2025-11-05
India,Jharkhand,23.3441,85.3096,04:40,11:32,14:44,17:07,18:20,2025-11-06
India,Jharkhand,23.3441,85.3096,04:41,11:32,14:44,17:07,18:20,2025-11-07
India,Jharkhand,23.3441,85.3096,04:41,11:33,14:43,17:06,18:19,2025-11-08
India,Jharkhand,23.3441,85.3096,04:42,11:33,14:43,17:06,18:19,2025-11-09
India,Jharkhand,23.3441,85.3096,04:42,11:33,14:43,17:06,18:19,2025-11-10
India,Jharkhand,23.3441,85.3096,04:43,11:33,14:43,17:05,18:18,2025-11-11
India,Jharkhand,23.3441,85.3096,04:43,11:33,14:42,17:05,18:18,2025-11-12
India,Jharkhand,23.3441,85.3096,04:44,11:33,14:42,17:04,18:18,2025-11-13
India,Jharkhand,23.3441,85.3096,04:45,11:33,14:42,17:04,18:18,2025-11-14
India,Jharkhand,23.3441,85.3096,04:45,11:33,14:42,17:04,18:17,2025-11-15
India,Jharkhand,23.3441,85.3096,04:46,11:34,14:42,17:03,18:17,2025-11-16
India,Jharkhand,23.3441,85.3096,04:46,11:34,14:41,17:03,18:17,2025-11-17
India,Jharkhand,23.3441,85.3096,04:47,11:34,14:41,17:03,18:17,2025-11-18
India,Jharkhand,23.3441,85.3096,04:47,11:34,14:41,17:03,18:17,2025-11-19
India,Jharkhand,23.3441,85.3096,04:48,11:34,14:41,17:03,18:17,2025-11-20
India,Jharkhand,23.3441,85.3096,04:48,11:35,14:41,17:02,18:17,2025-11-21
India,Jharkhand,23.3441,85.3096,04:49,11:35,14:41,17:02,18:16,2025-11-22
India,Jharkhand,23.3441,85.3096,04:50,11:35,14:41,17:02,18:16,2025-11-23
India,Jharkhand,23.3441,85.3096,04:50,11:36,14:41,17:02,18:16,2025-11-24
India,Jharkhand,23.3441,85.3096,04:51,11:36,14:41,17:02,18:16,2025-11-25
India,Jharkhand,23.3441,85.3096,04:51,11:36,14:41,17:02,18:16,2025-11-26
India,Jharkhand,23.3441,85.3096,04:52,11:37,14:41,17:02,18:17,2025-11-27
India,Jharkhand,23.3441,85.3096,04:53,11:37,14:41,17:02,18:17,2025-11-28
India,Jharkhand,23.3441,85.3096,04:53,11:37,14:41,17:02,18:17,2025-11-29
India,Jharkhand,23.3441,85.3096,04:54,11:38,14:41,17:02,18:17,2025-11-30
India,Jharkhand,23.3441,85.3096,04:54,11:38,14:41,17:02,18:17,2025-12-01
India,Jharkhand,23.3441,85.3096,04:55,11:38,14:41,17:02,18:17,2025-12-02
India,Jharkhand,23.3441,85.3096,04:56,11:39,14:42,17:02,18:17,2025-12-03
India,Jharkhand,23.3441,85.3096,04:56,11:39,14:42,17:02,18:18,2025-12-04
India,Jharkhand,23.3441,85.3096,04:57,11:40,14:42,17:02,18:18,2025-12-05
India,Jharkhand,23.3441,85.3096,04:57,11:40,14:42,17:03,18:18,2025-12-06
India,Jharkhand,23.3441,85.3096,04:58,11:40,14:42,17:03,18:18,2025-12-07
India,Jharkhand,23.3441,85.3096,04:59,11:41,14:43,17:03,18:19,2025-12-08
India,Jharkhand,23.3441,85.3096,04:59,11:41,14:43,17:03,18:19,2025-12-09
India,Jharkhand,23.3441,85.3096,05:00,11:42,14:43,17:04,18:19,2025-12-10
India,Jharkhand,23.3441,85.3096,05:00,11:42,14:44,17:04,18:20,2025-12-11
India,Jharkhand,23.3441,85.3096,05:01,11:43,14:44,17:04,18:20,2025-12-12
India,Jharkhand,23.3441,85.3096,05:01,11:43,14:44,17:05,18:20,2025-12-13
India,Jharkhand,23.3441,85.3096,05:02,11:44,14:45,17:05,18:21,2025-12-14
India,Jharkhand,23.3441,85.3096,05:02,11:44,14:45,17:05,18:21,2025-12-15
India,Jharkhand,23.3441,85.3096,05:03,11:45,14:46,17:06,18:22,2025-12-16
India,Jharkhand,23.3441,85.3096,05:04,11:45,14:46,17:06,18:22,2025-12-17
India,Jharkhand,23.3441,85.3096,05:04,11:46,14:46,17:07,18:22,2025-12-18
India,Jharkhand,23.3441,85.3096,05:05,11:46,14:47,17:07,18:23,2025-12-19
India,Jharkhand,23.3441,85.3096,05:05,11:47,14:47,17:07,18:23,2025-12-20
India,Jharkhand,23.3441,85.3096,05:06,11:47,14:48,17:08,18:24,2025-12-21
India,Jharkhand,23.3441,85.3096,05:06,11:48,14:48,17:08,18:24,2025-12-22
India,Jharkhand,23.3441,85.3096,05:07,11:48,14:49,17:09,18:25,2025-12-23
India,Jharkhand,23.3441,85.3096,05:07,11:49,14:49,17:10,18:25,2025-12-24
India,Jharkhand,23.3441,85.3096,05:08,11:49,14:50,17:10,18:26,2025-12-25
India,Jharkhand,23.3441,85.3096,05:08,11:50,14:51,17:11,18:27,2025-12-26
India,Jharkhand,23.3441,85.3096,05:08,11:50,14:51,17:11,18:27,2025-12-27
India,Jharkhand,23.3441,85.3096,05:09,11:51,14:52,17:12,18:28,2025-12-28
India,Jharkhand,23.3441,85.3096,05:09,11:51,14:52,17:12,18:28,2025-12-29
India,Jharkhand,23.3441,85.3096,05:10,11:51,14:53,17:13,18:29,2025-12-30
India,Jharkhand,23.3441,85.3096,05:10,11:52,14:53,17:14,18:29,2025-12-31
India,Karnataka,12.9716,77.5946,05:26,12:23,15:39,18:05,19:16,2025-01-01
India,Karnataka,12.9716,77.5946,05:27,12:24,15:40,18:05,19:17,2025-01-02
India,Karnataka,12.9716,77.5946,05:27,12:24,15:40,18:06,19:17,2025-01-03
India,Karnataka,12.9716,77.5946,05:27,12:25,15:41,18:06,19:18,2025-01-04
India,Karnataka,12.9716,77.5946,05:28,12:25,15:41,18:07,19:18,2025-01-05
India,Karnataka,12.9716,77.5946,05:28,12:26,15:42,18:08,19:19,2025-01-06
India,Karnataka,12.9716,77.5946,05:29,12:26,15:42,18:08,19:19,2025-01-07
India,Karnataka,12.9716,77.5946,05:29,12:27,15:43,18:09,19:20,2025-01-08
India,Karnataka,12.9716,77.5946,05:29,12:27,15:43,18:09,19:20,2025-01-09
India,Karnataka,12.9716,77.5946,05:30,12:27,15:44,18:10,19:21,2025-01-10
India,Karnataka,12.9716,77.5946,05:30,12:28,15:44,18:10,19:21,2025-01-11
India,Karnataka,12.9716,77.5946,05:30,12:28,15:45,18:11,19:22,2025-01-12
India,Karnataka,12.9716,77.5946,05:30,12:28,15:45,18:12,19:22,2025-01-13
India,Karnataka,12.9716,77.5946,05:31,12:29,15:46,18:12,19:23,2025-01-14
India,Karnataka,12.9716,77.5946,05:31,12:29,15:46,18:13,19:23,2025-01-15
India,Karnataka,12.9716,77.5946,05:31,12:30,15:47,18:13,19:24,2025-01-16
India,Karnataka,12.9716,77.5946,05:31,12:30,15:47,18:14,19:24,2025-01-17
India,Karnataka,12.9716,77.5946,05:32,12:30,15:48,18:14,19:24,2025-01-18
India,Karnataka,12.9716,77.5946,05:32,12:30,15:48,18:15,19:25,2025-01-19
India,Karnataka,12.9716,77.5946,05:32,12:31,15:49,18:15,19:25,2025-01-20
India,Karnataka,12.9716,77.5946,05:32,12:31,15:49,18:16,19:26,2025-01-21
India,Karnataka,12.9716,77.5946,05:32,12:31,15:49,18:16,19:26,2025-01-22
India,Karnataka,12.9716,77.5946,05:32,12:32,15:50,18:17,19:26,2025-01-23
India,Karnataka,12.9716,77.5946,05:32,12:32,15:50,18:17,19:27,2025-01-24
India,Karnataka,12.9716,77.5946,05:33,12:32,15:50,18:18,19:27,2025-01-25
India,Karnataka,12.9716,77.5946,05:33,12:32,15:51,18:18,19:28,2025-01-26
India,Karnataka,12.9716,77.5946,05:33,12:32,15:51,18:19,19:28,2025-01-27
India,Karnataka,12.9716,77.5946,05:33,12:33,15:51,18:19,19:28,2025-01-28
India,Karnataka,12.9716,77.5946,05:33,12:33,15:52,18:20,19:29,2025-01-29
India,Karnataka,12.9716,77.5946,05:33,12:33,15:52,18:20,19:29,2025-01-30
India,Karnataka,12.9716,77.5946,05:33,12:33,15:52,18:20,19:29,2025-01-31
India,Karnataka,12.9716,77.5946,05:33,12:33,15:53,18:21,19:30,2025-02-01
India,Karnataka,12.9716,77.5946,05:33,12:33,15:53,18:21,19:30,2025-02-02
India,Karnataka,12.9716,77.5946,05:32,12:33,15:53,18:22,19:30,2025-02-03
India,Karnataka,12.9716,77.5946,05:32,12:34,15:53,18:22,19:31,2025-02-04
India,Karnataka,12.9716,77.5946,05:32,12:34,15:53,18:22,19:31,2025-02-05
India,Karnataka,12.9716,77.5946,05:32,12:34,15:54,18:23,19:31,2025-02-06
India,Karnataka,12.9716,77.5946,05:32,12:34,15:54,18:23,19:31,2025-02-07
India,Karnataka,12.9716,77.5946,05:32,12:34,15:54,18:23,19:32,2025-02-08
India,Karnataka,12.9716,77.5946,05:32,12:34,15:54,18:24,19:32,2025-02-09
India,Karnataka,12.9716,77.5946,05:31,12:34,15:54,18:24,19:32,2025-02-10
India,Karnataka,12.9716,77.5946,05:31,12:34,15:54,18:24,19:32,2025-02-11
India,Karnataka,12.9716,77.5946,05:31,12:34,15:54,18:25,19:33,2025-02-12
India,Karnataka,12.9716,77.5946,05:31,12:34,15:54,18:25,19:33,2025-02-13
India,Karnataka,12.9716,77.5946,05:30,12:34,15:54,18:25,19:33,2025-02-14
India,Karnataka,12.9716,77.5946,05:30,12:34,15:54,18:26,19:33,2025-02-15
India,Karnataka,12.9716,77.5946,05:30,12:34,15:54,18:26,19:33,2025-02-16
India,Karnataka,12.9716,77.5946,05:29,12:34,15:54,18:26,19:34,2025-02-17
India,Karnataka,12.9716,77.5946,05:29,12:33,15:54,18:26,19:34,2025-02-18
India,Karnataka,12.9716,77.5946,05:29,12:33,15:54,18:27,19:34,2025-02-19
India,Karnataka,12.9716,77.5946,05:28,12:33,15:54,18:27,19:34,2025-02-20
India,Karnataka,12.9716,77.5946,05:28,12:33,15:54,18:27,19:34,2025-02-21
India,Karnataka,12.9716,77.5946,05:28,12:33,15:54,18:27,19:34,2025-02-22
India,Karnataka,12.9716,77.5946,05:27,12:33,15:54,18:27,19:34,2025-02-23
India,Karnataka,12.9716,77.5946,05:27,12:33,15:54,18:28,19:35,2025-02-24
India,Karnataka,12.9716,77.5946,05:26,12:33,15:54,18:28,19:35,2025-02-25
India,Karnataka,12.9716,77.5946,05:26,12:32,15:53,18:28,19:35,2025-02-26
India,Karnataka,12.9716,77.5946,05:25,12:32,15:53,18:28,19:35,2025-02-27
India,Karnataka,12.9716,77.5946,05:25,12:32,15:53,18:28,19:35,2025-02-28
India,Karnataka,12.9716,77.5946,05:24,12:32,15:53,18:29,19:35,2025-03-01
India,Karnataka,12.9716,77.5946,05:24,12:32,15:53,18:29,19:35,2025-03-02
India,Karnataka,12.9716,77.5946,05:23,12:31,15:52,18:29,19:35,2025-03-03
India,Karnataka,12.9716,77.5946,05:23,12:31,15:52,18:29,19:36,2025-03-04
India,Karnataka,12.9716,77.5946,05:22,12:31,15:52,18:29,19:36,2025-03-05
India,Karnataka,12.9716,77.5946,05:22,12:31,15:51,18:29,19:36,2025-03-06
India,Karnataka,12.9716,77.5946,05:21,12:31,15:51,18:29,19:36,2025-03-07
India,Karnataka,12.9716,77.5946,05:21,12:30,15:51,18:29,19:36,2025-03-08
India,Karnataka,12.9716,77.5946,05:20,12:30,15:50,18:30,19:36,2025-03-09
India,Karnataka,12.9716,77.5946,05:19,12:30,15:50,18:30,19:36,2025-03-10
India,Karnataka,12.9716,77.5946,05:19,12:29,15:50,18:30,19:36,2025-03-11
India,Karnataka,12.9716,77.5946,05:18,12:29,15:49,18:30,19:36,2025-03-12
India,Karnataka,12.9716,77.5946,05:17,12:29,15:49,18:30,19:36,2025-03-13
India,Karnataka,12.9716,77.5946,05:17,12:29,15:48,18:30,19:36,2025-03-14
India,Karnataka,12.9716,77.5946,05:16,12:28,15:48,18:30,19:37,2025-03-15
India,Karnataka,12.9716,77.5946,05:16,12:28,15:47,18:30,19:37,2025-03-16
India,Karnataka,12.9716,77.5946,05:15,12:28,15:47,18:30,19:37,2025-03-17
India,Karnataka,12.9716,77.5946,05:14,12:28,15:47,18:30,19:37,2025-03-18
India,Karnataka,12.9716,77.5946,05:14,12:27,15:46,18:30,19:37,2025-03-19
India,Karnataka,12.9716,77.5946,05:13,12:27,15:46,18:30,19:37,2025-03-20
India,Karnataka,12.9716,77.5946,05:12,12:27,15:45,18:31,19:37,2025-03-21
India,Karnataka,12.9716,77.5946,05:11,12:26,15:44,18:31,19:37,2025-03-22
India,Karnataka,12.9716,77.5946,05:11,12:26,15:44,18:31,19:37,2025-03-23
India,Karnataka,12.9716,77.5946,05:10,12:26,15:43,18:31,19:37,2025-03-24
India,Karnataka,12.9716,77.5946,05:09,12:25,15:43,18:31,19:37,2025-03-25
India,Karnataka,12.9716,77.5946,05:09,12:25,15:42,18:31,19:37,2025-03-26
India,Karnataka,12.9716,77.5946,05:08,12:25,15:42,18:31,19:38,2025-03-27
India,Karnataka,12.9716,77.5946,05:07,12:25,15:41,18:31,19:38,2025-03-28
India,Karnataka,12.9716,77.5946,05:07,12:24,15:40,18:31,19:38,2025-03-29
India,Karnataka,12.9716,77.5946,05:06,12:24,15:40,18:31,19:38,2025-03-30
India,Karnataka,12.9716,77.5946,05:05,12:24,15:39,18:31,19:38,2025-03-31
India,Karnataka,12.9716,77.5946,05:04,12:23,15:39,18:31,19:38,2025-04-01
India,Karnataka,12.9716,77.5946,05:04,12:23,15:38,18:31,19:38,2025-04-02
India,Karnataka,12.9716,77.5946,05:03,12:23,15:37,18:31,19:38,2025-04-03
India,Karnataka,12.9716,77.5946,05:02,12:22,15:37,18:31,19:39,2025-04-04
India,Karnataka,12.9716,77.5946,05:02,12:22,15:36,18:32,19:39,2025-04-05
India,Karnataka,12.9716,77.5946,05:01,12:22,15:35,18:32,19:39,2025-04-06
India,Karnataka,12.9716,77.5946,05:00,12:22,15:35,18:32,19:39,2025-04-07
India,Karnataka,12.9716,77.5946,04:59,12:21,15:34,18:32,19:39,2025-04-08
India,Karnataka,12.9716,77.5946,04:59,12:21,15:33,18:32,19:39,2025-04-09
India,Karnataka,12.9716,77.5946,04:58,12:21,15:33,18:32,19:39,2025-04-10
India,Karnataka,12.9716,77.5946,04:57,12:21,15:32,18:32,19:40,2025-04-11
India,Karnataka,12.9716,77.5946,04:57,12:20,15:31,18:32,19:40,2025-04-12
India,Karnataka,12.9716,77.5946,04:56,12:20,15:30,18:32,19:40,2025-04-13
India,Karnataka,12.9716,77.5946,04:55,12:20,15:30,18:32,19:40,2025-04-14
India,Karnataka,12.9716,77.5946,04:54,12:20,15:29,18:32,19:40,2025-04-15
India,Karnataka,12.9716,77.5946,04:54,12:19,15:28,18:32,19:41,2025-04-16
India,Karnataka,12.9716,77.5946,04:53,12:19,15:28,18:33,19:41,2025-04-17
India,Karnataka,12.9716,77.5946,04:52,12:19,15:27,18:33,19:41,2025-04-18
India,Karnataka,12.9716,77.5946,04:52,12:19,15:26,18:33,19:41,2025-04-19
India,Karnataka,12.9716,77.5946,04:51,12:18,15:25,18:33,19:41,2025-04-20
India,Karnataka,12.9716,77.5946,04:50,12:18,15:25,18:33,19:42,2025-04-21
India,Karnataka,12.9716,77.5946,04:50,12:18,15:24,18:33,19:42,2025-04-22
India,Karnataka,12.9716,77.5946,04:49,12:18,15:23,18:33,19:42,2025-04-23
India,Karnataka,12.9716,77.5946,04:49,12:18,15:23,18:34,19:43,2025-04-24
India,Karnataka,12.9716,77.5946,04:48,12:18,15:24,18:34,19:43,2025-04-25
India,Karnataka,12.9716,77.5946,04:47,12:17,15:24,18:34,19:43,2025-04-26
India,Karnataka,12.9716,77.5946,04:47,12:17,15:25,18:34,19:43,2025-04-27
India,Karnataka,12.9716,77.5946,04:46,12:17,15:25,18:34,19:44,2025-04-28
India,Karnataka,12.9716,77.5946,04:46,12:17,15:26,18:34,19:44,2025-04-29
India,Karnataka,12.9716,77.5946,04:45,12:17,15:27,18:35,19:44,2025-04-30
India,Karnataka,12.9716,77.5946,04:44,12:17,15:27,18:35,19:45,2025-05-01
India,Karnataka,12.9716,77.5946,04:44,12:17,15:28,18:35,19:45,2025-05-02
India,Karnataka,12.9716,77.5946,04:43,12:16,15:28,18:35,19:45,2025-05-03
India,Karnataka,12.9716,77.5946,04:43,12:16,15:29,18:35,19:46,2025-05-04
India,Karnataka,12.9716,77.5946,04:42,12:16,15:29,18:35,19:46,2025-05-05
India,Karnataka,12.9716,77.5946,04:42,12:16,15:30,18:36,19:46,2025-05-06
India,Karnataka,12.9716,77.5946,04:41,12:16,15:30,18:36,19:47,2025-05-07
India,Karnataka,12.9716,77.5946,04:41,12:16,15:31,18:36,19:47,2025-05-08
India,Karnataka,12.9716,77.5946,04:40,12:16,15:31,18:36,19:47,2025-05-09
India,Karnataka,12.9716,77.5946,04:40,12:16,15:32,18:37,19:48,2025-05-10
India,Karnataka,12.9716,77.5946,04:40,12:16,15:32,18:37,19:48,2025-05-11
India,Karnataka,12.9716,77.5946,04:39,12:16,15:33,18:37,19:48,2025-05-12
India,Karnataka,12.9716,77.5946,04:39,12:16,15:33,18:37,19:49,2025-05-13
India,Karnataka,12.9716,77.5946,04:38,12:16,15:34,18:38,19:49,2025-05-14
India,Karnataka,12.9716,77.5946,04:38,12:16,15:34,18:38,19:50,2025-05-15
India,Karnataka,12.9716,77.5946,04:38,12:16,15:35,18:38,19:50,2025-05-16
India,Karnataka,12.9716,77.5946,04:37,12:16,15:35,18:38,19:50,2025-05-17
India,Karnataka,12.9716,77.5946,04:37,12:16,15:36,18:39,19:51,2025-05-18
India,Karnataka,12.9716,77.5946,04:37,12:16,15:36,18:39,19:51,2025-05-19
India,Karnataka,12.9716,77.5946,04:36,12:16,15:37,18:39,19:52,2025-05-20
India,Karnataka,12.9716,77.5946,04:36,12:16,15:37,18:40,19:52,2025-05-21
India,Karnataka,12.9716,77.5946,04:36,12:16,15:37,18:40,19:52,2025-05-22
India,Karnataka,12.9716,77.5946,04:36,12:16,15:38,18:40,19:53,2025-05-23
India,Karnataka,12.9716,77.5946,04:35,12:17,15:38,18:40,19:53,2025-05-24
India,Karnataka,12.9716,77.5946,04:35,12:17,15:39,18:41,19:54,2025-05-25
India,Karnataka,12.9716,77.5946,04:35,12:17,15:39,18:41,19:54,2025-05-26
India,Karnataka,12.9716,77.5946,04:35,12:17,15:40,18:41,19:54,2025-05-27
India,Karnataka,12.9716,77.5946,04:35,12:17,15:40,18:42,19:55,2025-05-28
India,Karnataka,12.9716,77.5946,04:34,12:17,15:40,18:42,19:55,2025-05-29
India,Karnataka,12.9716,77.5946,04:34,12:17,15:41,18:42,19:56,2025-05-30
India,Karnataka,12.9716,77.5946,04:34,12:17,15:41,18:42,19:56,2025-05-31
India,Karnataka,12.9716,77.5946,04:34,12:18,15:42,18:43,19:56,2025-06-01
India,Karnataka,12.9716,77.5946,04:34,12:18,15:42,18:43,19:57,2025-06-02
India,Karnataka,12.9716,77.5946,04:34,12:18,15:42,18:43,19:57,2025-06-03
India,Karnataka,12.9716,77.5946,04:34,12:18,15:43,18:44,19:57,2025-06-04
India,Karnataka,12.9716,77.5946,04:34,12:18,15:43,18:44,19:58,2025-06-05
India,Karnataka,12.9716,77.5946,04:34,12:18,15:43,18:44,19:58,2025-06-06
India,Karnataka,12.9716,77.5946,04:34,12:19,15:44,18:45,19:59,2025-06-07
India,Karnataka,12.9716,77.5946,04:34,12:19,15:44,18:45,19:59,2025-06-08
India,Karnataka,12.9716,77.5946,04:34,12:19,15:45,18:45,19:59,2025-06-09
India,Karnataka,12.9716,77.5946,04:34,12:19,15:45,18:45,20:00,2025-06-10
India,Karnataka,12.9716,77.5946,04:34,12:19,15:45,18:46,20:00,2025-06-11
India,Karnataka,12.9716,77.5946,04:34,12:20,15:45,18:46,20:00,2025-06-12
India,Karnataka,12.9716,77.5946,04:34,12:20,15:46,18:46,20:01,2025-06-13
India,Karnataka,12.9716,77.5946,04:34,12:20,15:46,18:47,20:01,2025-06-14
India,Karnataka,12.9716,77.5946,04:35,12:20,15:46,18:47,20:01,2025-06-15
India,Karnataka,12.9716,77.5946,04:35,12:20,15:47,18:47,20:01,2025-06-16
India,Karnataka,12.9716,77.5946,04:35,12:21,15:47,18:47,20:02,2025-06-17
India,Karnataka,12.9716,77.5946,04:35,12:21,15:47,18:48,20:02,2025-06-18
India,Karnataka,12.9716,77.5946,04:35,12:21,15:47,18:48,20:02,2025-06-19
India,Karnataka,12.9716,77.5946,04:36,12:21,15:48,18:48,20:02,2025-06-20
India,Karnataka,12.9716,77.5946,04:36,12:22,15:48,18:48,20:03,2025-06-21
India,Karnataka,12.9716,77.5946,04:36,12:22,15:48,18:48,20:03,2025-06-22
India,Karnataka,12.9716,77.5946,04:36,12:22,15:48,18:49,20:03,2025-06-23
India,Karnataka,12.9716,77.5946,04:36,12:22,15:48,18:49,20:03,2025-06-24
India,Karnataka,12.9716,77.5946,04:37,12:22,15:49,18:49,20:03,2025-06-25
India,Karnataka,12.9716,77.5946,04:37,12:23,15:49,18:49,20:03,2025-06-26
India,Karnataka,12.9716,77.5946,04:37,12:23,15:49,18:49,20:04,2025-06-27
India,Karnataka,12.9716,77.5946,04:38,12:23,15:49,18:49,20:04,2025-06-28
India,Karnataka,12.9716,77.5946,04:38,12:23,15:49,18:50,20:04,2025-06-29
India,Karnataka,12.9716,77.5946,04:38,12:23,15:49,18:50,20:04,2025-06-30
India,Karnataka,12.9716,77.5946,04:39,12:24,15:49,18:50,20:04,2025-07-01
India,Karnataka,12.9716,77.5946,04:39,12:24,15:49,18:50,20:04,2025-07-02
India,Karnataka,12.9716,77.5946,04:39,12:24,15:49,18:50,20:04,2025-07-03
India,Karnataka,12.9716,77.5946,04:40,12:24,15:49,18:50,20:04,2025-07-04
India,Karnataka,12.9716,77.5946,04:40,12:24,15:49,18:50,20:04,2025-07-05
India,Karnataka,12.9716,77.5946,04:40,12:25,15:49,18:50,20:04,2025-07-06
India,Karnataka,12.9716,77.5946,04:41,12:25,15:49,18:50,20:04,2025-07-07
India,Karnataka,12.9716,77.5946,04:41,12:25,15:49,18:50,20:04,2025-07-08
India,Karnataka,12.9716,77.5946,04:41,12:25,15:49,18:50,20:04,2025-07-09
India,Karnataka,12.9716,77.5946,04:42,12:25,15:49,18:50,20:04,2025-07-10
India,Karnataka,12.9716,77.5946,04:42,12:25,15:49,18:50,20:04,2025-07-11
India,Karnataka,12.9716,77.5946,04:42,12:25,15:49,18:50,20:04,2025-07-12
India,Karnataka,12.9716,77.5946,04:43,12:25,15:49,18:50,20:03,2025-07-13
India,Karnataka,12.9716,77.5946,04:43,12:26,15:49,18:50,20:03,2025-07-14
India,Karnataka,12.9716,77.5946,04:44,12:26,15:48,18:50,20:03,2025-07-15
India,Karnataka,12.9716,77.5946,04:44,12:26,15:48,18:50,20:03,2025-07-16
India,Karnataka,12.9716,77.5946,04:44,12:26,15:48,18:50,20:03,2025-07-17
India,Karnataka,12.9716,77.5946,04:45,12:26,15:48,18:50,20:02,2025-07-18
India,Karnataka,12.9716,77.5946,04:45,12:26,15:47,18:50,20:02,2025-07-19
India,Karnataka,12.9716,77.5946,04:46,12:26,15:47,18:49,20:02,2025-07-20
India,Karnataka,12.9716,77.5946,04:46,12:26,15:47,18:49,20:02,2025-07-21
India,Karnataka,12.9716,77.5946,04:46,12:26,15:46,18:49,20:01,2025-07-22
India,Karnataka,12.9716,77.5946,04:47,12:26,15:46,18:49,20:01,2025-07-23
India,Karnataka,12.9716,77.5946,04:47,12:26,15:46,18:49,20:01,2025-07-24
India,Karnataka,12.9716,77.5946,04:47,12:26,15:45,18:49,20:00,2025-07-25
India,Karnataka,12.9716,77.5946,04:48,12:26,15:45,18:48,20:00,2025-07-26
India,Karnataka,12.9716,77.5946,04:48,12:26,15:44,18:48,20:00,2025-07-27
India,Karnataka,12.9716,77.5946,04:48,12:26,15:44,18:48,19:59,2025-07-28
India,Karnataka,12.9716,77.5946,04:49,12:26,15:43,18:47,19:59,2025-07-29
India,Karnataka,12.9716,77.5946,04:49,12:26,15:43,18:47,19:58,2025-07-30
India,Karnataka,12.9716,77.5946,04:50,12:26,15:42,18:47,19:58,2025-07-31
India,Karnataka,12.9716,77.5946,04:50,12:26,15:42,18:47,19:58,2025-08-01
India,Karnataka,12.9716,77.5946,04:50,12:26,15:41,18:46,19:57,2025-08-02
India,Karnataka,12.9716,77.5946,04:51,12:26,15:41,18:46,19:57,2025-08-03
India,Karnataka,12.9716,77.5946,04:51,12:26,15:40,18:45,19:56,2025-08-04
India,Karnataka,12.9716,77.5946,04:51,12:26,15:39,18:45,19:56,2025-08-05
India,Karnataka,12.9716,77.5946,04:51,12:25,15:39,18:45,19:55,2025-08-06
India,Karnataka,12.9716,77.5946,04:52,12:25,15:38,18:44,19:55,2025-08-07
India,Karnataka,12.9716,77.5946,04:52,12:25,15:37,18:44,19:54,2025-08-08
India,Karnataka,12.9716,77.5946,04:52,12:25,15:36,18:43,19:53,2025-08-09
India,Karnataka,12.9716,77.5946,04:53,12:25,15:35,18:43,19:53,2025-08-10
India,Karnataka,12.9716,77.5946,04:53,12:25,15:35,18:43,19:52,2025-08-11
India,Karnataka,12.9716,77.5946,04:53,12:25,15:34,18:42,19:52,2025-08-12
India,Karnataka,12.9716,77.5946,04:53,12:24,15:33,18:42,19:51,2025-08-13
India,Karnataka,12.9716,77.5946,04:54,12:24,15:32,18:41,19:50,2025-08-14
India,Karnataka,12.9716,77.5946,04:54,12:24,15:31,18:41,19:50,2025-08-15
India,Karnataka,12.9716,77.5946,04:54,12:24,15:30,18:40,19:49,2025-08-16
India,Karnataka,12.9716,77.5946,04:54,12:24,15:29,18:39,19:49,2025-08-17
India,Karnataka,12.9716,77.5946,04:55,12:23,15:29,18:39,19:48,2025-08-18
India,Karnataka,12.9716,77.5946,04:55,12:23,15:29,18:38,19:47,2025-08-19
India,Karnataka,12.9716,77.5946,04:55,12:23,15:29,18:38,19:46,2025-08-20
India,Karnataka,12.9716,77.5946,04:55,12:23,15:29,18:37,19:46,2025-08-21
India,Karnataka,12.9716,77.5946,04:55,12:22,15:30,18:37,19:45,2025-08-22
India,Karnataka,12.9716,77.5946,04:56,12:22,15:30,18:36,19:44,2025-08-23
India,Karnataka,12.9716,77.5946,04:56,12:22,15:30,18:35,19:44,2025-08-24
India,Karnataka,12.9716,77.5946,04:56,12:22,15:30,18:35,19:43,2025-08-25
India,Karnataka,12.9716,77.5946,04:56,12:21,15:31,18:34,19:42,2025-08-26
India,Karnataka,12.9716,77.5946,04:56,12:21,15:31,18:34,19:42,2025-08-27
India,Karnataka,12.9716,77.5946,04:56,12:21,15:31,18:33,19:41,2025-08-28
India,Karnataka,12.9716,77.5946,04:57,12:20,15:31,18:32,19:40,2025-08-29
India,Karnataka,12.9716,77.5946,04:57,12:20,15:31,18:32,19:39,2025-08-30
India,Karnataka,12.9716,77.5946,04:57,12:20,15:31,18:31,19:39,2025-08-31
India,Karnataka,12.9716,77.5946,04:57,12:19,15:31,18:30,19:38,2025-09-01
India,Karnataka,12.9716,77.5946,04:57,12:19,15:32,18:30,19:37,2025-09-02
India,Karnataka,12.9716,77.5946,04:57,12:19,15:32,18:29,19:36,2025-09-03
India,Karnataka,12.9716,77.5946,04:57,12:18,15:32,18:28,19:36,2025-09-04
India,Karnataka,12.9716,77.5946,04:57,12:18,15:32,18:28,19:35,2025-09-05
India,Karnataka,12.9716,77.5946,04:57,12:18,15:32,18:27,19:34,2025-09-06
India,Karnataka,12.9716,77.5946,04:57,12:17,15:32,18:26,19:33,2025-09-07
India,Karnataka,12.9716,77.5946,04:58,12:17,15:32,18:26,19:33,2025-09-08
India,Karnataka,12.9716,77.5946,04:58,12:17,15:32,18:25,19:32,2025-09-09
India,Karnataka,12.9716,77.5946,04:58,12:16,15:32,18:24,19:31,2025-09-10
India,Karnataka,12.9716,77.5946,04:58,12:16,15:32,18:23,19:30,2025-09-11
India,Karnataka,12.9716,77.5946,04:58,12:16,15:32,18:23,19:30,2025-09-12
India,Karnataka,12.9716,77.5946,04:58,12:15,15:32,18:22,19:29,2025-09-13
India,Karnataka,12.9716,77.5946,04:58,12:15,15:32,18:21,19:28,2025-09-14
India,Karnataka,12.9716,77.5946,04:58,12:15,15:32,18:21,19:27,2025-09-15
India,Karnataka,12.9716,77.5946,04:58,12:14,15:32,18:20,19:26,2025-09-16
India,Karnataka,12.9716,77.5946,04:58,12:14,15:31,18:19,19:26,2025-09-17
India,Karnataka,12.9716,77.5946,04:58,12:14,15:31,18:18,19:25,2025-09-18
India,Karnataka,12.9716,77.5946,04:58,12:13,15:31,18:18,19:24,2025-09-19
India,Karnataka,12.9716,77.5946,04:58,12:13,15:31,18:17,19:23,2025-09-20
India,Karnataka,12.9716,77.5946,04:58,12:13,15:31,18:16,19:23,2025-09-21
India,Karnataka,12.9716,77.5946,04:58,12:12,15:31,18:16,19:22,2025-09-22
India,Karnataka,12.9716,77.5946,04:58,12:12,15:31,18:15,19:21,2025-09-23
India,Karnataka,12.9716,77.5946,04:58,12:11,15:31,18:14,19:21,2025-09-24
India,Karnataka,12.9716,77.5946,04:58,12:11,15:30,18:13,19:20,2025-09-25
India,Karnataka,12.9716,77.5946,04:58,12:11,15:30,18:13,19:19,2025-09-26
India,Karnataka,12.9716,77.5946,04:58,12:10,15:30,18:12,19:18,2025-09-27
India,Karnataka,12.9716,77.5946,04:58,12:10,15:30,18:11,19:18,2025-09-28
India,Karnataka,12.9716,77.5946,04:58,12:10,15:30,18:11,19:17,2025-09-29
India,Karnataka,12.9716,77.5946,04:58,12:09,15:29,18:10,19:16,2025-09-30
India,Karnataka,12.9716,77.5946,04:58,12:09,15:29,18:09,19:16,2025-10-01
India,Karnataka,12.9716,77.5946,04:58,12:09,15:29,18:09,19:15,2025-10-02
India,Karnataka,12.9716,77.5946,04:58,12:08,15:29,18:08,19:14,2025-10-03
India,Karnataka,12.9716,77.5946,04:58,12:08,15:29,18:07,19:14,2025-10-04
India,Karnataka,12.9716,77.5946,04:59,12:08,15:28,18:07,19:13,2025-10-05
India,Karnataka,12.9716,77.5946,04:59,12:08,15:28,18:06,19:13,2025-10-06
India,Karnataka,12.9716,77.5946,04:59,12:07,15:28,18:05,19:12,2025-10-07
India,Karnataka,12.9716,77.5946,04:59,12:07,15:28,18:05,19:11,2025-10-08
India,Karnataka,12.9716,77.5946,04:59,12:07,15:28,18:04,19:11,2025-10-09
India,Karnataka,12.9716,77.5946,04:59,12:06,15:27,18:04,19:10,2025-10-10
India,Karnataka,12.9716,77.5946,04:59,12:06,15:27,18:03,19:10,2025-10-11
India,Karnataka,12.9716,77.5946,04:59,12:06,15:27,18:02,19:09,2025-10-12
India,Karnataka,12.9716,77.5946,04:59,12:06,15:27,18:02,19:09,2025-10-13
India,Karnataka,12.9716,77.5946,04:59,12:06,15:27,18:01,19:08,2025-10-14
India,Karnataka,12.9716,77.5946,04:59,12:05,15:26,18:01,19:07,2025-10-15
India,Karnataka,12.9716,77.5946,04:59,12:05,15:26,18:00,19:07,2025-10-16
India,Karnataka,12.9716,77.5946,04:59,12:05,15:26,17:59,19:06,2025-10-17
India,Karnataka,12.9716,77.5946,04:59,12:05,15:26,17:59,19:06,2025-10-18
India,Karnataka,12.9716,77.5946,04:59,12:04,15:25,17:58,19:06,2025-10-19
India,Karnataka,12.9716,77.5946,04:59,12:04,15:25,17:58,19:05,2025-10-20
India,Karnataka,12.9716,77.5946,05:00,12:04,15:25,17:57,19:05,2025-10-21
India,Karnataka,12.9716,77.5946,05:00,12:04,15:25,17:57,19:04,2025-10-22
India,Karnataka,12.9716,77.5946,05:00,12:04,15:25,17:56,19:04,2025-10-23
India,Karnataka,12.9716,77.5946,05:00,12:04,15:25,17:56,19:03,2025-10-24
India,Karnataka,12.9716,77.5946,05:00,12:04,15:24,17:56,19:03,2025-10-25
India,Karnataka,12.9716,77.5946,05:00,12:04,15:24,17:55,19:03,2025-10-26
India,Karnataka,12.9716,77.5946,05:00,12:03,15:24,17:55,19:02,2025-10-27
India,Karnataka,12.9716,77.5946,05:00,12:03,15:24,17:54,19:02,2025-10-28
India,Karnataka,12.9716,77.5946,05:01,12:03,15:24,17:54,19:02,2025-10-29
India,Karnataka,12.9716,77.5946,05:01,12:03,15:24,17:54,19:02,2025-10-30
India,Karnataka,12.9716,77.5946,05:01,12:03,15:23,17:53,19:01,2025-10-31
India,Karnataka,12.9716,77.5946,05:01,12:03,15:23,17:53,19:01,2025-11-01
India,Karnataka,12.9716,77.5946,05:01,12:03,15:23,17:53,19:01,2025-11-02
India,Karnataka,12.9716,77.5946,05:02,12:03,15:23,17:52,19:01,2025-11-03
India,Karnataka,12.9716,77.5946,05:02,12:03,15:23,17:52,19:00,2025-11-04
India,Karnataka,12.9716,77.5946,05:02,12:03,15:23,17:52,19:00,2025-11-05
India,Karnataka,12.9716,77.5946,05:02,12:03,15:23,17:51,19:00,2025-11-06
India,Karnataka,12.9716,77.5946,05:02,12:03,15:23,17:51,19:00,2025-11-07
India,Karnataka,12.9716,77.5946,05:03,12:03,15:23,17:51,19:00,2025-11-08
India,Karnataka,12.9716,77.5946,05:03,12:03,15:23,17:51,19:00,2025-11-09
India,Karnataka,12.9716,77.5946,05:03,12:04,15:23,17:51,19:00,2025-11-10
India,Karnataka,12.9716,77.5946,05:04,12:04,15:23,17:51,19:00,2025-11-11
India,Karnataka,12.9716,77.5946,05:04,12:04,15:23,17:50,19:00,2025-11-12
India,Karnataka,12.9716,77.5946,05:04,12:04,15:23,17:50,19:00,2025-11-13
India,Karnataka,12.9716,77.5946,05:04,12:04,15:23,17:50,19:00,2025-11-14
India,Karnataka,12.9716,77.5946,05:05,12:04,15:23,17:50,19:00,2025-11-15
India,Karnataka,12.9716,77.5946,05:05,12:04,15:23,17:50,19:00,2025-11-16
India,Karnataka,12.9716,77.5946,05:05,12:05,15:23,17:50,19:00,2025-11-17
India,Karnataka,12.9716,77.5946,05:06,12:05,15:23,17:50,19:00,2025-11-18
India,Karnataka,12.9716,77.5946,05:06,12:05,15:23,17:50,19:00,2025-11-19
India,Karnataka,12.9716,77.5946,05:06,12:05,15:23,17:50,19:00,2025-11-20
India,Karnataka,12.9716,77.5946,05:07,12:06,15:23,17:50,19:00,2025-11-21
India,Karnataka,12.9716,77.5946,05:07,12:06,15:23,17:50,19:00,2025-11-22
India,Karnataka,12.9716,77.5946,05:08,12:06,15:24,17:50,19:00,2025-11-23
India,Karnataka,12.9716,77.5946,05:08,12:06,15:24,17:50,19:00,2025-11-24
India,Karnataka,12.9716,77.5946,05:08,12:07,15:24,17:50,19:01,2025-11-25
India,Karnataka,12.9716,77.5946,05:09,12:07,15:24,17:50,19:01,2025-11-26
India,Karnataka,12.9716,77.5946,05:09,12:07,15:24,17:50,19:01,2025-11-27
India,Karnataka,12.9716,77.5946,05:10,12:08,15:25,17:51,19:01,2025-11-28
India,Karnataka,12.9716,77.5946,05:10,12:08,15:25,17:51,19:02,2025-11-29
India,Karnataka,12.9716,77.5946,05:11,12:08,15:25,17:51,19:02,2025-11-30
India,Karnataka,12.9716,77.5946,05:11,12:09,15:25,17:51,19:02,2025-12-01
India,Karnataka,12.9716,77.5946,05:12,12:09,15:26,17:51,19:02,2025-12-02
India,Karnataka,12.9716,77.5946,05:12,12:10,15:26,17:52,19:03,2025-12-03
India,Karnataka,12.9716,77.5946,05:13,12:10,15:26,17:52,19:03,2025-12-04
India,Karnataka,12.9716,77.5946,05:13,12:10,15:27,17:52,19:03,2025-12-05
India,Karnataka,12.9716,77.5946,05:13,12:11,15:27,17:53,19:04,2025-12-06
India,Karnataka,12.9716,77.5946,05:14,12:11,15:27,17:53,19:04,2025-12-07
India,Karnataka,12.9716,77.5946,05:14,12:12,15:28,17:53,19:05,2025-12-08
India,Karnataka,12.9716,77.5946,05:15,12:12,15:28,17:54,19:05,2025-12-09
India,Karnataka,12.9716,77.5946,05:15,12:13,15:28,17:54,19:05,2025-12-10
India,Karnataka,12.9716,77.5946,05:16,12:13,15:29,17:54,19:06,2025-12-11
India,Karnataka,12.9716,77.5946,05:16,12:14,15:29,17:55,19:06,2025-12-12
India,Karnataka,12.9716,77.5946,05:17,12:14,15:30,17:55,19:07,2025-12-13
India,Karnataka,12.9716,77.5946,05:17,12:14,15:30,17:55,19:07,2025-12-14
India,Karnataka,12.9716,77.5946,05:18,12:15,15:31,17:56,19:08,2025-12-15
India,Karnataka,12.9716,77.5946,05:18,12:15,15:31,17:56,19:08,2025-12-16
India,Karnataka,12.9716,77.5946,05:19,12:16,15:31,17:57,19:08,2025-12-17
India,Karnataka,12.9716,77.5946,05:20,12:16,15:32,17:57,19:09,2025-12-18
India,Karnataka,12.9716,77.5946,05:20,12:17,15:32,17:58,19:09,2025-12-19
India,Karnataka,12.9716,77.5946,05:21,12:17,15:33,17:58,19:10,2025-12-20
India,Karnataka,12.9716,77.5946,05:21,12:18,15:33,17:59,19:10,2025-12-21
India,Karnataka,12.9716,77.5946,05:21,12:18,15:34,17:59,19:11,2025-12-22
India,Karnataka,12.9716,77.5946,05:22,12:19,15:34,18:00,19:11,2025-12-23
India,Karnataka,12.9716,77.5946,05:22,12:19,15:35,18:00,19:12,2025-12-24
India,Karnataka,12.9716,77.5946,05:23,12:20,15:35,18:01,19:12,2025-12-25
India,Karnataka,12.9716,77.5946,05:23,12:20,15:36,18:01,19:13,2025-12-26
India,Karnataka,12.9716,77.5946,05:24,12:21,15:36,18:02,19:13,2025-12-27
India,Karnataka,12.9716,77.5946,05:24,12:21,15:37,18:02,19:14,2025-12-28
India,Karnataka,12.9716,77.5946,05:25,12:22,15:38,18:03,19:15,2025-12-29
India,Karnataka,12.9716,77.5946,05:25,12:22,15:38,18:04,19:15,2025-12-30
India,Karnataka,12.9716,77.5946,05:26,12:23,15:39,18:04,19:16,2025-12-31
India,Kerala,8.5241,76.9366,05:22,12:26,15:46,18:15,19:26,2025-01-01
India,Kerala,8.5241,76.9366,05:22,12:27,15:47,18:16,19:26,2025-01-02
India,Kerala,8.5241,76.9366,05:23,12:27,15:47,18:16,19:27,2025-01-03
India,Kerala,8.5241,76.9366,05:23,12:27,15:48,18:17,19:27,2025-01-04
India,Kerala,8.5241,76.9366,05:24,12:28,15:48,18:17,19:28,2025-01-05
India,Kerala,8.5241,76.9366,05:24,12:28,15:49,18:18,19:28,2025-01-06
India,Kerala,8.5241,76.9366,05:25,12:29,15:49,18:18,19:29,2025-01-07
India,Kerala,8.5241,76.9366,05:25,12:29,15:50,18:19,19:29,2025-01-08
India,Kerala,8.5241,76.9366,05:25,12:30,15:50,18:19,19:29,2025-01-09
India,Kerala,8.5241,76.9366,05:26,12:30,15:50,18:20,19:30,2025-01-10
India,Kerala,8.5241,76.9366,05:26,12:30,15:51,18:20,19:30,2025-01-11
India,Kerala,8.5241,76.9366,05:26,12:31,15:51,18:21,19:31,2025-01-12
India,Kerala,8.5241,76.9366,05:27,12:31,15:52,18:21,19:31,2025-01-13
India,Kerala,8.5241,76.9366,05:27,12:31,15:52,18:22,19:32,2025-01-14
India,Kerala,8.5241,76.9366,05:27,12:32,15:53,18:22,19:32,2025-01-15
India,Kerala,8.5241,76.9366,05:28,12:32,15:53,18:23,19:32,2025-01-16
India,Kerala,8.5241,76.9366,05:28,12:32,15:53,18:23,19:33,2025-01-17
India,Kerala,8.5241,76.9366,05:28,12:33,15:54,18:24,19:33,2025-01-18
India,Kerala,8.5241,76.9366,05:29,12:33,15:54,18:24,19:33,2025-01-19
India,Kerala,8.5241,76.9366,05:29,12:33,15:54,18:25,19:34,2025-01-20
India,Kerala,8.5241,76.9366,05:29,12:34,15:55,18:25,19:34,2025-01-21
India,Kerala,8.5241,76.9366,05:29,12:34,15:55,18:25,19:34,2025-01-22
India,Kerala,8.5241,76.9366,05:29,12:34,15:55,18:26,19:35,2025-01-23
India,Kerala,8.5241,76.9366,05:30,12:34,15:56,18:26,19:35,2025-01-24
India,Kerala,8.5241,76.9366,05:30,12:35,15:56,18:27,19:35,2025-01-25
India,Kerala,8.5241,76.9366,05:30,12:35,15:56,18:27,19:36,2025-01-26
India,Kerala,8.5241,76.9366,05:30,12:35,15:56,18:27,19:36,2025-01-27
India,Kerala,8.5241,76.9366,05:30,12:35,15:56,18:28,19:36,2025-01-28
India,Kerala,8.5241,76.9366,05:30,12:35,15:57,18:28,19:36,2025-01-29
India,Kerala,8.5241,76.9366,05:30,12:36,15:57,18:28,19:37,2025-01-30
India,Kerala,8.5241,76.9366,05:31,12:36,15:57,18:29,19:37,2025-01-31
India,Kerala,8.5241,76.9366,05:31,12:36,15:57,18:29,19:37,2025-02-01
India,Kerala,8.5241,76.9366,05:31,12:36,15:57,18:29,19:37,2025-02-02
India,Kerala,8.5241,76.9366,05:31,12:36,15:57,18:30,19:37,2025-02-03
India,Kerala,8.5241,76.9366,05:31,12:36,15:57,18:30,19:38,2025-02-04
India,Kerala,8.5241,76.9366,05:31,12:36,15:58,18:30,19:38,2025-02-05
India,Kerala,8.5241,76.9366,05:31,12:36,15:58,18:30,19:38,2025-02-06
India,Kerala,8.5241,76.9366,05:31,12:36,15:58,18:31,19:38,2025-02-07
India,Kerala,8.5241,76.9366,05:31,12:36,15:58,18:31,19:38,2025-02-08
India,Kerala,8.5241,76.9366,05:30,12:36,15:58,18:31,19:38,2025-02-09
India,Kerala,8.5241,76.9366,05:30,12:36,15:58,18:31,19:38,2025-02-10
India,Kerala,8.5241,76.9366,05:30,12:36,15:58,18:32,19:39,2025-02-11
India,Kerala,8.5241,76.9366,05:30,12:36,15:58,18:32,19:39,2025-02-12
India,Kerala,8.5241,76.9366,05:30,12:36,15:57,18:32,19:39,2025-02-13
India,Kerala,8.5241,76.9366,05:30,12:36,15:57,18:32,19:39,2025-02-14
India,Kerala,8.5241,76.9366,05:30,12:36,15:57,18:32,19:39,2025-02-15
India,Kerala,8.5241,76.9366,05:29,12:36,15:57,18:32,19:39,2025-02-16
India,Kerala,8.5241,76.9366,05:29,12:36,15:57,18:33,19:39,2025-02-17
India,Kerala,8.5241,76.9366,05:29,12:36,15:57,18:33,19:39,2025-02-18
India,Kerala,8.5241,76.9366,05:29,12:36,15:57,18:33,19:39,2025-02-19
India,Kerala,8.5241,76.9366,05:29,12:36,15:56,18:33,19:39,2025-02-20
India,Kerala,8.5241,76.9366,05:28,12:36,15:56,18:33,19:39,2025-02-21
India,Kerala,8.5241,76.9366,05:28,12:36,15:56,18:33,19:39,2025-02-22
India,Kerala,8.5241,76.9366,05:28,12:36,15:56,18:33,19:39,2025-02-23
India,Kerala,8.5241,76.9366,05:27,12:35,15:55,18:33,19:39,2025-02-24
India,Kerala,8.5241,76.9366,05:27,12:35,15:55,18:33,19:39,2025-02-25
India,Kerala,8.5241,76.9366,05:27,12:35,15:55,18:33,19:39,2025-02-26
India,Kerala,8.5241,76.9366,05:26,12:35,15:54,18:33,19:39,2025-02-27
India,Kerala,8.5241,76.9366,05:26,12:35,15:54,18:33,19:39,2025-02-28
India,Kerala,8.5241,76.9366,05:26,12:34,15:54,18:33,19:39,2025-03-01
India,Kerala,8.5241,76.9366,05:25,12:34,15:53,18:34,19:39,2025-03-02
India,Kerala,8.5241,76.9366,05:25,12:34,15:53,18:34,19:39,2025-03-03
India,Kerala,8.5241,76.9366,05:24,12:34,15:52,18:34,19:39,2025-03-04
India,Kerala,8.5241,76.9366,05:24,12:34,15:52,18:34,19:39,2025-03-05
India,Kerala,8.5241,76.9366,05:24,12:33,15:51,18:34,19:39,2025-03-06
India,Kerala,8.5241,76.9366,05:23,12:33,15:51,18:34,19:39,2025-03-07
India,Kerala,8.5241,76.9366,05:23,12:33,15:50,18:34,19:39,2025-03-08
India,Kerala,8.5241,76.9366,05:22,12:33,15:50,18:34,19:39,2025-03-09
India,Kerala,8.5241,76.9366,05:22,12:32,15:49,18:33,19:39,2025-03-10
India,Kerala,8.5241,76.9366,05:21,12:32,15:49,18:33,19:39,2025-03-11
India,Kerala,8.5241,76.9366,05:21,12:32,15:48,18:33,19:39,2025-03-12
India,Kerala,8.5241,76.9366,05:20,12:32,15:48,18:33,19:39,2025-03-13
India,Kerala,8.5241,76.9366,05:20,12:31,15:47,18:33,19:39,2025-03-14
India,Kerala,8.5241,76.9366,05:19,12:31,15:46,18:33,19:39,2025-03-15
India,Kerala,8.5241,76.9366,05:19,12:31,15:46,18:33,19:39,2025-03-16
India,Kerala,8.5241,76.9366,05:18,12:30,15:45,18:33,19:39,2025-03-17
India,Kerala,8.5241,76.9366,05:18,12:30,15:45,18:33,19:39,2025-03-18
India,Kerala,8.5241,76.9366,05:17,12:30,15:44,18:33,19:38,2025-03-19
India,Kerala,8.5241,76.9366,05:17,12:30,15:43,18:33,19:38,2025-03-20
India,Kerala,8.5241,76.9366,05:16,12:29,15:42,18:33,19:38,2025-03-21
India,Kerala,8.5241,76.9366,05:16,12:29,15:42,18:33,19:38,2025-03-22
India,Kerala,8.5241,76.9366,05:15,12:29,15:41,18:33,19:38,2025-03-23
India,Kerala,8.5241,76.9366,05:14,12:28,15:40,18:33,19:38,2025-03-24
India,Kerala,8.5241,76.9366,05:14,12:28,15:40,18:33,19:38,2025-03-25
India,Kerala,8.5241,76.9366,05:13,12:28,15:39,18:33,19:38,2025-03-26
India,Kerala,8.5241,76.9366,05:13,12:27,15:38,18:33,19:38,2025-03-27
India,Kerala,8.5241,76.9366,05:12,12:27,15:37,18:33,19:38,2025-03-28
India,Kerala,8.5241,76.9366,05:12,12:27,15:36,18:32,19:38,2025-03-29
India,Kerala,8.5241,76.9366,05:11,12:27,15:36,18:32,19:38,2025-03-30
India,Kerala,8.5241,76.9366,05:10,12:26,15:35,18:32,19:38,2025-03-31
India,Kerala,8.5241,76.9366,05:10,12:26,15:34,18:32,19:38,2025-04-01
India,Kerala,8.5241,76.9366,05:09,12:26,15:33,18:32,19:38,2025-04-02
India,Kerala,8.5241,76.9366,05:09,12:25,15:32,18:32,19:38,2025-04-03
India,Kerala,8.5241,76.9366,05:08,12:25,15:31,18:32,19:38,2025-04-04
India,Kerala,8.5241,76.9366,05:07,12:25,15:31,18:32,19:38,2025-04-05
India,Kerala,8.5241,76.9366,05:07,12:25,15:30,18:32,19:38,2025-04-06
India,Kerala,8.5241,76.9366,05:06,12:24,15:29,18:32,19:38,2025-04-07
India,Kerala,8.5241,76.9366,05:06,12:24,15:28,18:32,19:38,2025-04-08
India,Kerala,8.5241,76.9366,05:05,12:24,15:27,18:32,19:38,2025-04-09
India,Kerala,8.5241,76.9366,05:05,12:23,15:26,18:32,19:38,2025-04-10
India,Kerala,8.5241,76.9366,05:04,12:23,15:25,18:32,19:38,2025-04-11
India,Kerala,8.5241,76.9366,05:03,12:23,15:26,18:32,19:38,2025-04-12
India,Kerala,8.5241,76.9366,05:03,12:23,15:27,18:32,19:38,2025-04-13
India,Kerala,8.5241,76.9366,05:02,12:22,15:27,18:32,19:38,2025-04-14
India,Kerala,8.5241,76.9366,05:02,12:22,15:28,18:32,19:38,2025-04-15
India,Kerala,8.5241,76.9366,05:01,12:22,15:28,18:32,19:39,2025-04-16
India,Kerala,8.5241,76.9366,05:01,12:22,15:29,18:32,19:39,2025-04-17
India,Kerala,8.5241,76.9366,05:00,12:22,15:29,18:32,19:39,2025-04-18
India,Kerala,8.5241,76.9366,05:00,12:21,15:30,18:32,19:39,2025-04-19
India,Kerala,8.5241,76.9366,04:59,12:21,15:30,18:32,19:39,2025-04-20
India,Kerala,8.5241,76.9366,04:59,12:21,15:31,18:32,19:39,2025-04-21
India,Kerala,8.5241,76.9366,04:58,12:21,15:31,18:32,19:39,2025-04-22
India,Kerala,8.5241,76.9366,04:57,12:21,15:31,18:32,19:39,2025-04-23
India,Kerala,8.5241,76.9366,04:57,12:20,15:32,18:32,19:39,2025-04-24
India,Kerala,8.5241,76.9366,04:56,12:20,15:32,18:32,19:40,2025-04-25
India,Kerala,8.5241,76.9366,04:56,12:20,15:33,18:32,19:40,2025-04-26
India,Kerala,8.5241,76.9366,04:56,12:20,15:33,18:32,19:40,2025-04-27
India,Kerala,8.5241,76.9366,04:55,12:20,15:34,18:32,19:40,2025-04-28
India,Kerala,8.5241,76.9366,04:55,12:20,15:34,18:32,19:40,2025-04-29
India,Kerala,8.5241,76.9366,04:54,12:19,15:34,18:32,19:40,2025-04-30
India,Kerala,8.5241,76.9366,04:54,12:19,15:35,18:32,19:41,2025-05-01
India,Kerala,8.5241,76.9366,04:53,12:19,15:35,18:32,19:41,2025-05-02
India,Kerala,8.5241,76.9366,04:53,12:19,15:36,18:32,19:41,2025-05-03
India,Kerala,8.5241,76.9366,04:52,12:19,15:36,18:32,19:41,2025-05-04
India,Kerala,8.5241,76.9366,04:52,12:19,15:36,18:33,19:42,2025-05-05
India,Kerala,8.5241,76.9366,04:52,12:19,15:37,18:33,19:42,2025-05-06
India,Kerala,8.5241,76.9366,04:51,12:19,15:37,18:33,19:42,2025-05-07
India,Kerala,8.5241,76.9366,04:51,12:19,15:38,18:33,19:42,2025-05-08
India,Kerala,8.5241,76.9366,04:51,12:19,15:38,18:33,19:42,2025-05-09
India,Kerala,8.5241,76.9366,04:50,12:19,15:38,18:33,19:43,2025-05-10
India,Kerala,8.5241,76.9366,04:50,12:19,15:39,18:33,19:43,2025-05-11
India,Kerala,8.5241,76.9366,04:50,12:19,15:39,18:34,19:43,2025-05-12
India,Kerala,8.5241,76.9366,04:49,12:19,15:39,18:34,19:44,2025-05-13
India,Kerala,8.5241,76.9366,04:49,12:19,15:40,18:34,19:44,2025-05-14
India,Kerala,8.5241,76.9366,04:49,12:19,15:40,18:34,19:44,2025-05-15
India,Kerala,8.5241,76.9366,04:48,12:19,15:40,18:34,19:44,2025-05-16
India,Kerala,8.5241,76.9366,04:48,12:19,15:41,18:34,19:45,2025-05-17
India,Kerala,8.5241,76.9366,04:48,12:19,15:41,18:35,19:45,2025-05-18
India,Kerala,8.5241,76.9366,04:48,12:19,15:41,18:35,19:45,2025-05-19
India,Kerala,8.5241,76.9366,04:48,12:19,15:42,18:35,19:46,2025-05-20
India,Kerala,8.5241,76.9366,04:47,12:19,15:42,18:35,19:46,2025-05-21
India,Kerala,8.5241,76.9366,04:47,12:19,15:43,18:35,19:46,2025-05-22
India,Kerala,8.5241,76.9366,04:47,12:19,15:43,18:36,19:47,2025-05-23
India,Kerala,8.5241,76.9366,04:47,12:19,15:43,18:36,19:47,2025-05-24
India,Kerala,8.5241,76.9366,04:47,12:19,15:44,18:36,19:47,2025-05-25
India,Kerala,8.5241,76.9366,04:47,12:19,15:44,18:36,19:48,2025-05-26
India,Kerala,8.5241,76.9366,04:47,12:19,15:44,18:37,19:48,2025-05-27
India,Kerala,8.5241,76.9366,04:46,12:20,15:45,18:37,19:48,2025-05-28
India,Kerala,8.5241,76.9366,04:46,12:20,15:45,18:37,19:49,2025-05-29
India,Kerala,8.5241,76.9366,04:46,12:20,15:45,18:37,19:49,2025-05-30
India,Kerala,8.5241,76.9366,04:46,12:20,15:46,18:38,19:49,2025-05-31
India,Kerala,8.5241,76.9366,04:46,12:20,15:46,18:38,19:50,2025-06-01
India,Kerala,8.5241,76.9366,04:46,12:20,15:46,18:38,19:50,2025-06-02
India,Kerala,8.5241,76.9366,04:46,12:21,15:47,18:38,19:50,2025-06-03
India,Kerala,8.5241,76.9366,04:46,12:21,15:47,18:39,19:51,2025-06-04
India,Kerala,8.5241,76.9366,04:46,12:21,15:47,18:39,19:51,2025-06-05
India,Kerala,8.5241,76.9366,04:46,12:21,15:47,18:39,19:51,2025-06-06
India,Kerala,8.5241,76.9366,04:46,12:21,15:48,18:39,19:52,2025-06-07
India,Kerala,8.5241,76.9366,04:46,12:21,15:48,18:40,19:52,2025-06-08
India,Kerala,8.5241,76.9366,04:47,12:22,15:48,18:40,19:52,2025-06-09
India,Kerala,8.5241,76.9366,04:47,12:22,15:49,18:40,19:52,2025-06-10
India,Kerala,8.5241,76.9366,04:47,12:22,15:49,18:40,19:53,2025-06-11
India,Kerala,8.5241,76.9366,04:47,12:22,15:49,18:41,19:53,2025-06-12
India,Kerala,8.5241,76.9366,04:47,12:22,15:50,18:41,19:53,2025-06-13
India,Kerala,8.5241,76.9366,04:47,12:23,15:50,18:41,19:54,2025-06-14
India,Kerala,8.5241,76.9366,04:47,12:23,15:50,18:41,19:54,2025-06-15
India,Kerala,8.5241,76.9366,04:47,12:23,15:50,18:42,19:54,2025-06-16
India,Kerala,8.5241,76.9366,04:48,12:23,15:51,18:42,19:54,2025-06-17
India,Kerala,8.5241,76.9366,04:48,12:24,15:51,18:42,19:55,2025-06-18
India,Kerala,8.5241,76.9366,04:48,12:24,15:51,18:42,19:55,2025-06-19
India,Kerala,8.5241,76.9366,04:48,12:24,15:51,18:43,19:55,2025-06-20
India,Kerala,8.5241,76.9366,04:48,12:24,15:51,18:43,19:55,2025-06-21
India,Kerala,8.5241,76.9366,04:49,12:24,15:52,18:43,19:56,2025-06-22
India,Kerala,8.5241,76.9366,04:49,12:25,15:52,18:43,19:56,2025-06-23
India,Kerala,8.5241,76.9366,04:49,12:25,15:52,18:43,19:56,2025-06-24
India,Kerala,8.5241,76.9366,04:49,12:25,15:52,18:44,19:56,2025-06-25
India,Kerala,8.5241,76.9366,04:50,12:25,15:52,18:44,19:56,2025-06-26
India,Kerala,8.5241,76.9366,04:50,12:25,15:53,18:44,19:56,2025-06-27
India,Kerala,8.5241,76.9366,04:50,12:26,15:53,18:44,19:57,2025-06-28
India,Kerala,8.5241,76.9366,04:51,12:26,15:53,18:44,19:57,2025-06-29
India,Kerala,8.5241,76.9366,04:51,12:26,15:53,18:44,19:57,2025-06-30
India,Kerala,8.5241,76.9366,04:51,12:26,15:53,18:45,19:57,2025-07-01
India,Kerala,8.5241,76.9366,04:51,12:26,15:53,18:45,19:57,2025-07-02
India,Kerala,8.5241,76.9366,04:52,12:27,15:53,18:45,19:57,2025-07-03
India,Kerala,8.5241,76.9366,04:52,12:27,15:53,18:45,19:57,2025-07-04
India,Kerala,8.5241,76.9366,04:52,12:27,15:53,18:45,19:57,2025-07-05
India,Kerala,8.5241,76.9366,04:53,12:27,15:53,18:45,19:57,2025-07-06
India,Kerala,8.5241,76.9366,04:53,12:27,15:53,18:45,19:57,2025-07-07
India,Kerala,8.5241,76.9366,04:53,12:27,15:53,18:45,19:57,2025-07-08
India,Kerala,8.5241,76.9366,04:54,12:28,15:53,18:45,19:57,2025-07-09
India,Kerala,8.5241,76.9366,04:54,12:28,15:53,18:45,19:57,2025-07-10
India,Kerala,8.5241,76.9366,04:54,12:28,15:53,18:45,19:57,2025-07-11
India,Kerala,8.5241,76.9366,04:54,12:28,15:53,18:45,19:57,2025-07-12
India,Kerala,8.5241,76.9366,04:55,12:28,15:53,18:45,19:57,2025-07-13
India,Kerala,8.5241,76.9366,04:55,12:28,15:53,18:45,19:57,2025-07-14
India,Kerala,8.5241,76.9366,04:55,12:28,15:53,18:45,19:57,2025-07-15
India,Kerala,8.5241,76.9366,04:56,12:28,15:53,18:45,19:57,2025-07-16
India,Kerala,8.5241,76.9366,04:56,12:28,15:53,18:45,19:56,2025-07-17
India,Kerala,8.5241,76.9366,04:56,12:29,15:53,18:45,19:56,2025-07-18
India,Kerala,8.5241,76.9366,04:57,12:29,15:52,18:45,19:56,2025-07-19
India,Kerala,8.5241,76.9366,04:57,12:29,15:52,18:45,19:56,2025-07-20
India,Kerala,8.5241,76.9366,04:57,12:29,15:52,18:45,19:56,2025-07-21
India,Kerala,8.5241,76.9366,04:58,12:29,15:52,18:45,19:56,2025-07-22
India,Kerala,8.5241,76.9366,04:58,12:29,15:51,18:45,19:55,2025-07-23
India,Kerala,8.5241,76.9366,04:58,12:29,15:51,18:45,19:55,2025-07-24
India,Kerala,8.5241,76.9366,04:58,12:29,15:51,18:45,19:55,2025-07-25
India,Kerala,8.5241,76.9366,04:59,12:29,15:51,18:44,19:55,2025-07-26
India,Kerala,8.5241,76.9366,04:59,12:29,15:50,18:44,19:54,2025-07-27
India,Kerala,8.5241,76.9366,04:59,12:29,15:50,18:44,19:54,2025-07-28
India,Kerala,8.5241,76.9366,04:59,12:29,15:49,18:44,19:54,2025-07-29
India,Kerala,8.5241,76.9366,05:00,12:29,15:49,18:44,19:53,2025-07-30
India,Kerala,8.5241,76.9366,05:00,12:29,15:49,18:43,19:53,2025-07-31
India,Kerala,8.5241,76.9366,05:00,12:29,15:48,18:43,19:53,2025-08-01
India,Kerala,8.5241,76.9366,05:00,12:29,15:48,18:43,19:52,2025-08-02
India,Kerala,8.5241,76.9366,05:01,12:28,15:47,18:43,19:52,2025-08-03
India,Kerala,8.5241,76.9366,05:01,12:28,15:47,18:42,19:52,2025-08-04
India,Kerala,8.5241,76.9366,05:01,12:28,15:46,18:42,19:51,2025-08-05
India,Kerala,8.5241,76.9366,05:01,12:28,15:46,18:42,19:51,2025-08-06
India,Kerala,8.5241,76.9366,05:01,12:28,15:45,18:41,19:50,2025-08-07
India,Kerala,8.5241,76.9366,05:02,12:28,15:44,18:41,19:50,2025-08-08
India,Kerala,8.5241,76.9366,05:02,12:28,15:44,18:41,19:49,2025-08-09
India,Kerala,8.5241,76.9366,05:02,12:28,15:43,18:40,19:49,2025-08-10
India,Kerala,8.5241,76.9366,05:02,12:27,15:42,18:40,19:48,2025-08-11
India,Kerala,8.5241,76.9366,05:02,12:27,15:42,18:40,19:48,2025-08-12
India,Kerala,8.5241,76.9366,05:02,12:27,15:41,18:39,19:47,2025-08-13
India,Kerala,8.5241,76.9366,05:02,12:27,15:40,18:39,19:47,2025-08-14
India,Kerala,8.5241,76.9366,05:03,12:27,15:40,18:39,19:46,2025-08-15
India,Kerala,8.5241,76.9366,05:03,12:26,15:39,18:38,19:46,2025-08-16
India,Kerala,8.5241,76.9366,05:03,12:26,15:38,18:38,19:45,2025-08-17
India,Kerala,8.5241,76.9366,05:03,12:26,15:37,18:37,19:45,2025-08-18
India,Kerala,8.5241,76.9366,05:03,12:26,15:36,18:37,19:44,2025-08-19
India,Kerala,8.5241,76.9366,05:03,12:26,15:35,18:36,19:44,2025-08-20
India,Kerala,8.5241,76.9366,05:03,12:25,15:34,18:36,19:43,2025-08-21
India,Kerala,8.5241,76.9366,05:03,12:25,15:34,18:35,19:43,2025-08-22
India,Kerala,8.5241,76.9366,05:03,12:25,15:33,18:35,19:42,2025-08-23
India,Kerala,8.5241,76.9366,05:03,12:24,15:32,18:35,19:42,2025-08-24
India,Kerala,8.5241,76.9366,05:03,12:24,15:31,18:34,19:41,2025-08-25
India,Kerala,8.5241,76.9366,05:03,12:24,15:30,18:34,19:40,2025-08-26
India,Kerala,8.5241,76.9366,05:03,12:24,15:29,18:33,19:40,2025-08-27
India,Kerala,8.5241,76.9366,05:03,12:23,15:28,18:32,19:39,2025-08-28
India,Kerala,8.5241,76.9366,05:03,12:23,15:26,18:32,19:39,2025-08-29
India,Kerala,8.5241,76.9366,05:03,12:23,15:25,18:31,19:38,2025-08-30
India,Kerala,8.5241,76.9366,05:03,12:22,15:25,18:31,19:37,2025-08-31
India,Kerala,8.5241,76.9366,05:03,12:22,15:25,18:30,19:37,2025-09-01
India,Kerala,8.5241,76.9366,05:03,12:22,15:25,18:30,19:36,2025-09-02
India,Kerala,8.5241,76.9366,05:03,12:21,15:26,18:29,19:35,2025-09-03
India,Kerala,8.5241,76.9366,05:03,12:21,15:26,18:29,19:35,2025-09-04
India,Kerala,8.5241,76.9366,05:03,12:21,15:26,18:28,19:34,2025-09-05
India,Kerala,8.5241,76.9366,05:03,12:20,15:26,18:28,19:34,2025-09-06
India,Kerala,8.5241,76.9366,05:03,12:20,15:27,18:27,19:33,2025-09-07
India,Kerala,8.5241,76.9366,05:03,12:20,15:27,18:26,19:32,2025-09-08
India,Kerala,8.5241,76.9366,05:03,12:19,15:27,18:26,19:32,2025-09-09
India,Kerala,8.5241,76.9366,05:03,12:19,15:27,18:25,19:31,2025-09-10
India,Kerala,8.5241,76.9366,05:03,12:19,15:27,18:25,19:30,2025-09-11
India,Kerala,8.5241,76.9366,05:03,12:18,15:28,18:24,19:30,2025-09-12
India,Kerala,8.5241,76.9366,05:03,12:18,15:28,18:23,19:29,2025-09-13
India,Kerala,8.5241,76.9366,05:03,12:18,15:28,18:23,19:28,2025-09-14
India,Kerala,8.5241,76.9366,05:03,12:17,15:28,18:22,19:28,2025-09-15
India,Kerala,8.5241,76.9366,05:03,12:17,15:28,18:22,19:27,2025-09-16
India,Kerala,8.5241,76.9366,05:02,12:17,15:28,18:21,19:27,2025-09-17
India,Kerala,8.5241,76.9366,05:02,12:16,15:28,18:21,19:26,2025-09-18
India,Kerala,8.5241,76.9366,05:02,12:16,15:28,18:20,19:25,2025-09-19
India,Kerala,8.5241,76.9366,05:02,12:16,15:28,18:19,19:25,2025-09-20
India,Kerala,8.5241,76.9366,05:02,12:15,15:28,18:19,19:24,2025-09-21
India,Kerala,8.5241,76.9366,05:02,12:15,15:28,18:18,19:24,2025-09-22
India,Kerala,8.5241,76.9366,05:02,12:14,15:29,18:18,19:23,2025-09-23
India,Kerala,8.5241,76.9366,05:02,12:14,15:29,18:17,19:22,2025-09-24
India,Kerala,8.5241,76.9366,05:02,12:14,15:29,18:16,19:22,2025-09-25
India,Kerala,8.5241,76.9366,05:02,12:13,15:29,18:16,19:21,2025-09-26
India,Kerala,8.5241,76.9366,05:01,12:13,15:29,18:15,19:21,2025-09-27
India,Kerala,8.5241,76.9366,05:01,12:13,15:29,18:15,19:20,2025-09-28
India,Kerala,8.5241,76.9366,05:01,12:12,15:29,18:14,19:20,2025-09-29
India,Kerala,8.5241,76.9366,05:01,12:12,15:29,18:14,19:19,2025-09-30
India,Kerala,8.5241,76.9366,05:01,12:12,15:28,18:13,19:18,2025-10-01
India,Kerala,8.5241,76.9366,05:01,12:11,15:28,18:12,19:18,2025-10-02
India,Kerala,8.5241,76.9366,05:01,12:11,15:28,18:12,19:17,2025-10-03
India,Kerala,8.5241,76.9366,05:01,12:11,15:28,18:11,19:17,2025-10-04
India,Kerala,8.5241,76.9366,05:01,12:11,15:28,18:11,19:16,2025-10-05
India,Kerala,8.5241,76.9366,05:00,12:10,15:28,18:10,19:16,2025-10-06
India,Kerala,8.5241,76.9366,05:00,12:10,15:28,18:10,19:15,2025-10-07
India,Kerala,8.5241,76.9366,05:00,12:10,15:28,18:09,19:15,2025-10-08
India,Kerala,8.5241,76.9366,05:00,12:09,15:28,18:09,19:15,2025-10-09
India,Kerala,8.5241,76.9366,05:00,12:09,15:28,18:08,19:14,2025-10-10
India,Kerala,8.5241,76.9366,05:00,12:09,15:28,18:08,19:14,2025-10-11
India,Kerala,8.5241,76.9366,05:00,12:09,15:28,18:07,19:13,2025-10-12
India,Kerala,8.5241,76.9366,05:00,12:08,15:28,18:07,19:13,2025-10-13
India,Kerala,8.5241,76.9366,05:00,12:08,15:28,18:06,19:12,2025-10-14
India,Kerala,8.5241,76.9366,05:00,12:08,15:28,18:06,19:12,2025-10-15
India,Kerala,8.5241,76.9366,05:00,12:08,15:28,18:06,19:12,2025-10-16
India,Kerala,8.5241,76.9366,05:00,12:08,15:28,18:05,19:11,2025-10-17
India,Kerala,8.5241,76.9366,05:00,12:07,15:28,18:05,19:11,2025-10-18
India,Kerala,8.5241,76.9366,05:00,12:07,15:27,18:04,19:11,2025-10-19
India,Kerala,8.5241,76.9366,05:00,12:07,15:27,18:04,19:10,2025-10-20
India,Kerala,8.5241,76.9366,05:00,12:07,15:27,18:04,19:10,2025-10-21
India,Kerala,8.5241,76.9366,05:00,12:07,15:27,18:03,19:10,2025-10-22
India,Kerala,8.5241,76.9366,05:00,12:07,15:27,18:03,19:09,2025-10-23
India,Kerala,8.5241,76.9366,05:00,12:06,15:27,18:03,19:09,2025-10-24
India,Kerala,8.5241,76.9366,05:00,12:06,15:27,18:02,19:09,2025-10-25
India,Kerala,8.5241,76.9366,05:00,12:06,15:27,18:02,19:09,2025-10-26
India,Kerala,8.5241,76.9366,05:00,12:06,15:27,18:02,19:08,2025-10-27
India,Kerala,8.5241,76.9366,05:00,12:06,15:27,18:01,19:08,2025-10-28
India,Kerala,8.5241,76.9366,05:00,12:06,15:27,18:01,19:08,2025-10-29
India,Kerala,8.5241,76.9366,05:00,12:06,15:27,18:01,19:08,2025-10-30
India,Kerala,8.5241,76.9366,05:00,12:06,15:27,18:01,19:08,2025-10-31
India,Kerala,8.5241,76.9366,05:00,12:06,15:27,18:00,19:08,2025-11-01
India,Kerala,8.5241,76.9366,05:00,12:06,15:27,18:00,19:07,2025-11-02
India,Kerala,8.5241,76.9366,05:00,12:06,15:27,18:00,19:07,2025-11-03
India,Kerala,8.5241,76.9366,05:00,12:06,15:27,18:00,19:07,2025-11-04
India,Kerala,8.5241,76.9366,05:00,12:06,15:27,18:00,19:07,2025-11-05
India,Kerala,8.5241,76.9366,05:00,12:06,15:27,17:59,19:07,2025-11-06
India,Kerala,8.5241,76.9366,05:01,12:06,15:27,17:59,19:07,2025-11-07
India,Kerala,8.5241,76.9366,05:01,12:06,15:27,17:59,19:07,2025-11-08
India,Kerala,8.5241,76.9366,05:01,12:06,15:27,17:59,19:07,2025-11-09
India,Kerala,8.5241,76.9366,05:01,12:06,15:27,17:59,19:07,2025-11-10
India,Kerala,8.5241,76.9366,05:01,12:06,15:28,17:59,19:07,2025-11-11
India,Kerala,8.5241,76.9366,05:01,12:06,15:28,17:59,19:07,2025-11-12
India,Kerala,8.5241,76.9366,05:02,12:07,15:28,17:59,19:07,2025-11-13
India,Kerala,8.5241,76.9366,05:02,12:07,15:28,17:59,19:07,2025-11-14
India,Kerala,8.5241,76.9366,05:02,12:07,15:28,17:59,19:08,2025-11-15
India,Kerala,8.5241,76.9366,05:02,12:07,15:28,17:59,19:08,2025-11-16
India,Kerala,8.5241,76.9366,05:03,12:07,15:28,17:59,19:08,2025-11-17
India,Kerala,8.5241,76.9366,05:03,12:08,15:29,17:59,19:08,2025-11-18
India,Kerala,8.5241,76.9366,05:03,12:08,15:29,17:59,19:08,2025-11-19
India,Kerala,8.5241,76.9366,05:03,12:08,15:29,17:59,19:08,2025-11-20
India,Kerala,8.5241,76.9366,05:04,12:08,15:29,17:59,19:09,2025-11-21
India,Kerala,8.5241,76.9366,05:04,12:08,15:29,17:59,19:09,2025-11-22
India,Kerala,8.5241,76.9366,05:04,12:09,15:30,18:00,19:09,2025-11-23
India,Kerala,8.5241,76.9366,05:05,12:09,15:30,18:00,19:09,2025-11-24
India,Kerala,8.5241,76.9366,05:05,12:09,15:30,18:00,19:09,2025-11-25
India,Kerala,8.5241,76.9366,05:05,12:10,15:30,18:00,19:10,2025-11-26
India,Kerala,8.5241,76.9366,05:06,12:10,15:31,18:00,19:10,2025-11-27
India,Kerala,8.5241,76.9366,05:06,12:10,15:31,18:00,19:10,2025-11-28
India,Kerala,8.5241,76.9366,05:06,12:11,15:31,18:01,19:11,2025-11-29
India,Kerala,8.5241,76.9366,05:07,12:11,15:32,18:01,19:11,2025-11-30
India,Kerala,8.5241,76.9366,05:07,12:11,15:32,18:01,19:11,2025-12-01
India,Kerala,8.5241,76.9366,05:08,12:12,15:32,18:02,19:12,2025-12-02
India,Kerala,8.5241,76.9366,05:08,12:12,15:33,18:02,19:12,2025-12-03
India,Kerala,8.5241,76.9366,05:08,12:13,15:33,18:02,19:12,2025-12-04
India,Kerala,8.5241,76.9366,05:09,12:13,15:33,18:02,19:13,2025-12-05
India,Kerala,8.5241,76.9366,05:09,12:13,15:34,18:03,19:13,2025-12-06
India,Kerala,8.5241,76.9366,05:10,12:14,15:34,18:03,19:14,2025-12-07
India,Kerala,8.5241,76.9366,05:10,12:14,15:35,18:04,19:14,2025-12-08
India,Kerala,8.5241,76.9366,05:11,12:15,15:35,18:04,19:14,2025-12-09
India,Kerala,8.5241,76.9366,05:11,12:15,15:35,18:04,19:15,2025-12-10
India,Kerala,8.5241,76.9366,05:12,12:16,15:36,18:05,19:15,2025-12-11
India,Kerala,8.5241,76.9366,05:12,12:16,15:36,18:05,19:16,2025-12-12
India,Kerala,8.5241,76.9366,05:13,12:17,15:37,18:06,19:16,2025-12-13
India,Kerala,8.5241,76.9366,05:13,12:17,15:37,18:06,19:17,2025-12-14
India,Kerala,8.5241,76.9366,05:14,12:18,15:38,18:06,19:17,2025-12-15
India,Kerala,8.5241,76.9366,05:14,12:18,15:38,18:07,19:18,2025-12-16
India,Kerala,8.5241,76.9366,05:15,12:19,15:39,18:07,19:18,2025-12-17
India,Kerala,8.5241,76.9366,05:15,12:19,15:39,18:08,19:19,2025-12-18
India,Kerala,8.5241,76.9366,05:16,12:20,15:40,18:08,19:19,2025-12-19
India,Kerala,8.5241,76.9366,05:16,12:20,15:40,18:09,19:20,2025-12-20
India,Kerala,8.5241,76.9366,05:17,12:21,15:41,18:09,19:20,2025-12-21
India,Kerala,8.5241,76.9366,05:17,12:21,15:41,18:10,19:21,2025-12-22
India,Kerala,8.5241,76.9366,05:18,12:22,15:42,18:10,19:21,2025-12-23
India,Kerala,8.5241,76.9366,05:18,12:22,15:42,18:11,19:22,2025-12-24
India,Kerala,8.5241,76.9366,05:19,12:23,15:43,18:11,19:22,2025-12-25
India,Kerala,8.5241,76.9366,05:19,12:23,15:43,18:12,19:23,2025-12-26
India,Kerala,8.5241,76.9366,05:20,12:24,15:44,18:12,19:23,2025-12-27
India,Kerala,8.5241,76.9366,05:20,12:24,15:44,18:13,19:24,2025-12-28
India,Kerala,8.5241,76.9366,05:20,12:24,15:45,18:13,19:24,2025-12-29
India,Kerala,8.5241,76.9366,05:21,12:25,15:45,18:14,19:25,2025-12-30
India,Kerala,8.5241,76.9366,05:21,12:25,15:46,18:14,19:25,2025-12-31
India,Madhya Pradesh,23.2599,77.4126,05:42,12:24,15:26,17:46,19:02,2025-01-01
India,Madhya Pradesh,23.2599,77.4126,05:42,12:25,15:27,17:47,19:02,2025-01-02
India,Madhya Pradesh,23.2599,77.4126,05:43,12:25,15:27,17:48,19:03,2025-01-03
India,Madhya Pradesh,23.2599,77.4126,05:43,12:26,15:28,17:48,19:04,2025-01-04
India,Madhya Pradesh,23.2599,77.4126,05:43,12:26,15:28,17:49,19:04,2025-01-05
India,Madhya Pradesh,23.2599,77.4126,05:43,12:26,15:29,17:50,19:05,2025-01-06
India,Madhya Pradesh,23.2599,77.4126,05:44,12:27,15:30,17:50,19:05,2025-01-07
India,Madhya Pradesh,23.2599,77.4126,05:44,12:27,15:30,17:51,19:06,2025-01-08
India,Madhya Pradesh,23.2599,77.4126,05:44,12:28,15:31,17:52,19:07,2025-01-09
India,Madhya Pradesh,23.2599,77.4126,05:44,12:28,15:32,17:52,19:07,2025-01-10
India,Madhya Pradesh,23.2599,77.4126,05:44,12:28,15:32,17:53,19:08,2025-01-11
India,Madhya Pradesh,23.2599,77.4126,05:45,12:29,15:33,17:54,19:09,2025-01-12
India,Madhya Pradesh,23.2599,77.4126,05:45,12:29,15:34,17:54,19:09,2025-01-13
India,Madhya Pradesh,23.2599,77.4126,05:45,12:30,15:34,17:55,19:10,2025-01-14
India,Madhya Pradesh,23.2599,77.4126,05:45,12:30,15:35,17:56,19:10,2025-01-15
India,Madhya Pradesh,23.2599,77.4126,05:45,12:30,15:36,17:57,19:11,2025-01-16
India,Madhya Pradesh,23.2599,77.4126,05:45,12:31,15:36,17:57,19:12,2025-01-17
India,Madhya Pradesh,23.2599,77.4126,05:45,12:31,15:37,17:58,19:12,2025-01-18
India,Madhya Pradesh,23.2599,77.4126,05:45,12:31,15:37,17:59,19:13,2025-01-19
India,Madhya Pradesh,23.2599,77.4126,05:45,12:31,15:38,17:59,19:14,2025-01-20
India,Madhya Pradesh,23.2599,77.4126,05:45,12:32,15:39,18:00,19:14,2025-01-21
India,Madhya Pradesh,23.2599,77.4126,05:45,12:32,15:39,18:01,19:15,2025-01-22
India,Madhya Pradesh,23.2599,77.4126,05:45,12:32,15:40,18:02,19:15,2025-01-23
India,Madhya Pradesh,23.2599,77.4126,05:45,12:33,15:40,18:02,19:16,2025-01-24
India,Madhya Pradesh,23.2599,77.4126,05:44,12:33,15:41,18:03,19:17,2025-01-25
India,Madhya Pradesh,23.2599,77.4126,05:44,12:33,15:42,18:04,19:17,2025-01-26
India,Madhya Pradesh,23.2599,77.4126,05:44,12:33,15:42,18:04,19:18,2025-01-27
India,Madhya Pradesh,23.2599,77.4126,05:44,12:33,15:43,18:05,19:18,2025-01-28
India,Madhya Pradesh,23.2599,77.4126,05:44,12:34,15:43,18:06,19:19,2025-01-29
India,Madhya Pradesh,23.2599,77.4126,05:43,12:34,15:44,18:06,19:19,2025-01-30
India,Madhya Pradesh,23.2599,77.4126,05:43,12:34,15:44,18:07,19:20,2025-01-31
India,Madhya Pradesh,23.2599,77.4126,05:43,12:34,15:45,18:08,19:21,2025-02-01
India,Madhya Pradesh,23.2599,77.4126,05:43,12:34,15:45,18:08,19:21,2025-02-02
India,Madhya Pradesh,23.2599,77.4126,05:42,12:34,15:46,18:09,19:22,2025-02-03
India,Madhya Pradesh,23.2599,77.4126,05:42,12:34,15:46,18:10,19:22,2025-02-04
India,Madhya Pradesh,23.2599,77.4126,05:41,12:34,15:47,18:10,19:23,2025-02-05
India,Madhya Pradesh,23.2599,77.4126,05:41,12:34,15:47,18:11,19:23,2025-02-06
India,Madhya Pradesh,23.2599,77.4126,05:41,12:34,15:48,18:12,19:24,2025-02-07
India,Madhya Pradesh,23.2599,77.4126,05:40,12:35,15:48,18:12,19:24,2025-02-08
India,Madhya Pradesh,23.2599,77.4126,05:40,12:35,15:48,18:13,19:25,2025-02-09
India,Madhya Pradesh,23.2599,77.4126,05:39,12:35,15:49,18:14,19:25,2025-02-10
India,Madhya Pradesh,23.2599,77.4126,05:39,12:35,15:49,18:14,19:26,2025-02-11
India,Madhya Pradesh,23.2599,77.4126,05:38,12:35,15:50,18:15,19:26,2025-02-12
India,Madhya Pradesh,23.2599,77.4126,05:38,12:35,15:50,18:15,19:27,2025-02-13
India,Madhya Pradesh,23.2599,77.4126,05:37,12:34,15:50,18:16,19:27,2025-02-14
India,Madhya Pradesh,23.2599,77.4126,05:37,12:34,15:51,18:16,19:28,2025-02-15
India,Madhya Pradesh,23.2599,77.4126,05:36,12:34,15:51,18:17,19:28,2025-02-16
India,Madhya Pradesh,23.2599,77.4126,05:35,12:34,15:51,18:18,19:29,2025-02-17
India,Madhya Pradesh,23.2599,77.4126,05:35,12:34,15:52,18:18,19:29,2025-02-18
India,Madhya Pradesh,23.2599,77.4126,05:34,12:34,15:52,18:19,19:30,2025-02-19
India,Madhya Pradesh,23.2599,77.4126,05:33,12:34,15:52,18:19,19:30,2025-02-20
India,Madhya Pradesh,23.2599,77.4126,05:33,12:34,15:52,18:20,19:31,2025-02-21
India,Madhya Pradesh,23.2599,77.4126,05:32,12:34,15:53,18:20,19:31,2025-02-22
India,Madhya Pradesh,23.2599,77.4126,05:31,12:34,15:53,18:21,19:32,2025-02-23
India,Madhya Pradesh,23.2599,77.4126,05:31,12:33,15:53,18:21,19:32,2025-02-24
India,Madhya Pradesh,23.2599,77.4126,05:30,12:33,15:53,18:22,19:32,2025-02-25
India,Madhya Pradesh,23.2599,77.4126,05:29,12:33,15:53,18:22,19:33,2025-02-26
India,Madhya Pradesh,23.2599,77.4126,05:28,12:33,15:53,18:23,19:33,2025-02-27
India,Madhya Pradesh,23.2599,77.4126,05:27,12:33,15:54,18:23,19:34,2025-02-28
India,Madhya Pradesh,23.2599,77.4126,05:27,12:33,15:54,18:24,19:34,2025-03-01
India,Madhya Pradesh,23.2599,77.4126,05:26,12:32,15:54,18:24,19:35,2025-03-02
India,Madhya Pradesh,23.2599,77.4126,05:25,12:32,15:54,18:25,19:35,2025-03-03
India,Madhya Pradesh,23.2599,77.4126,05:24,12:32,15:54,18:25,19:35,2025-03-04
India,Madhya Pradesh,23.2599,77.4126,05:23,12:32,15:54,18:25,19:36,2025-03-05
India,Madhya Pradesh,23.2599,77.4126,05:22,12:31,15:54,18:26,19:36,2025-03-06
India,Madhya Pradesh,23.2599,77.4126,05:21,12:31,15:54,18:26,19:37,2025-03-07
India,Madhya Pradesh,23.2599,77.4126,05:20,12:31,15:54,18:27,19:37,2025-03-08
India,Madhya Pradesh,23.2599,77.4126,05:20,12:31,15:54,18:27,19:38,2025-03-09
India,Madhya Pradesh,23.2599,77.4126,05:19,12:30,15:54,18:28,19:38,2025-03-10
India,Madhya Pradesh,23.2599,77.4126,05:18,12:30,15:54,18:28,19:38,2025-03-11
India,Madhya Pradesh,23.2599,77.4126,05:17,12:30,15:54,18:28,19:39,2025-03-12
India,Madhya Pradesh,23.2599,77.4126,05:16,12:30,15:54,18:29,19:39,2025-03-13
India,Madhya Pradesh,23.2599,77.4126,05:15,12:29,15:54,18:29,19:40,2025-03-14
India,Madhya Pradesh,23.2599,77.4126,05:14,12:29,15:54,18:30,19:40,2025-03-15
India,Madhya Pradesh,23.2599,77.4126,05:13,12:29,15:54,18:30,19:40,2025-03-16
India,Madhya Pradesh,23.2599,77.4126,05:12,12:29,15:54,18:30,19:41,2025-03-17
India,Madhya Pradesh,23.2599,77.4126,05:11,12:28,15:54,18:31,19:41,2025-03-18
India,Madhya Pradesh,23.2599,77.4126,05:10,12:28,15:53,18:31,19:42,2025-03-19
India,Madhya Pradesh,23.2599,77.4126,05:09,12:28,15:53,18:32,19:42,2025-03-20
India,Madhya Pradesh,23.2599,77.4126,05:08,12:27,15:53,18:32,19:43,2025-03-21
India,Madhya Pradesh,23.2599,77.4126,05:07,12:27,15:53,18:32,19:43,2025-03-22
India,Madhya Pradesh,23.2599,77.4126,05:06,12:27,15:53,18:33,19:43,2025-03-23
India,Madhya Pradesh,23.2599,77.4126,05:05,12:26,15:53,18:33,19:44,2025-03-24
India,Madhya Pradesh,23.2599,77.4126,05:04,12:26,15:53,18:33,19:44,2025-03-25
India,Madhya Pradesh,23.2599,77.4126,05:03,12:26,15:52,18:34,19:45,2025-03-26
India,Madhya Pradesh,23.2599,77.4126,05:02,12:26,15:52,18:34,19:45,2025-03-27
India,Madhya Pradesh,23.2599,77.4126,05:00,12:25,15:52,18:35,19:46,2025-03-28
India,Madhya Pradesh,23.2599,77.4126,04:59,12:25,15:52,18:35,19:46,2025-03-29
India,Madhya Pradesh,23.2599,77.4126,04:58,12:25,15:52,18:35,19:47,2025-03-30
India,Madhya Pradesh,23.2599,77.4126,04:57,12:24,15:51,18:36,19:47,2025-03-31
India,Madhya Pradesh,23.2599,77.4126,04:56,12:24,15:51,18:36,19:47,2025-04-01
India,Madhya Pradesh,23.2599,77.4126,04:55,12:24,15:51,18:36,19:48,2025-04-02
India,Madhya Pradesh,23.2599,77.4126,04:54,12:23,15:51,18:37,19:48,2025-04-03
India,Madhya Pradesh,23.2599,77.4126,04:53,12:23,15:50,18:37,19:49,2025-04-04
India,Madhya Pradesh,23.2599,77.4126,04:52,12:23,15:50,18:38,19:49,2025-04-05
India,Madhya Pradesh,23.2599,77.4126,04:51,12:23,15:50,18:38,19:50,2025-04-06
India,Madhya Pradesh,23.2599,77.4126,04:50,12:22,15:50,18:38,19:50,2025-04-07
India,Madhya Pradesh,23.2599,77.4126,04:49,12:22,15:49,18:39,19:51,2025-04-08
India,Madhya Pradesh,23.2599,77.4126,04:48,12:22,15:49,18:39,19:51,2025-04-09
India,Madhya Pradesh,23.2599,77.4126,04:47,12:22,15:49,18:39,19:52,2025-04-10
India,Madhya Pradesh,23.2599,77.4126,04:46,12:21,15:48,18:40,19:52,2025-04-11
India,Madhya Pradesh,23.2599,77.4126,04:45,12:21,15:48,18:40,19:53,2025-04-12
India,Madhya Pradesh,23.2599,77.4126,04:44,12:21,15:48,18:41,19:53,2025-04-13
India,Madhya Pradesh,23.2599,77.4126,04:43,12:21,15:47,18:41,19:54,2025-04-14
India,Madhya Pradesh,23.2599,77.4126,04:42,12:20,15:47,18:41,19:54,2025-04-15
India,Madhya Pradesh,23.2599,77.4126,04:41,12:20,15:47,18:42,19:55,2025-04-16
India,Madhya Pradesh,23.2599,77.4126,04:40,12:20,15:47,18:42,19:55,2025-04-17
India,Madhya Pradesh,23.2599,77.4126,04:38,12:20,15:46,18:43,19:56,2025-04-18
India,Madhya Pradesh,23.2599,77.4126,04:37,12:19,15:46,18:43,19:57,2025-04-19
India,Madhya Pradesh,23.2599,77.4126,04:36,12:19,15:46,18:43,19:57,2025-04-20
India,Madhya Pradesh,23.2599,77.4126,04:36,12:19,15:45,18:44,19:58,2025-04-21
India,Madhya Pradesh,23.2599,77.4126,04:35,12:19,15:45,18:44,19:58,2025-04-22
India,Madhya Pradesh,23.2599,77.4126,04:34,12:19,15:45,18:45,19:59,2025-04-23
India,Madhya Pradesh,23.2599,77.4126,04:33,12:18,15:44,18:45,19:59,2025-04-24
India,Madhya Pradesh,23.2599,77.4126,04:32,12:18,15:44,18:46,20:00,2025-04-25
India,Madhya Pradesh,23.2599,77.4126,04:31,12:18,15:44,18:46,20:01,2025-04-26
India,Madhya Pradesh,23.2599,77.4126,04:30,12:18,15:43,18:46,20:01,2025-04-27
India,Madhya Pradesh,23.2599,77.4126,04:29,12:18,15:43,18:47,20:02,2025-04-28
India,Madhya Pradesh,23.2599,77.4126,04:28,12:18,15:43,18:47,20:03,2025-04-29
India,Madhya Pradesh,23.2599,77.4126,04:27,12:18,15:42,18:48,20:03,2025-04-30
India,Madhya Pradesh,23.2599,77.4126,04:26,12:17,15:42,18:48,20:04,2025-05-01
India,Madhya Pradesh,23.2599,77.4126,04:25,12:17,15:42,18:49,20:04,2025-05-02
India,Madhya Pradesh,23.2599,77.4126,04:25,12:17,15:42,18:49,20:05,2025-05-03
India,Madhya Pradesh,23.2599,77.4126,04:24,12:17,15:41,18:50,20:06,2025-05-04
India,Madhya Pradesh,23.2599,77.4126,04:23,12:17,15:41,18:50,20:06,2025-05-05
India,Madhya Pradesh,23.2599,77.4126,04:22,12:17,15:41,18:50,20:07,2025-05-06
India,Madhya Pradesh,23.2599,77.4126,04:21,12:17,15:41,18:51,20:08,2025-05-07
India,Madhya Pradesh,23.2599,77.4126,04:21,12:17,15:40,18:51,20:08,2025-05-08
India,Madhya Pradesh,23.2599,77.4126,04:20,12:17,15:40,18:52,20:09,2025-05-09
India,Madhya Pradesh,23.2599,77.4126,04:19,12:17,15:40,18:52,20:10,2025-05-10
India,Madhya Pradesh,23.2599,77.4126,04:18,12:17,15:40,18:53,20:10,2025-05-11
India,Madhya Pradesh,23.2599,77.4126,04:18,12:17,15:39,18:53,20:11,2025-05-12
India,Madhya Pradesh,23.2599,77.4126,04:17,12:17,15:39,18:54,20:11,2025-05-13
India,Madhya Pradesh,23.2599,77.4126,04:16,12:17,15:39,18:54,20:12,2025-05-14
India,Madhya Pradesh,23.2599,77.4126,04:16,12:17,15:39,18:55,20:13,2025-05-15
India,Madhya Pradesh,23.2599,77.4126,04:15,12:17,15:38,18:55,20:13,2025-05-16
India,Madhya Pradesh,23.2599,77.4126,04:14,12:17,15:38,18:56,20:14,2025-05-17
India,Madhya Pradesh,23.2599,77.4126,04:14,12:17,15:38,18:56,20:15,2025-05-18
India,Madhya Pradesh,23.2599,77.4126,04:13,12:17,15:38,18:57,20:15,2025-05-19
India,Madhya Pradesh,23.2599,77.4126,04:13,12:17,15:38,18:57,20:16,2025-05-20
India,Madhya Pradesh,23.2599,77.4126,04:12,12:17,15:38,18:58,20:17,2025-05-21
India,Madhya Pradesh,23.2599,77.4126,04:12,12:17,15:37,18:58,20:17,2025-05-22
India,Madhya Pradesh,23.2599,77.4126,04:11,12:17,15:37,18:59,20:18,2025-05-23
India,Madhya Pradesh,23.2599,77.4126,04:11,12:17,15:37,18:59,20:19,2025-05-24
India,Madhya Pradesh,23.2599,77.4126,04:10,12:17,15:37,18:59,20:19,2025-05-25
India,Madhya Pradesh,23.2599,77.4126,04:10,12:17,15:37,19:00,20:20,2025-05-26
India,Madhya Pradesh,23.2599,77.4126,04:10,12:18,15:37,19:00,20:20,2025-05-27
India,Madhya Pradesh,23.2599,77.4126,04:09,12:18,15:37,19:01,20:21,2025-05-28
India,Madhya Pradesh,23.2599,77.4126,04:09,12:18,15:37,19:01,20:22,2025-05-29
India,Madhya Pradesh,23.2599,77.4126,04:09,12:18,15:37,19:02,20:22,2025-05-30
India,Madhya Pradesh,23.2599,77.4126,04:08,12:18,15:37,19:02,20:23,2025-05-31
India,Madhya Pradesh,23.2599,77.4126,04:08,12:18,15:37,19:03,20:23,2025-06-01
India,Madhya Pradesh,23.2599,77.4126,04:08,12:18,15:37,19:03,20:24,2025-06-02
India,Madhya Pradesh,23.2599,77.4126,04:08,12:19,15:37,19:03,20:24,2025-06-03
India,Madhya Pradesh,23.2599,77.4126,04:07,12:19,15:37,19:04,20:25,2025-06-04
India,Madhya Pradesh,23.2599,77.4126,04:07,12:19,15:37,19:04,20:25,2025-06-05
India,Madhya Pradesh,23.2599,77.4126,04:07,12:19,15:37,19:05,20:26,2025-06-06
India,Madhya Pradesh,23.2599,77.4126,04:07,12:19,15:37,19:05,20:26,2025-06-07
India,Madhya Pradesh,23.2599,77.4126,04:07,12:20,15:37,19:05,20:27,2025-06-08
India,Madhya Pradesh,23.2599,77.4126,04:07,12:20,15:37,19:06,20:27,2025-06-09
India,Madhya Pradesh,23.2599,77.4126,04:07,12:20,15:37,19:06,20:28,2025-06-10
India,Madhya Pradesh,23.2599,77.4126,04:07,12:20,15:37,19:06,20:28,2025-06-11
India,Madhya Pradesh,23.2599,77.4126,04:07,12:20,15:37,19:07,20:28,2025-06-12
India,Madhya Pradesh,23.2599,77.4126,04:07,12:21,15:37,19:07,20:29,2025-06-13
India,Madhya Pradesh,23.2599,77.4126,04:07,12:21,15:38,19:07,20:29,2025-06-14
India,Madhya Pradesh,23.2599,77.4126,04:07,12:21,15:38,19:08,20:30,2025-06-15
India,Madhya Pradesh,23.2599,77.4126,04:07,12:21,15:38,19:08,20:30,2025-06-16
India,Madhya Pradesh,23.2599,77.4126,04:07,12:21,15:39,19:08,20:30,2025-06-17
India,Madhya Pradesh,23.2599,77.4126,04:07,12:22,15:39,19:09,20:30,2025-06-18
India,Madhya Pradesh,23.2599,77.4126,04:08,12:22,15:39,19:09,20:31,2025-06-19
India,Madhya Pradesh,23.2599,77.4126,04:08,12:22,15:40,19:09,20:31,2025-06-20
India,Madhya Pradesh,23.2599,77.4126,04:08,12:22,15:40,19:09,20:31,2025-06-21
India,Madhya Pradesh,23.2599,77.4126,04:08,12:22,15:40,19:09,20:31,2025-06-22
India,Madhya Pradesh,23.2599,77.4126,04:09,12:23,15:40,19:10,20:32,2025-06-23
India,Madhya Pradesh,23.2599,77.4126,04:09,12:23,15:40,19:10,20:32,2025-06-24
India,Madhya Pradesh,23.2599,77.4126,04:09,12:23,15:40,19:10,20:32,2025-06-25
India,Madhya Pradesh,23.2599,77.4126,04:09,12:23,15:40,19:10,20:32,2025-06-26
India,Madhya Pradesh,23.2599,77.4126,04:10,12:24,15:41,19:10,20:32,2025-06-27
India,Madhya Pradesh,23.2599,77.4126,04:10,12:24,15:41,19:10,20:32,2025-06-28
India,Madhya Pradesh,23.2599,77.4126,04:10,12:24,15:41,19:10,20:32,2025-06-29
India,Madhya Pradesh,23.2599,77.4126,04:11,12:24,15:41,19:10,20:32,2025-06-30
India,Madhya Pradesh,23.2599,77.4126,04:11,12:24,15:42,19:11,20:32,2025-07-01
India,Madhya Pradesh,23.2599,77.4126,04:12,12:25,15:42,19:11,20:32,2025-07-02
India,Madhya Pradesh,23.2599,77.4126,04:12,12:25,15:42,19:11,20:32,2025-07-03
India,Madhya Pradesh,23.2599,77.4126,04:13,12:25,15:42,19:11,20:32,2025-07-04
India,Madhya Pradesh,23.2599,77.4126,04:13,12:25,15:43,19:11,20:32,2025-07-05
India,Madhya Pradesh,23.2599,77.4126,04:14,12:25,15:43,19:10,20:32,2025-07-06
India,Madhya Pradesh,23.2599,77.4126,04:14,12:25,15:43,19:10,20:31,2025-07-07
India,Madhya Pradesh,23.2599,77.4126,04:15,12:26,15:44,19:10,20:31,2025-07-08
India,Madhya Pradesh,23.2599,77.4126,04:15,12:26,15:44,19:10,20:31,2025-07-09
India,Madhya Pradesh,23.2599,77.4126,04:16,12:26,15:44,19:10,20:31,2025-07-10
India,Madhya Pradesh,23.2599,77.4126,04:16,12:26,15:45,19:10,20:30,2025-07-11
India,Madhya Pradesh,23.2599,77.4126,04:17,12:26,15:45,19:10,20:30,2025-07-12
India,Madhya Pradesh,23.2599,77.4126,04:17,12:26,15:45,19:10,20:30,2025-07-13
India,Madhya Pradesh,23.2599,77.4126,04:18,12:26,15:45,19:09,20:29,2025-07-14
India,Madhya Pradesh,23.2599,77.4126,04:18,12:26,15:46,19:09,20:29,2025-07-15
India,Madhya Pradesh,23.2599,77.4126,04:19,12:27,15:46,19:09,20:29,2025-07-16
India,Madhya Pradesh,23.2599,77.4126,04:20,12:27,15:46,19:09,20:28,2025-07-17
India,Madhya Pradesh,23.2599,77.4126,04:20,12:27,15:47,19:08,20:28,2025-07-18
India,Madhya Pradesh,23.2599,77.4126,04:21,12:27,15:47,19:08,20:27,2025-07-19
India,Madhya Pradesh,23.2599,77.4126,04:21,12:27,15:47,19:08,20:27,2025-07-20
India,Madhya Pradesh,23.2599,77.4126,04:22,12:27,15:47,19:07,20:26,2025-07-21
India,Madhya Pradesh,23.2599,77.4126,04:23,12:27,15:48,19:07,20:26,2025-07-22
India,Madhya Pradesh,23.2599,77.4126,04:23,12:27,15:48,19:07,20:25,2025-07-23
India,Madhya Pradesh,23.2599,77.4126,04:24,12:27,15:48,19:06,20:25,2025-07-24
India,Madhya Pradesh,23.2599,77.4126,04:25,12:27,15:48,19:06,20:24,2025-07-25
India,Madhya Pradesh,23.2599,77.4126,04:25,12:27,15:49,19:05,20:24,2025-07-26
India,Madhya Pradesh,23.2599,77.4126,04:26,12:27,15:49,19:05,20:23,2025-07-27
India,Madhya Pradesh,23.2599,77.4126,04:26,12:27,15:49,19:04,20:22,2025-07-28
India,Madhya Pradesh,23.2599,77.4126,04:27,12:27,15:49,19:04,20:22,2025-07-29
India,Madhya Pradesh,23.2599,77.4126,04:28,12:27,15:49,19:03,20:21,2025-07-30
India,Madhya Pradesh,23.2599,77.4126,04:28,12:27,15:50,19:03,20:20,2025-07-31
India,Madhya Pradesh,23.2599,77.4126,04:29,12:27,15:50,19:02,20:19,2025-08-01
India,Madhya Pradesh,23.2599,77.4126,04:30,12:27,15:50,19:02,20:19,2025-08-02
India,Madhya Pradesh,23.2599,77.4126,04:30,12:27,15:50,19:01,20:18,2025-08-03
India,Madhya Pradesh,23.2599,77.4126,04:31,12:26,15:50,19:01,20:17,2025-08-04
India,Madhya Pradesh,23.2599,77.4126,04:31,12:26,15:50,19:00,20:16,2025-08-05
India,Madhya Pradesh,23.2599,77.4126,04:32,12:26,15:50,18:59,20:16,2025-08-06
India,Madhya Pradesh,23.2599,77.4126,04:33,12:26,15:50,18:59,20:15,2025-08-07
India,Madhya Pradesh,23.2599,77.4126,04:33,12:26,15:50,18:58,20:14,2025-08-08
India,Madhya Pradesh,23.2599,77.4126,04:34,12:26,15:50,18:57,20:13,2025-08-09
India,Madhya Pradesh,23.2599,77.4126,04:34,12:26,15:50,18:57,20:12,2025-08-10
India,Madhya Pradesh,23.2599,77.4126,04:35,12:25,15:50,18:56,20:11,2025-08-11
India,Madhya Pradesh,23.2599,77.4126,04:36,12:25,15:50,18:55,20:10,2025-08-12
India,Madhya Pradesh,23.2599,77.4126,04:36,12:25,15:50,18:54,20:09,2025-08-13
India,Madhya Pradesh,23.2599,77.4126,04:37,12:25,15:50,18:54,20:08,2025-08-14
India,Madhya Pradesh,23.2599,77.4126,04:37,12:25,15:50,18:53,20:07,2025-08-15
India,Madhya Pradesh,23.2599,77.4126,04:38,12:25,15:50,18:52,20:07,2025-08-16
India,Madhya Pradesh,23.2599,77.4126,04:38,12:24,15:50,18:51,20:06,2025-08-17
India,Madhya Pradesh,23.2599,77.4126,04:39,12:24,15:50,18:50,20:05,2025-08-18
India,Madhya Pradesh,23.2599,77.4126,04:39,12:24,15:50,18:50,20:04,2025-08-19
India,Madhya Pradesh,23.2599,77.4126,04:40,12:24,15:50,18:49,20:03,2025-08-20
India,Madhya Pradesh,23.2599,77.4126,04:41,12:23,15:50,18:48,20:02,2025-08-21
India,Madhya Pradesh,23.2599,77.4126,04:41,12:23,15:50,18:47,20:01,2025-08-22
India,Madhya Pradesh,23.2599,77.4126,04:42,12:23,15:49,18:46,20:00,2025-08-23
India,Madhya Pradesh,23.2599,77.4126,04:42,12:23,15:49,18:45,19:58,2025-08-24
India,Madhya Pradesh,23.2599,77.4126,04:43,12:22,15:49,18:44,19:57,2025-08-25
India,Madhya Pradesh,23.2599,77.4126,04:43,12:22,15:49,18:43,19:56,2025-08-26
India,Madhya Pradesh,23.2599,77.4126,04:44,12:22,15:49,18:42,19:55,2025-08-27
India,Madhya Pradesh,23.2599,77.4126,04:44,12:21,15:48,18:42,19:54,2025-08-28
India,Madhya Pradesh,23.2599,77.4126,04:44,12:21,15:48,18:41,19:53,2025-08-29
India,Madhya Pradesh,23.2599,77.4126,04:45,12:21,15:48,18:40,19:52,2025-08-30
India,Madhya Pradesh,23.2599,77.4126,04:45,12:21,15:48,18:39,19:51,2025-08-31
India,Madhya Pradesh,23.2599,77.4126,04:46,12:20,15:47,18:38,19:50,2025-09-01
India,Madhya Pradesh,23.2599,77.4126,04:46,12:20,15:47,18:37,19:49,2025-09-02
India,Madhya Pradesh,23.2599,77.4126,04:47,12:20,15:47,18:36,19:48,2025-09-03
India,Madhya Pradesh,23.2599,77.4126,04:47,12:19,15:46,18:35,19:47,2025-09-04
India,Madhya Pradesh,23.2599,77.4126,04:48,12:19,15:46,18:34,19:46,2025-09-05
India,Madhya Pradesh,23.2599,77.4126,04:48,12:19,15:46,18:33,19:45,2025-09-06
India,Madhya Pradesh,23.2599,77.4126,04:48,12:18,15:45,18:32,19:43,2025-09-07
India,Madhya Pradesh,23.2599,77.4126,04:49,12:18,15:45,18:31,19:42,2025-09-08
India,Madhya Pradesh,23.2599,77.4126,04:49,12:18,15:45,18:30,19:41,2025-09-09
India,Madhya Pradesh,23.2599,77.4126,04:50,12:17,15:44,18:29,19:40,2025-09-10
India,Madhya Pradesh,23.2599,77.4126,04:50,12:17,15:44,18:28,19:39,2025-09-11
India,Madhya Pradesh,23.2599,77.4126,04:50,12:16,15:43,18:27,19:38,2025-09-12
India,Madhya Pradesh,23.2599,77.4126,04:51,12:16,15:43,18:26,19:37,2025-09-13
India,Madhya Pradesh,23.2599,77.4126,04:51,12:16,15:42,18:25,19:36,2025-09-14
India,Madhya Pradesh,23.2599,77.4126,04:52,12:15,15:42,18:24,19:35,2025-09-15
India,Madhya Pradesh,23.2599,77.4126,04:52,12:15,15:41,18:23,19:34,2025-09-16
India,Madhya Pradesh,23.2599,77.4126,04:52,12:15,15:41,18:22,19:33,2025-09-17
India,Madhya Pradesh,23.2599,77.4126,04:53,12:14,15:41,18:21,19:31,2025-09-18
India,Madhya Pradesh,23.2599,77.4126,04:53,12:14,15:40,18:20,19:30,2025-09-19
India,Madhya Pradesh,23.2599,77.4126,04:54,12:14,15:40,18:19,19:29,2025-09-20
India,Madhya Pradesh,23.2599,77.4126,04:54,12:13,15:39,18:18,19:28,2025-09-21
India,Madhya Pradesh,23.2599,77.4126,04:54,12:13,15:39,18:17,19:27,2025-09-22
India,Madhya Pradesh,23.2599,77.4126,04:55,12:13,15:38,18:16,19:26,2025-09-23
India,Madhya Pradesh,23.2599,77.4126,04:55,12:12,15:37,18:15,19:25,2025-09-24
India,Madhya Pradesh,23.2599,77.4126,04:55,12:12,15:37,18:14,19:24,2025-09-25
India,Madhya Pradesh,23.2599,77.4126,04:56,12:12,15:36,18:12,19:23,2025-09-26
India,Madhya Pradesh,23.2599,77.4126,04:56,12:11,15:36,18:11,19:22,2025-09-27
India,Madhya Pradesh,23.2599,77.4126,04:56,12:11,15:35,18:10,19:21,2025-09-28
India,Madhya Pradesh,23.2599,77.4126,04:57,12:11,15:35,18:09,19:20,2025-09-29
India,Madhya Pradesh,23.2599,77.4126,04:57,12:10,15:34,18:08,19:19,2025-09-30
India,Madhya Pradesh,23.2599,77.4126,04:57,12:10,15:34,18:07,19:18,2025-10-01
India,Madhya Pradesh,23.2599,77.4126,04:58,12:10,15:33,18:07,19:17,2025-10-02
India,Madhya Pradesh,23.2599,77.4126,04:58,12:09,15:33,18:06,19:16,2025-10-03
India,Madhya Pradesh,23.2599,77.4126,04:58,12:09,15:32,18:05,19:15,2025-10-04
India,Madhya Pradesh,23.2599,77.4126,04:59,12:09,15:31,18:04,19:14,2025-10-05
India,Madhya Pradesh,23.2599,77.4126,04:59,12:08,15:31,18:03,19:13,2025-10-06
India,Madhya Pradesh,23.2599,77.4126,05:00,12:08,15:30,18:02,19:12,2025-10-07
India,Madhya Pradesh,23.2599,77.4126,05:00,12:08,15:30,18:01,19:11,2025-10-08
India,Madhya Pradesh,23.2599,77.4126,05:00,12:07,15:29,18:00,19:10,2025-10-09
India,Madhya Pradesh,23.2599,77.4126,05:01,12:07,15:29,17:59,19:09,2025-10-10
India,Madhya Pradesh,23.2599,77.4126,05:01,12:07,15:28,17:58,19:09,2025-10-11
India,Madhya Pradesh,23.2599,77.4126,05:01,12:07,15:27,17:57,19:08,2025-10-12
India,Madhya Pradesh,23.2599,77.4126,05:02,12:06,15:27,17:56,19:07,2025-10-13
India,Madhya Pradesh,23.2599,77.4126,05:02,12:06,15:26,17:55,19:06,2025-10-14
India,Madhya Pradesh,23.2599,77.4126,05:02,12:06,15:26,17:54,19:05,2025-10-15
India,Madhya Pradesh,23.2599,77.4126,05:03,12:06,15:25,17:54,19:04,2025-10-16
India,Madhya Pradesh,23.2599,77.4126,05:03,12:06,15:25,17:53,19:04,2025-10-17
India,Madhya Pradesh,23.2599,77.4126,05:04,12:05,15:24,17:52,19:03,2025-10-18
India,Madhya Pradesh,23.2599,77.4126,05:04,12:05,15:24,17:51,19:02,2025-10-19
India,Madhya Pradesh,23.2599,77.4126,05:04,12:05,15:23,17:50,19:01,2025-10-20
India,Madhya Pradesh,23.2599,77.4126,05:05,12:05,15:23,17:49,19:01,2025-10-21
India,Madhya Pradesh,23.2599,77.4126,05:05,12:05,15:22,17:49,19:00,2025-10-22
India,Madhya Pradesh,23.2599,77.4126,05:06,12:05,15:22,17:48,18:59,2025-10-23
India,Madhya Pradesh,23.2599,77.4126,05:06,12:04,15:21,17:47,18:59,2025-10-24
India,Madhya Pradesh,23.2599,77.4126,05:06,12:04,15:21,17:46,18:58,2025-10-25
India,Madhya Pradesh,23.2599,77.4126,05:07,12:04,15:20,17:46,18:57,2025-10-26
India,Madhya Pradesh,23.2599,77.4126,05:07,12:04,15:20,17:45,18:57,2025-10-27
India,Madhya Pradesh,23.2599,77.4126,05:08,12:04,15:19,17:44,18:56,2025-10-28
India,Madhya Pradesh,23.2599,77.4126,05:08,12:04,15:19,17:44,18:56,2025-10-29
India,Madhya Pradesh,23.2599,77.4126,05:09,12:04,15:18,17:43,18:55,2025-10-30
India,Madhya Pradesh,23.2599,77.4126,05:09,12:04,15:18,17:42,18:54,2025-10-31
India,Madhya Pradesh,23.2599,77.4126,05:10,12:04,15:18,17:42,18:54,2025-11-01
India,Madhya Pradesh,23.2599,77.4126,05:10,12:04,15:17,17:41,18:53,2025-11-02
India,Madhya Pradesh,23.2599,77.4126,05:10,12:04,15:17,17:41,18:53,2025-11-03
India,Madhya Pradesh,23.2599,77.4126,05:11,12:04,15:16,17:40,18:53,2025-11-04
India,Madhya Pradesh,23.2599,77.4126,05:11,12:04,15:16,17:40,18:52,2025-11-05
India,Madhya Pradesh,23.2599,77.4126,05:12,12:04,15:16,17:39,18:52,2025-11-06
India,Madhya Pradesh,23.2599,77.4126,05:12,12:04,15:15,17:39,18:51,2025-11-07
India,Madhya Pradesh,23.2599,77.4126,05:13,12:04,15:15,17:38,18:51,2025-11-08
India,Madhya Pradesh,23.2599,77.4126,05:13,12:04,15:15,17:38,18:51,2025-11-09
India,Madhya Pradesh,23.2599,77.4126,05:14,12:04,15:15,17:37,18:50,2025-11-10
India,Madhya Pradesh,23.2599,77.4126,05:14,12:04,15:14,17:37,18:50,2025-11-11
India,Madhya Pradesh,23.2599,77.4126,05:15,12:05,15:14,17:36,18:50,2025-11-12
India,Madhya Pradesh,23.2599,77.4126,05:15,12:05,15:14,17:36,18:49,2025-11-13
India,Madhya Pradesh,23.2599,77.4126,05:16,12:05,15:14,17:36,18:49,2025-11-14
India,Madhya Pradesh,23.2599,77.4126,05:17,12:05,15:13,17:35,18:49,2025-11-15
India,Madhya Pradesh,23.2599,77.4126,05:17,12:05,15:13,17:35,18:49,2025-11-16
India,Madhya Pradesh,23.2599,77.4126,05:18,12:05,15:13,17:35,18:49,2025-11-17
India,Madhya Pradesh,23.2599,77.4126,05:18,12:06,15:13,17:35,18:48,2025-11-18
India,Madhya Pradesh,23.2599,77.4126,05:19,12:06,15:13,17:34,18:48,2025-11-19
India,Madhya Pradesh,23.2599,77.4126,05:19,12:06,15:13,17:34,18:48,2025-11-20
India,Madhya Pradesh,23.2599,77.4126,05:20,12:06,15:13,17:34,18:48,2025-11-21
India,Madhya Pradesh,23.2599,77.4126,05:21,12:07,15:13,17:34,18:48,2025-11-22
India,Madhya Pradesh,23.2599,77.4126,05:21,12:07,15:13,17:34,18:48,2025-11-23
India,Madhya Pradesh,23.2599,77.4126,05:22,12:07,15:13,17:34,18:48,2025-11-24
India,Madhya Pradesh,23.2599,77.4126,05:22,12:07,15:13,17:34,18:48,2025-11-25
India,Madhya Pradesh,23.2599,77.4126,05:23,12:08,15:13,17:34,18:48,2025-11-26
India,Madhya Pradesh,23.2599,77.4126,05:23,12:08,15:13,17:34,18:48,2025-11-27
India,Madhya Pradesh,23.2599,77.4126,05:24,12:08,15:13,17:34,18:48,2025-11-28
India,Madhya Pradesh,23.2599,77.4126,05:25,12:09,15:13,17:34,18:48,2025-11-29
India,Madhya Pradesh,23.2599,77.4126,05:25,12:09,15:13,17:34,18:49,2025-11-30
India,Madhya Pradesh,23.2599,77.4126,05:26,12:10,15:13,17:34,18:49,2025-12-01
India,Madhya Pradesh,23.2599,77.4126,05:26,12:10,15:13,17:34,18:49,2025-12-02
India,Madhya Pradesh,23.2599,77.4126,05:27,12:10,15:13,17:34,18:49,2025-12-03
India,Madhya Pradesh,23.2599,77.4126,05:28,12:11,15:14,17:34,18:49,2025-12-04
India,Madhya Pradesh,23.2599,77.4126,05:28,12:11,15:14,17:34,18:50,2025-12-05
India,Madhya Pradesh,23.2599,77.4126,05:29,12:12,15:14,17:34,18:50,2025-12-06
India,Madhya Pradesh,23.2599,77.4126,05:29,12:12,15:14,17:35,18:50,2025-12-07
India,Madhya Pradesh,23.2599,77.4126,05:30,12:12,15:14,17:35,18:50,2025-12-08
India,Madhya Pradesh,23.2599,77.4126,05:31,12:13,15:15,17:35,18:51,2025-12-09
India,Madhya Pradesh,23.2599,77.4126,05:31,12:13,15:15,17:35,18:51,2025-12-10
India,Madhya Pradesh,23.2599,77.4126,05:32,12:14,15:15,17:36,18:51,2025-12-11
India,Madhya Pradesh,23.2599,77.4126,05:32,12:14,15:16,17:36,18:52,2025-12-12
India,Madhya Pradesh,23.2599,77.4126,05:33,12:15,15:16,17:36,18:52,2025-12-13
India,Madhya Pradesh,23.2599,77.4126,05:33,12:15,15:16,17:37,18:52,2025-12-14
India,Madhya Pradesh,23.2599,77.4126,05:34,12:16,15:17,17:37,18:53,2025-12-15
India,Madhya Pradesh,23.2599,77.4126,05:34,12:16,15:17,17:37,18:53,2025-12-16
India,Madhya Pradesh,23.2599,77.4126,05:35,12:17,15:18,17:38,18:54,2025-12-17
India,Madhya Pradesh,23.2599,77.4126,05:36,12:17,15:18,17:38,18:54,2025-12-18
India,Madhya Pradesh,23.2599,77.4126,05:36,12:18,15:19,17:39,18:55,2025-12-19
India,Madhya Pradesh,23.2599,77.4126,05:37,12:18,15:19,17:39,18:55,2025-12-20
India,Madhya Pradesh,23.2599,77.4126,05:37,12:19,15:20,17:40,18:56,2025-12-21
India,Madhya Pradesh,23.2599,77.4126,05:38,12:19,15:20,17:40,18:56,2025-12-22
India,Madhya Pradesh,23.2599,77.4126,05:38,12:20,15:21,17:41,18:57,2025-12-23
India,Madhya Pradesh,23.2599,77.4126,05:39,12:20,15:21,17:41,18:57,2025-12-24
India,Madhya Pradesh,23.2599,77.4126,05:39,12:21,15:22,17:42,18:58,2025-12-25
India,Madhya Pradesh,23.2599,77.4126,05:39,12:21,15:22,17:42,18:58,2025-12-26
India,Madhya Pradesh,23.2599,77.4126,05:40,12:22,15:23,17:43,18:59,2025-12-27
India,Madhya Pradesh,23.2599,77.4126,05:40,12:22,15:23,17:44,18:59,2025-12-28
India,Madhya Pradesh,23.2599,77.4126,05:41,12:23,15:24,17:44,19:00,2025-12-29
India,Madhya Pradesh,23.2599,77.4126,05:41,12:23,15:25,17:45,19:00,2025-12-30
India,Madhya Pradesh,23.2599,77.4126,05:41,12:24,15:25,17:45,19:01,2025-12-31
India,Maharashtra,19.076,72.8777,05:54,12:42,15:50,18:12,19:26,2025-01-01
India,Maharashtra,19.076,72.8777,05:54,12:43,15:51,18:13,19:27,2025-01-02
India,Maharashtra,19.076,72.8777,05:55,12:43,15:52,18:14,19:27,2025-01-03
India,Maharashtra,19.076,72.8777,05:55,12:44,15:52,18:14,19:28,2025-01-04
India,Maharashtra,19.076,72.8777,05:55,12:44,15:53,18:15,19:28,2025-01-05
India,Maharashtra,19.076,72.8777,05:56,12:45,15:53,18:16,19:29,2025-01-06
India,Maharashtra,19.076,72.8777,05:56,12:45,15:54,18:16,19:29,2025-01-07
India,Maharashtra,19.076,72.8777,05:56,12:45,15:55,18:17,19:30,2025-01-08
India,Maharashtra,19.076,72.8777,05:57,12:46,15:55,18:18,19:31,2025-01-09
India,Maharashtra,19.076,72.8777,05:57,12:46,15:56,18:18,19:31,2025-01-10
India,Maharashtra,19.076,72.8777,05:57,12:47,15:56,18:19,19:32,2025-01-11
India,Maharashtra,19.076,72.8777,05:57,12:47,15:57,18:19,19:32,2025-01-12
India,Maharashtra,19.076,72.8777,05:57,12:47,15:58,18:20,19:33,2025-01-13
India,Maharashtra,19.076,72.8777,05:58,12:48,15:58,18:21,19:33,2025-01-14
India,Maharashtra,19.076,72.8777,05:58,12:48,15:59,18:21,19:34,2025-01-15
India,Maharashtra,19.076,72.8777,05:58,12:48,15:59,18:22,19:34,2025-01-16
India,Maharashtra,19.076,72.8777,05:58,12:49,16:00,18:23,19:35,2025-01-17
India,Maharashtra,19.076,72.8777,05:58,12:49,16:00,18:23,19:36,2025-01-18
India,Maharashtra,19.076,72.8777,05:58,12:49,16:01,18:24,19:36,2025-01-19
India,Maharashtra,19.076,72.8777,05:58,12:50,16:01,18:25,19:37,2025-01-20
India,Maharashtra,19.076,72.8777,05:58,12:50,16:02,18:25,19:37,2025-01-21
India,Maharashtra,19.076,72.8777,05:58,12:50,16:02,18:26,19:38,2025-01-22
India,Maharashtra,19.076,72.8777,05:58,12:50,16:03,18:26,19:38,2025-01-23
India,Maharashtra,19.076,72.8777,05:58,12:51,16:03,18:27,19:39,2025-01-24
India,Maharashtra,19.076,72.8777,05:58,12:51,16:04,18:28,19:39,2025-01-25
India,Maharashtra,19.076,72.8777,05:58,12:51,16:04,18:28,19:40,2025-01-26
India,Maharashtra,19.076,72.8777,05:58,12:51,16:05,18:29,19:40,2025-01-27
India,Maharashtra,19.076,72.8777,05:58,12:51,16:05,18:29,19:41,2025-01-28
India,Maharashtra,19.076,72.8777,05:58,12:52,16:06,18:30,19:41,2025-01-29
India,Maharashtra,19.076,72.8777,05:58,12:52,16:06,18:31,19:42,2025-01-30
India,Maharashtra,19.076,72.8777,05:58,12:52,16:07,18:31,19:42,2025-01-31
India,Maharashtra,19.076,72.8777,05:57,12:52,16:07,18:32,19:43,2025-02-01
India,Maharashtra,19.076,72.8777,05:57,12:52,16:07,18:32,19:43,2025-02-02
India,Maharashtra,19.076,72.8777,05:57,12:52,16:08,18:33,19:43,2025-02-03
India,Maharashtra,19.076,72.8777,05:57,12:52,16:08,18:33,19:44,2025-02-04
India,Maharashtra,19.076,72.8777,05:56,12:52,16:09,18:34,19:44,2025-02-05
India,Maharashtra,19.076,72.8777,05:56,12:53,16:09,18:34,19:45,2025-02-06
India,Maharashtra,19.076,72.8777,05:56,12:53,16:09,18:35,19:45,2025-02-07
India,Maharashtra,19.076,72.8777,05:55,12:53,16:10,18:35,19:46,2025-02-08
India,Maharashtra,19.076,72.8777,05:55,12:53,16:10,18:36,19:46,2025-02-09
India,Maharashtra,19.076,72.8777,05:55,12:53,16:10,18:36,19:46,2025-02-10
India,Maharashtra,19.076,72.8777,05:54,12:53,16:10,18:37,19:47,2025-02-11
India,Maharashtra,19.076,72.8777,05:54,12:53,16:11,18:37,19:47,2025-02-12
India,Maharashtra,19.076,72.8777,05:54,12:53,16:11,18:38,19:48,2025-02-13
India,Maharashtra,19.076,72.8777,05:53,12:53,16:11,18:38,19:48,2025-02-14
India,Maharashtra,19.076,72.8777,05:53,12:53,16:11,18:39,19:48,2025-02-15
India,Maharashtra,19.076,72.8777,05:52,12:52,16:11,18:39,19:49,2025-02-16
India,Maharashtra,19.076,72.8777,05:52,12:52,16:12,18:40,19:49,2025-02-17
India,Maharashtra,19.076,72.8777,05:51,12:52,16:12,18:40,19:49,2025-02-18
India,Maharashtra,19.076,72.8777,05:51,12:52,16:12,18:40,19:50,2025-02-19
India,Maharashtra,19.076,72.8777,05:50,12:52,16:12,18:41,19:50,2025-02-20
India,Maharashtra,19.076,72.8777,05:49,12:52,16:12,18:41,19:50,2025-02-21
India,Maharashtra,19.076,72.8777,05:49,12:52,16:12,18:42,19:51,2025-02-22
India,Maharashtra,19.076,72.8777,05:48,12:52,16:12,18:42,19:51,2025-02-23
India,Maharashtra,19.076,72.8777,05:48,12:52,16:12,18:42,19:51,2025-02-24
India,Maharashtra,19.076,72.8777,05:47,12:51,16:12,18:43,19:52,2025-02-25
India,Maharashtra,19.076,72.8777,05:46,12:51,16:12,18:43,19:52,2025-02-26
India,Maharashtra,19.076,72.8777,05:46,12:51,16:12,18:43,19:52,2025-02-27
India,Maharashtra,19.076,72.8777,05:45,12:51,16:12,18:44,19:52,2025-02-28
India,Maharashtra,19.076,72.8777,05:44,12:51,16:12,18:44,19:53,2025-03-01
India,Maharashtra,19.076,72.8777,05:44,12:51,16:12,18:44,19:53,2025-03-02
India,Maharashtra,19.076,72.8777,05:43,12:50,16:12,18:45,19:53,2025-03-03
India,Maharashtra,19.076,72.8777,05:42,12:50,16:12,18:45,19:54,2025-03-04
India,Maharashtra,19.076,72.8777,05:42,12:50,16:12,18:45,19:54,2025-03-05
India,Maharashtra,19.076,72.8777,05:41,12:50,16:12,18:46,19:54,2025-03-06
India,Maharashtra,19.076,72.8777,05:40,12:49,16:12,18:46,19:55,2025-03-07
India,Maharashtra,19.076,72.8777,05:39,12:49,16:12,18:46,19:55,2025-03-08
India,Maharashtra,19.076,72.8777,05:38,12:49,16:12,18:47,19:55,2025-03-09
India,Maharashtra,19.076,72.8777,05:38,12:49,16:12,18:47,19:55,2025-03-10
India,Maharashtra,19.076,72.8777,05:37,12:48,16:11,18:47,19:56,2025-03-11
India,Maharashtra,19.076,72.8777,05:36,12:48,16:11,18:47,19:56,2025-03-12
India,Maharashtra,19.076,72.8777,05:35,12:48,16:11,18:48,19:56,2025-03-13
India,Maharashtra,19.076,72.8777,05:34,12:48,16:11,18:48,19:56,2025-03-14
India,Maharashtra,19.076,72.8777,05:34,12:47,16:11,18:48,19:57,2025-03-15
India,Maharashtra,19.076,72.8777,05:33,12:47,16:10,18:49,19:57,2025-03-16
India,Maharashtra,19.076,72.8777,05:32,12:47,16:10,18:49,19:57,2025-03-17
India,Maharashtra,19.076,72.8777,05:31,12:46,16:10,18:49,19:58,2025-03-18
India,Maharashtra,19.076,72.8777,05:30,12:46,16:10,18:49,19:58,2025-03-19
India,Maharashtra,19.076,72.8777,05:29,12:46,16:09,18:50,19:58,2025-03-20
India,Maharashtra,19.076,72.8777,05:28,12:46,16:09,18:50,19:58,2025-03-21
India,Maharashtra,19.076,72.8777,05:28,12:45,16:09,18:50,19:59,2025-03-22
India,Maharashtra,19.076,72.8777,05:27,12:45,16:08,18:50,19:59,2025-03-23
India,Maharashtra,19.076,72.8777,05:26,12:45,16:08,18:51,19:59,2025-03-24
India,Maharashtra,19.076,72.8777,05:25,12:44,16:08,18:51,20:00,2025-03-25
India,Maharashtra,19.076,72.8777,05:24,12:44,16:07,18:51,20:00,2025-03-26
India,Maharashtra,19.076,72.8777,05:23,12:44,16:07,18:51,20:00,2025-03-27
India,Maharashtra,19.076,72.8777,05:22,12:43,16:07,18:51,20:00,2025-03-28
India,Maharashtra,19.076,72.8777,05:21,12:43,16:06,18:52,20:01,2025-03-29
India,Maharashtra,19.076,72.8777,05:20,12:43,16:06,18:52,20:01,2025-03-30
India,Maharashtra,19.076,72.8777,05:19,12:43,16:06,18:52,20:01,2025-03-31
India,Maharashtra,19.076,72.8777,05:18,12:42,16:05,18:52,20:02,2025-04-01
India,Maharashtra,19.076,72.8777,05:18,12:42,16:05,18:53,20:02,2025-04-02
India,Maharashtra,19.076,72.8777,05:17,12:42,16:04,18:53,20:02,2025-04-03
India,Maharashtra,19.076,72.8777,05:16,12:41,16:04,18:53,20:03,2025-04-04
India,Maharashtra,19.076,72.8777,05:15,12:41,16:04,18:53,20:03,2025-04-05
India,Maharashtra,19.076,72.8777,05:14,12:41,16:03,18:54,20:03,2025-04-06
India,Maharashtra,19.076,72.8777,05:13,12:40,16:03,18:54,20:04,2025-04-07
India,Maharashtra,19.076,72.8777,05:12,12:40,16:02,18:54,20:04,2025-04-08
India,Maharashtra,19.076,72.8777,05:11,12:40,16:02,18:54,20:04,2025-04-09
India,Maharashtra,19.076,72.8777,05:10,12:40,16:01,18:55,20:05,2025-04-10
India,Maharashtra,19.076,72.8777,05:09,12:39,16:01,18:55,20:05,2025-04-11
India,Maharashtra,19.076,72.8777,05:08,12:39,16:00,18:55,20:05,2025-04-12
India,Maharashtra,19.076,72.8777,05:08,12:39,16:00,18:55,20:06,2025-04-13
India,Maharashtra,19.076,72.8777,05:07,12:39,16:00,18:56,20:06,2025-04-14
India,Maharashtra,19.076,72.8777,05:06,12:38,15:59,18:56,20:07,2025-04-15
India,Maharashtra,19.076,72.8777,05:05,12:38,15:59,18:56,20:07,2025-04-16
India,Maharashtra,19.076,72.8777,05:04,12:38,15:58,18:57,20:07,2025-04-17
India,Maharashtra,19.076,72.8777,05:03,12:38,15:58,18:57,20:08,2025-04-18
India,Maharashtra,19.076,72.8777,05:02,12:38,15:57,18:57,20:08,2025-04-19
India,Maharashtra,19.076,72.8777,05:01,12:37,15:57,18:57,20:09,2025-04-20
India,Maharashtra,19.076,72.8777,05:01,12:37,15:56,18:58,20:09,2025-04-21
India,Maharashtra,19.076,72.8777,05:00,12:37,15:56,18:58,20:10,2025-04-22
India,Maharashtra,19.076,72.8777,04:59,12:37,15:55,18:58,20:10,2025-04-23
India,Maharashtra,19.076,72.8777,04:58,12:37,15:55,18:59,20:10,2025-04-24
India,Maharashtra,19.076,72.8777,04:57,12:36,15:54,18:59,20:11,2025-04-25
India,Maharashtra,19.076,72.8777,04:57,12:36,15:54,18:59,20:11,2025-04-26
India,Maharashtra,19.076,72.8777,04:56,12:36,15:53,19:00,20:12,2025-04-27
India,Maharashtra,19.076,72.8777,04:55,12:36,15:53,19:00,20:12,2025-04-28
India,Maharashtra,19.076,72.8777,04:54,12:36,15:52,19:00,20:13,2025-04-29
India,Maharashtra,19.076,72.8777,04:54,12:36,15:52,19:01,20:13,2025-04-30
India,Maharashtra,19.076,72.8777,04:53,12:36,15:52,19:01,20:14,2025-05-01
India,Maharashtra,19.076,72.8777,04:52,12:35,15:51,19:01,20:14,2025-05-02
India,Maharashtra,19.076,72.8777,04:51,12:35,15:51,19:02,20:15,2025-05-03
India,Maharashtra,19.076,72.8777,04:51,12:35,15:50,19:02,20:15,2025-05-04
India,Maharashtra,19.076,72.8777,04:50,12:35,15:50,19:02,20:16,2025-05-05
India,Maharashtra,19.076,72.8777,04:49,12:35,15:49,19:03,20:16,2025-05-06
India,Maharashtra,19.076,72.8777,04:49,12:35,15:49,19:03,20:17,2025-05-07
India,Maharashtra,19.076,72.8777,04:48,12:35,15:49,19:03,20:17,2025-05-08
India,Maharashtra,19.076,72.8777,04:47,12:35,15:48,19:04,20:18,2025-05-09
India,Maharashtra,19.076,72.8777,04:47,12:35,15:48,19:04,20:18,2025-05-10
India,Maharashtra,19.076,72.8777,04:46,12:35,15:47,19:05,20:19,2025-05-11
India,Maharashtra,19.076,72.8777,04:46,12:35,15:47,19:05,20:19,2025-05-12
India,Maharashtra,19.076,72.8777,04:45,12:35,15:47,19:05,20:20,2025-05-13
India,Maharashtra,19.076,72.8777,04:44,12:35,15:46,19:06,20:20,2025-05-14
India,Maharashtra,19.076,72.8777,04:44,12:35,15:46,19:06,20:21,2025-05-15
India,Maharashtra,19.076,72.8777,04:43,12:35,15:47,19:06,20:22,2025-05-16
India,Maharashtra,19.076,72.8777,04:43,12:35,15:47,19:07,20:22,2025-05-17
India,Maharashtra,19.076,72.8777,04:43,12:35,15:48,19:07,20:23,2025-05-18
India,Maharashtra,19.076,72.8777,04:42,12:35,15:48,19:08,20:23,2025-05-19
India,Maharashtra,19.076,72.8777,04:42,12:35,15:49,19:08,20:24,2025-05-20
India,Maharashtra,19.076,72.8777,04:41,12:35,15:50,19:08,20:24,2025-05-21
India,Maharashtra,19.076,72.8777,04:41,12:35,15:50,19:09,20:25,2025-05-22
India,Maharashtra,19.076,72.8777,04:40,12:35,15:51,19:09,20:25,2025-05-23
India,Maharashtra,19.076,72.8777,04:40,12:35,15:51,19:10,20:26,2025-05-24
India,Maharashtra,19.076,72.8777,04:40,12:35,15:52,19:10,20:26,2025-05-25
India,Maharashtra,19.076,72.8777,04:39,12:36,15:52,19:10,20:27,2025-05-26
India,Maharashtra,19.076,72.8777,04:39,12:36,15:53,19:11,20:27,2025-05-27
India,Maharashtra,19.076,72.8777,04:39,12:36,15:54,19:11,20:28,2025-05-28
India,Maharashtra,19.076,72.8777,04:39,12:36,15:54,19:12,20:28,2025-05-29
India,Maharashtra,19.076,72.8777,04:38,12:36,15:55,19:12,20:29,2025-05-30
India,Maharashtra,19.076,72.8777,04:38,12:36,15:55,19:12,20:29,2025-05-31
India,Maharashtra,19.076,72.8777,04:38,12:36,15:56,19:13,20:30,2025-06-01
India,Maharashtra,19.076,72.8777,04:38,12:37,15:56,19:13,20:30,2025-06-02
India,Maharashtra,19.076,72.8777,04:38,12:37,15:57,19:13,20:31,2025-06-03
India,Maharashtra,19.076,72.8777,04:38,12:37,15:57,19:14,20:31,2025-06-04
India,Maharashtra,19.076,72.8777,04:38,12:37,15:57,19:14,20:32,2025-06-05
India,Maharashtra,19.076,72.8777,04:37,12:37,15:58,19:14,20:32,2025-06-06
India,Maharashtra,19.076,72.8777,04:37,12:37,15:58,19:15,20:33,2025-06-07
India,Maharashtra,19.076,72.8777,04:37,12:38,15:59,19:15,20:33,2025-06-08
India,Maharashtra,19.076,72.8777,04:37,12:38,15:59,19:15,20:33,2025-06-09
India,Maharashtra,19.076,72.8777,04:37,12:38,15:59,19:16,20:34,2025-06-10
India,Maharashtra,19.076,72.8777,04:37,12:38,16:00,19:16,20:34,2025-06-11
India,Maharashtra,19.076,72.8777,04:37,12:38,16:00,19:16,20:34,2025-06-12
India,Maharashtra,19.076,72.8777,04:38,12:39,16:01,19:17,20:35,2025-06-13
India,Maharashtra,19.076,72.8777,04:38,12:39,16:01,19:17,20:35,2025-06-14
India,Maharashtra,19.076,72.8777,04:38,12:39,16:01,19:17,20:35,2025-06-15
India,Maharashtra,19.076,72.8777,04:38,12:39,16:01,19:18,20:36,2025-06-16
India,Maharashtra,19.076,72.8777,04:38,12:40,16:02,19:18,20:36,2025-06-17
India,Maharashtra,19.076,72.8777,04:38,12:40,16:02,19:18,20:36,2025-06-18
India,Maharashtra,19.076,72.8777,04:38,12:40,16:02,19:18,20:37,2025-06-19
India,Maharashtra,19.076,72.8777,04:39,12:40,16:02,19:19,20:37,2025-06-20
India,Maharashtra,19.076,72.8777,04:39,12:40,16:03,19:19,20:37,2025-06-21
India,Maharashtra,19.076,72.8777,04:39,12:41,16:03,19:19,20:37,2025-06-22
India,Maharashtra,19.076,72.8777,04:39,12:41,16:03,19:19,20:37,2025-06-23
India,Maharashtra,19.076,72.8777,04:40,12:41,16:03,19:19,20:38,2025-06-24
India,Maharashtra,19.076,72.8777,04:40,12:41,16:03,19:20,20:38,2025-06-25
India,Maharashtra,19.076,72.8777,04:40,12:41,16:04,19:20,20:38,2025-06-26
India,Maharashtra,19.076,72.8777,04:40,12:42,16:04,19:20,20:38,2025-06-27
India,Maharashtra,19.076,72.8777,04:41,12:42,16:04,19:20,20:38,2025-06-28
India,Maharashtra,19.076,72.8777,04:41,12:42,16:04,19:20,20:38,2025-06-29
India,Maharashtra,19.076,72.8777,04:41,12:42,16:04,19:20,20:38,2025-06-30
India,Maharashtra,19.076,72.8777,04:42,12:42,16:04,19:20,20:38,2025-07-01
India,Maharashtra,19.076,72.8777,04:42,12:43,16:04,19:20,20:38,2025-07-02
India,Maharashtra,19.076,72.8777,04:43,12:43,16:04,19:20,20:38,2025-07-03
India,Maharashtra,19.076,72.8777,04:43,12:43,16:04,19:20,20:38,2025-07-04
India,Maharashtra,19.076,72.8777,04:43,12:43,16:04,19:20,20:38,2025-07-05
India,Maharashtra,19.076,72.8777,04:44,12:43,16:04,19:20,20:38,2025-07-06
India,Maharashtra,19.076,72.8777,04:44,12:44,16:04,19:20,20:38,2025-07-07
India,Maharashtra,19.076,72.8777,04:45,12:44,16:03,19:20,20:38,2025-07-08
India,Maharashtra,19.076,72.8777,04:45,12:44,16:03,19:20,20:37,2025-07-09
India,Maharashtra,19.076,72.8777,04:46,12:44,16:03,19:20,20:37,2025-07-10
India,Maharashtra,19.076,72.8777,04:46,12:44,16:03,19:20,20:37,2025-07-11
India,Maharashtra,19.076,72.8777,04:47,12:44,16:03,19:20,20:37,2025-07-12
India,Maharashtra,19.076,72.8777,04:47,12:44,16:02,19:20,20:37,2025-07-13
India,Maharashtra,19.076,72.8777,04:48,12:44,16:02,19:20,20:36,2025-07-14
India,Maharashtra,19.076,72.8777,04:48,12:45,16:02,19:20,20:36,2025-07-15
India,Maharashtra,19.076,72.8777,04:49,12:45,16:01,19:19,20:36,2025-07-16
India,Maharashtra,19.076,72.8777,04:49,12:45,16:01,19:19,20:35,2025-07-17
India,Maharashtra,19.076,72.8777,04:50,12:45,16:01,19:19,20:35,2025-07-18
India,Maharashtra,19.076,72.8777,04:50,12:45,16:00,19:19,20:35,2025-07-19
India,Maharashtra,19.076,72.8777,04:51,12:45,16:00,19:18,20:34,2025-07-20
India,Maharashtra,19.076,72.8777,04:51,12:45,15:59,19:18,20:34,2025-07-21
India,Maharashtra,19.076,72.8777,04:52,12:45,15:59,19:18,20:34,2025-07-22
India,Maharashtra,19.076,72.8777,04:52,12:45,15:58,19:18,20:33,2025-07-23
India,Maharashtra,19.076,72.8777,04:53,12:45,15:58,19:17,20:33,2025-07-24
India,Maharashtra,19.076,72.8777,04:53,12:45,15:57,19:17,20:32,2025-07-25
India,Maharashtra,19.076,72.8777,04:54,12:45,15:57,19:17,20:32,2025-07-26
India,Maharashtra,19.076,72.8777,04:54,12:45,15:56,19:16,20:31,2025-07-27
India,Maharashtra,19.076,72.8777,04:55,12:45,15:57,19:16,20:31,2025-07-28
India,Maharashtra,19.076,72.8777,04:55,12:45,15:57,19:15,20:30,2025-07-29
India,Maharashtra,19.076,72.8777,04:56,12:45,15:57,19:15,20:29,2025-07-30
India,Maharashtra,19.076,72.8777,04:56,12:45,15:57,19:15,20:29,2025-07-31
India,Maharashtra,19.076,72.8777,04:57,12:45,15:58,19:14,20:28,2025-08-01
India,Maharashtra,19.076,72.8777,04:57,12:45,15:58,19:14,20:28,2025-08-02
India,Maharashtra,19.076,72.8777,04:58,12:45,15:58,19:13,20:27,2025-08-03
India,Maharashtra,19.076,72.8777,04:58,12:45,15:59,19:13,20:26,2025-08-04
India,Maharashtra,19.076,72.8777,04:59,12:44,15:59,19:12,20:26,2025-08-05
India,Maharashtra,19.076,72.8777,04:59,12:44,15:59,19:12,20:25,2025-08-06
India,Maharashtra,19.076,72.8777,05:00,12:44,15:59,19:11,20:24,2025-08-07
India,Maharashtra,19.076,72.8777,05:00,12:44,15:59,19:10,20:24,2025-08-08
India,Maharashtra,19.076,72.8777,05:00,12:44,16:00,19:10,20:23,2025-08-09
India,Maharashtra,19.076,72.8777,05:01,12:44,16:00,19:09,20:22,2025-08-10
India,Maharashtra,19.076,72.8777,05:01,12:44,16:00,19:09,20:21,2025-08-11
India,Maharashtra,19.076,72.8777,05:02,12:43,16:00,19:08,20:21,2025-08-12
India,Maharashtra,19.076,72.8777,05:02,12:43,16:00,19:07,20:20,2025-08-13
India,Maharashtra,19.076,72.8777,05:03,12:43,16:00,19:07,20:19,2025-08-14
India,Maharashtra,19.076,72.8777,05:03,12:43,16:00,19:06,20:18,2025-08-15
India,Maharashtra,19.076,72.8777,05:04,12:43,16:01,19:05,20:17,2025-08-16
India,Maharashtra,19.076,72.8777,05:04,12:42,16:01,19:05,20:16,2025-08-17
India,Maharashtra,19.076,72.8777,05:04,12:42,16:01,19:04,20:16,2025-08-18
India,Maharashtra,19.076,72.8777,05:05,12:42,16:01,19:03,20:15,2025-08-19
India,Maharashtra,19.076,72.8777,05:05,12:42,16:01,19:03,20:14,2025-08-20
India,Maharashtra,19.076,72.8777,05:06,12:42,16:01,19:02,20:13,2025-08-21
India,Maharashtra,19.076,72.8777,05:06,12:41,16:01,19:01,20:12,2025-08-22
India,Maharashtra,19.076,72.8777,05:06,12:41,16:01,19:00,20:11,2025-08-23
India,Maharashtra,19.076,72.8777,05:07,12:41,16:01,19:00,20:10,2025-08-24
India,Maharashtra,19.076,72.8777,05:07,12:40,16:01,18:59,20:09,2025-08-25
India,Maharashtra,19.076,72.8777,05:07,12:40,16:01,18:58,20:09,2025-08-26
India,Maharashtra,19.076,72.8777,05:08,12:40,16:01,18:57,20:08,2025-08-27
India,Maharashtra,19.076,72.8777,05:08,12:40,16:01,18:56,20:07,2025-08-28
India,Maharashtra,19.076,72.8777,05:08,12:39,16:00,18:56,20:06,2025-08-29
India,Maharashtra,19.076,72.8777,05:09,12:39,16:00,18:55,20:05,2025-08-30
India,Maharashtra,19.076,72.8777,05:09,12:39,16:00,18:54,20:04,2025-08-31
India,Maharashtra,19.076,72.8777,05:09,12:38,16:00,18:53,20:03,2025-09-01
India,Maharashtra,19.076,72.8777,05:10,12:38,16:00,18:52,20:02,2025-09-02
India,Maharashtra,19.076,72.8777,05:10,12:38,16:00,18:51,20:01,2025-09-03
India,Maharashtra,19.076,72.8777,05:10,12:37,16:00,18:51,20:00,2025-09-04
India,Maharashtra,19.076,72.8777,05:10,12:37,15:59,18:50,19:59,2025-09-05
India,Maharashtra,19.076,72.8777,05:11,12:37,15:59,18:49,19:58,2025-09-06
India,Maharashtra,19.076,72.8777,05:11,12:36,15:59,18:48,19:57,2025-09-07
India,Maharashtra,19.076,72.8777,05:11,12:36,15:59,18:47,19:56,2025-09-08
India,Maharashtra,19.076,72.8777,05:12,12:36,15:59,18:46,19:55,2025-09-09
India,Maharashtra,19.076,72.8777,05:12,12:35,15:58,18:45,19:54,2025-09-10
India,Maharashtra,19.076,72.8777,05:12,12:35,15:58,18:44,19:54,2025-09-11
India,Maharashtra,19.076,72.8777,05:12,12:35,15:58,18:44,19:53,2025-09-12
India,Maharashtra,19.076,72.8777,05:13,12:34,15:57,18:43,19:52,2025-09-13
India,Maharashtra,19.076,72.8777,05:13,12:34,15:57,18:42,19:51,2025-09-14
India,Maharashtra,19.076,72.8777,05:13,12:34,15:57,18:41,19:50,2025-09-15
India,Maharashtra,19.076,72.8777,05:13,12:33,15:57,18:40,19:49,2025-09-16
India,Maharashtra,19.076,72.8777,05:14,12:33,15:56,18:39,19:48,2025-09-17
India,Maharashtra,19.076,72.8777,05:14,12:32,15:56,18:38,19:47,2025-09-18
India,Maharashtra,19.076,72.8777,05:14,12:32,15:56,18:37,19:46,2025-09-19
India,Maharashtra,19.076,72.8777,05:14,12:32,15:55,18:36,19:45,2025-09-20
India,Maharashtra,19.076,72.8777,05:14,12:31,15:55,18:35,19:44,2025-09-21
India,Maharashtra,19.076,72.8777,05:15,12:31,15:55,18:35,19:43,2025-09-22
India,Maharashtra,19.076,72.8777,05:15,12:31,15:54,18:34,19:42,2025-09-23
India,Maharashtra,19.076,72.8777,05:15,12:30,15:54,18:33,19:41,2025-09-24
India,Maharashtra,19.076,72.8777,05:15,12:30,15:53,18:32,19:40,2025-09-25
India,Maharashtra,19.076,72.8777,05:16,12:30,15:53,18:31,19:40,2025-09-26
India,Maharashtra,19.076,72.8777,05:16,12:29,15:53,18:30,19:39,2025-09-27
India,Maharashtra,19.076,72.8777,05:16,12:29,15:52,18:29,19:38,2025-09-28
India,Maharashtra,19.076,72.8777,05:16,12:29,15:52,18:28,19:37,2025-09-29
India,Maharashtra,19.076,72.8777,05:16,12:28,15:51,18:28,19:36,2025-09-30
India,Maharashtra,19.076,72.8777,05:17,12:28,15:51,18:27,19:35,2025-10-01
India,Maharashtra,19.076,72.8777,05:17,12:28,15:51,18:26,19:34,2025-10-02
India,Maharashtra,19.076,72.8777,05:17,12:27,15:50,18:25,19:33,2025-10-03
India,Maharashtra,19.076,72.8777,05:17,12:27,15:50,18:24,19:33,2025-10-04
India,Maharashtra,19.076,72.8777,05:17,12:27,15:49,18:23,19:32,2025-10-05
India,Maharashtra,19.076,72.8777,05:18,12:26,15:49,18:23,19:31,2025-10-06
India,Maharashtra,19.076,72.8777,05:18,12:26,15:48,18:22,19:30,2025-10-07
India,Maharashtra,19.076,72.8777,05:18,12:26,15:48,18:21,19:29,2025-10-08
India,Maharashtra,19.076,72.8777,05:18,12:26,15:48,18:20,19:29,2025-10-09
India,Maharashtra,19.076,72.8777,05:19,12:25,15:47,18:19,19:28,2025-10-10
India,Maharashtra,19.076,72.8777,05:19,12:25,15:47,18:19,19:27,2025-10-11
India,Maharashtra,19.076,72.8777,05:19,12:25,15:46,18:18,19:26,2025-10-12
India,Maharashtra,19.076,72.8777,05:19,12:25,15:46,18:17,19:26,2025-10-13
India,Maharashtra,19.076,72.8777,05:19,12:24,15:46,18:16,19:25,2025-10-14
India,Maharashtra,19.076,72.8777,05:20,12:24,15:45,18:15,19:24,2025-10-15
India,Maharashtra,19.076,72.8777,05:20,12:24,15:45,18:15,19:24,2025-10-16
India,Maharashtra,19.076,72.8777,05:20,12:24,15:44,18:14,19:23,2025-10-17
India,Maharashtra,19.076,72.8777,05:20,12:24,15:44,18:13,19:22,2025-10-18
India,Maharashtra,19.076,72.8777,05:21,12:23,15:44,18:13,19:22,2025-10-19
India,Maharashtra,19.076,72.8777,05:21,12:23,15:43,18:12,19:21,2025-10-20
India,Maharashtra,19.076,72.8777,05:21,12:23,15:43,18:11,19:21,2025-10-21
India,Maharashtra,19.076,72.8777,05:22,12:23,15:42,18:11,19:20,2025-10-22
India,Maharashtra,19.076,72.8777,05:22,12:23,15:42,18:10,19:19,2025-10-23
India,Maharashtra,19.076,72.8777,05:22,12:23,15:42,18:09,19:19,2025-10-24
India,Maharashtra,19.076,72.8777,05:22,12:23,15:41,18:09,19:18,2025-10-25
India,Maharashtra,19.076,72.8777,05:23,12:22,15:41,18:08,19:18,2025-10-26
India,Maharashtra,19.076,72.8777,05:23,12:22,15:41,18:08,19:17,2025-10-27
India,Maharashtra,19.076,72.8777,05:23,12:22,15:40,18:07,19:17,2025-10-28
India,Maharashtra,19.076,72.8777,05:24,12:22,15:40,18:06,19:16,2025-10-29
India,Maharashtra,19.076,72.8777,05:24,12:22,15:40,18:06,19:16,2025-10-30
India,Maharashtra,19.076,72.8777,05:24,12:22,15:39,18:05,19:15,2025-10-31
India,Maharashtra,19.076,72.8777,05:25,12:22,15:39,18:05,19:15,2025-11-01
India,Maharashtra,19.076,72.8777,05:25,12:22,15:39,18:04,19:15,2025-11-02
India,Maharashtra,19.076,72.8777,05:25,12:22,15:38,18:04,19:14,2025-11-03
India,Maharashtra,19.076,72.8777,05:26,12:22,15:38,18:04,19:14,2025-11-04
India,Maharashtra,19.076,72.8777,05:26,12:22,15:38,18:03,19:14,2025-11-05
India,Maharashtra,19.076,72.8777,05:27,12:22,15:38,18:03,19:13,2025-11-06
India,Maharashtra,19.076,72.8777,05:27,12:22,15:38,18:02,19:13,2025-11-07
India,Maharashtra,19.076,72.8777,05:27,12:22,15:37,18:02,19:13,2025-11-08
India,Maharashtra,19.076,72.8777,05:28,12:22,15:37,18:02,19:13,2025-11-09
India,Maharashtra,19.076,72.8777,05:28,12:22,15:37,18:01,19:12,2025-11-10
India,Maharashtra,19.076,72.8777,05:29,12:23,15:37,18:01,19:12,2025-11-11
India,Maharashtra,19.076,72.8777,05:29,12:23,15:37,18:01,19:12,2025-11-12
India,Maharashtra,19.076,72.8777,05:29,12:23,15:37,18:01,19:12,2025-11-13
India,Maharashtra,19.076,72.8777,05:30,12:23,15:36,18:00,19:12,2025-11-14
India,Maharashtra,19.076,72.8777,05:30,12:23,15:36,18:00,19:12,2025-11-15
India,Maharashtra,19.076,72.8777,05:31,12:23,15:36,18:00,19:11,2025-11-16
India,Maharashtra,19.076,72.8777,05:31,12:24,15:36,18:00,19:11,2025-11-17
India,Maharashtra,19.076,72.8777,05:32,12:24,15:36,18:00,19:11,2025-11-18
India,Maharashtra,19.076,72.8777,05:32,12:24,15:36,17:59,19:11,2025-11-19
India,Maharashtra,19.076,72.8777,05:33,12:24,15:36,17:59,19:11,2025-11-20
India,Maharashtra,19.076,72.8777,05:33,12:24,15:36,17:59,19:11,2025-11-21
India,Maharashtra,19.076,72.8777,05:34,12:25,15:36,17:59,19:11,2025-11-22
India,Maharashtra,19.076,72.8777,05:34,12:25,15:36,17:59,19:11,2025-11-23
India,Maharashtra,19.076,72.8777,05:35,12:25,15:36,17:59,19:11,2025-11-24
India,Maharashtra,19.076,72.8777,05:35,12:26,15:36,17:59,19:12,2025-11-25
India,Maharashtra,19.076,72.8777,05:36,12:26,15:36,17:59,19:12,2025-11-26
India,Maharashtra,19.076,72.8777,05:36,12:26,15:37,17:59,19:12,2025-11-27
India,Maharashtra,19.076,72.8777,05:37,12:27,15:37,17:59,19:12,2025-11-28
India,Maharashtra,19.076,72.8777,05:37,12:27,15:37,17:59,19:12,2025-11-29
India,Maharashtra,19.076,72.8777,05:38,12:27,15:37,17:59,19:12,2025-11-30
India,Maharashtra,19.076,72.8777,05:38,12:28,15:37,18:00,19:13,2025-12-01
India,Maharashtra,19.076,72.8777,05:39,12:28,15:37,18:00,19:13,2025-12-02
India,Maharashtra,19.076,72.8777,05:39,12:28,15:38,18:00,19:13,2025-12-03
India,Maharashtra,19.076,72.8777,05:40,12:29,15:38,18:00,19:13,2025-12-04
India,Maharashtra,19.076,72.8777,05:41,12:29,15:38,18:00,19:14,2025-12-05
India,Maharashtra,19.076,72.8777,05:41,12:30,15:38,18:00,19:14,2025-12-06
India,Maharashtra,19.076,72.8777,05:42,12:30,15:39,18:01,19:14,2025-12-07
India,Maharashtra,19.076,72.8777,05:42,12:31,15:39,18:01,19:14,2025-12-08
India,Maharashtra,19.076,72.8777,05:43,12:31,15:39,18:01,19:15,2025-12-09
India,Maharashtra,19.076,72.8777,05:43,12:31,15:40,18:02,19:15,2025-12-10
India,Maharashtra,19.076,72.8777,05:44,12:32,15:40,18:02,19:16,2025-12-11
India,Maharashtra,19.076,72.8777,05:44,12:32,15:40,18:02,19:16,2025-12-12
India,Maharashtra,19.076,72.8777,05:45,12:33,15:41,18:03,19:16,2025-12-13
India,Maharashtra,19.076,72.8777,05:45,12:33,15:41,18:03,19:17,2025-12-14
India,Maharashtra,19.076,72.8777,05:46,12:34,15:42,18:03,19:17,2025-12-15
India,Maharashtra,19.076,72.8777,05:47,12:34,15:42,18:04,19:18,2025-12-16
India,Maharashtra,19.076,72.8777,05:47,12:35,15:42,18:04,19:18,2025-12-17
India,Maharashtra,19.076,72.8777,05:48,12:35,15:43,18:05,19:18,2025-12-18
India,Maharashtra,19.076,72.8777,05:48,12:36,15:43,18:05,19:19,2025-12-19
India,Maharashtra,19.076,72.8777,05:49,12:36,15:44,18:06,19:19,2025-12-20
India,Maharashtra,19.076,72.8777,05:49,12:37,15:44,18:06,19:20,2025-12-21
India,Maharashtra,19.076,72.8777,05:50,12:37,15:45,18:07,19:20,2025-12-22
India,Maharashtra,19.076,72.8777,05:50,12:38,15:45,18:07,19:21,2025-12-23
India,Maharashtra,19.076,72.8777,05:51,12:38,15:46,18:08,19:21,2025-12-24
India,Maharashtra,19.076,72.8777,05:51,12:39,15:46,18:08,19:22,2025-12-25
India,Maharashtra,19.076,72.8777,05:51,12:39,15:47,18:09,19:23,2025-12-26
India,Maharashtra,19.076,72.8777,05:52,12:40,15:48,18:09,19:23,2025-12-27
India,Maharashtra,19.076,72.8777,05:52,12:40,15:48,18:10,19:24,2025-12-28
India,Maharashtra,19.076,72.8777,05:53,12:41,15:49,18:11,19:24,2025-12-29
India,Maharashtra,19.076,72.8777,05:53,12:41,15:49,18:11,19:25,2025-12-30
India,Maharashtra,19.076,72.8777,05:54,12:42,15:50,18:12,19:25,2025-12-31
India,Manipur,24.817,93.9368,04:38,11:18,14:17,16:37,17:54,2025-01-01
India,Manipur,24.817,93.9368,04:38,11:19,14:18,16:38,17:54,2025-01-02
India,Manipur,24.817,93.9368,04:39,11:19,14:18,16:38,17:55,2025-01-03
India,Manipur,24.817,93.9368,04:39,11:19,14:19,16:39,17:55,2025-01-04
India,Manipur,24.817,93.9368,04:39,11:20,14:20,16:40,17:56,2025-01-05
India,Manipur,24.817,93.9368,04:39,11:20,14:20,16:40,17:57,2025-01-06
India,Manipur,24.817,93.9368,04:40,11:21,14:21,16:41,17:57,2025-01-07
India,Manipur,24.817,93.9368,04:40,11:21,14:22,16:42,17:58,2025-01-08
India,Manipur,24.817,93.9368,04:40,11:22,14:22,16:43,17:59,2025-01-09
India,Manipur,24.817,93.9368,04:40,11:22,14:23,16:43,17:59,2025-01-10
India,Manipur,24.817,93.9368,04:40,11:22,14:24,16:44,18:00,2025-01-11
India,Manipur,24.817,93.9368,04:40,11:23,14:24,16:45,18:01,2025-01-12
India,Manipur,24.817,93.9368,04:41,11:23,14:25,16:46,18:01,2025-01-13
India,Manipur,24.817,93.9368,04:41,11:23,14:26,16:46,18:02,2025-01-14
India,Manipur,24.817,93.9368,04:41,11:24,14:26,16:47,18:02,2025-01-15
India,Manipur,24.817,93.9368,04:41,11:24,14:27,16:48,18:03,2025-01-16
India,Manipur,24.817,93.9368,04:41,11:25,14:28,16:48,18:04,2025-01-17
India,Manipur,24.817,93.9368,04:41,11:25,14:28,16:49,18:04,2025-01-18
India,Manipur,24.817,93.9368,04:41,11:25,14:29,16:50,18:05,2025-01-19
India,Manipur,24.817,93.9368,04:41,11:25,14:30,16:51,18:06,2025-01-20
India,Manipur,24.817,93.9368,04:40,11:26,14:30,16:51,18:06,2025-01-21
India,Manipur,24.817,93.9368,04:40,11:26,14:31,16:52,18:07,2025-01-22
India,Manipur,24.817,93.9368,04:40,11:26,14:32,16:53,18:08,2025-01-23
India,Manipur,24.817,93.9368,04:40,11:26,14:32,16:54,18:08,2025-01-24
India,Manipur,24.817,93.9368,04:40,11:27,14:33,16:54,18:09,2025-01-25
India,Manipur,24.817,93.9368,04:40,11:27,14:33,16:55,18:10,2025-01-26
India,Manipur,24.817,93.9368,04:40,11:27,14:34,16:56,18:10,2025-01-27
India,Manipur,24.817,93.9368,04:39,11:27,14:35,16:57,18:11,2025-01-28
India,Manipur,24.817,93.9368,04:39,11:27,14:35,16:57,18:11,2025-01-29
India,Manipur,24.817,93.9368,04:39,11:28,14:36,16:58,18:12,2025-01-30
India,Manipur,24.817,93.9368,04:38,11:28,14:36,16:59,18:13,2025-01-31
India,Manipur,24.817,93.9368,04:38,11:28,14:37,17:00,18:13,2025-02-01
India,Manipur,24.817,93.9368,04:38,11:28,14:38,17:00,18:14,2025-02-02
India,Manipur,24.817,93.9368,04:37,11:28,14:38,17:01,18:14,2025-02-03
India,Manipur,24.817,93.9368,04:37,11:28,14:39,17:02,18:15,2025-02-04
India,Manipur,24.817,93.9368,04:37,11:28,14:39,17:02,18:16,2025-02-05
India,Manipur,24.817,93.9368,04:36,11:28,14:40,17:03,18:16,2025-02-06
India,Manipur,24.817,93.9368,04:36,11:28,14:40,17:04,18:17,2025-02-07
India,Manipur,24.817,93.9368,04:35,11:28,14:41,17:04,18:17,2025-02-08
India,Manipur,24.817,93.9368,04:35,11:28,14:41,17:05,18:18,2025-02-09
India,Manipur,24.817,93.9368,04:34,11:28,14:41,17:06,18:18,2025-02-10
India,Manipur,24.817,93.9368,04:34,11:28,14:42,17:06,18:19,2025-02-11
India,Manipur,24.817,93.9368,04:33,11:28,14:42,17:07,18:19,2025-02-12
India,Manipur,24.817,93.9368,04:32,11:28,14:43,17:08,18:20,2025-02-13
India,Manipur,24.817,93.9368,04:32,11:28,14:43,17:08,18:21,2025-02-14
India,Manipur,24.817,93.9368,04:31,11:28,14:43,17:09,18:21,2025-02-15
India,Manipur,24.817,93.9368,04:30,11:28,14:44,17:09,18:22,2025-02-16
India,Manipur,24.817,93.9368,04:30,11:28,14:44,17:10,18:22,2025-02-17
India,Manipur,24.817,93.9368,04:29,11:28,14:44,17:11,18:23,2025-02-18
India,Manipur,24.817,93.9368,04:28,11:28,14:45,17:11,18:23,2025-02-19
India,Manipur,24.817,93.9368,04:28,11:28,14:45,17:12,18:24,2025-02-20
India,Manipur,24.817,93.9368,04:27,11:28,14:45,17:12,18:24,2025-02-21
India,Manipur,24.817,93.9368,04:26,11:28,14:46,17:13,18:25,2025-02-22
India,Manipur,24.817,93.9368,04:25,11:28,14:46,17:13,18:25,2025-02-23
India,Manipur,24.817,93.9368,04:25,11:27,14:46,17:14,18:26,2025-02-24
India,Manipur,24.817,93.9368,04:24,11:27,14:46,17:15,18:26,2025-02-25
India,Manipur,24.817,93.9368,04:23,11:27,14:47,17:15,18:27,2025-02-26
India,Manipur,24.817,93.9368,04:22,11:27,14:47,17:16,18:27,2025-02-27
India,Manipur,24.817,93.9368,04:21,11:27,14:47,17:16,18:28,2025-02-28
India,Manipur,24.817,93.9368,04:20,11:26,14:47,17:17,18:28,2025-03-01
India,Manipur,24.817,93.9368,04:20,11:26,14:47,17:17,18:29,2025-03-02
India,Manipur,24.817,93.9368,04:19,11:26,14:47,17:18,18:29,2025-03-03
India,Manipur,24.817,93.9368,04:18,11:26,14:48,17:18,18:30,2025-03-04
India,Manipur,24.817,93.9368,04:17,11:26,14:48,17:19,18:30,2025-03-05
India,Manipur,24.817,93.9368,04:16,11:25,14:48,17:19,18:30,2025-03-06
India,Manipur,24.817,93.9368,04:15,11:25,14:48,17:20,18:31,2025-03-07
India,Manipur,24.817,93.9368,04:14,11:25,14:48,17:20,18:31,2025-03-08
India,Manipur,24.817,93.9368,04:13,11:25,14:48,17:21,18:32,2025-03-09
India,Manipur,24.817,93.9368,04:12,11:24,14:48,17:21,18:32,2025-03-10
India,Manipur,24.817,93.9368,04:11,11:24,14:48,17:21,18:33,2025-03-11
India,Manipur,24.817,93.9368,04:10,11:24,14:48,17:22,18:33,2025-03-12
India,Manipur,24.817,93.9368,04:09,11:24,14:48,17:22,18:34,2025-03-13
India,Manipur,24.817,93.9368,04:08,11:23,14:48,17:23,18:34,2025-03-14
India,Manipur,24.817,93.9368,04:07,11:23,14:48,17:23,18:35,2025-03-15
India,Manipur,24.817,93.9368,04:06,11:23,14:48,17:24,18:35,2025-03-16
India,Manipur,24.817,93.9368,04:05,11:22,14:48,17:24,18:36,2025-03-17
India,Manipur,24.817,93.9368,04:04,11:22,14:48,17:25,18:36,2025-03-18
India,Manipur,24.817,93.9368,04:03,11:22,14:48,17:25,18:37,2025-03-19
India,Manipur,24.817,93.9368,04:02,11:22,14:48,17:26,18:37,2025-03-20
India,Manipur,24.817,93.9368,04:01,11:21,14:48,17:26,18:38,2025-03-21
India,Manipur,24.817,93.9368,03:59,11:21,14:48,17:26,18:38,2025-03-22
India,Manipur,24.817,93.9368,03:58,11:21,14:48,17:27,18:38,2025-03-23
India,Manipur,24.817,93.9368,03:57,11:20,14:47,17:27,18:39,2025-03-24
India,Manipur,24.817,93.9368,03:56,11:20,14:47,17:28,18:39,2025-03-25
India,Manipur,24.817,93.9368,03:55,11:20,14:47,17:28,18:40,2025-03-26
India,Manipur,24.817,93.9368,03:54,11:19,14:47,17:29,18:40,2025-03-27
India,Manipur,24.817,93.9368,03:53,11:19,14:47,17:29,18:41,2025-03-28
India,Manipur,24.817,93.9368,03:52,11:19,14:47,17:29,18:41,2025-03-29
India,Manipur,24.817,93.9368,03:51,11:19,14:47,17:30,18:42,2025-03-30
India,Manipur,24.817,93.9368,03:50,11:18,14:46,17:30,18:42,2025-03-31
India,Manipur,24.817,93.9368,03:48,11:18,14:46,17:31,18:43,2025-04-01
India,Manipur,24.817,93.9368,03:47,11:18,14:46,17:31,18:44,2025-04-02
India,Manipur,24.817,93.9368,03:46,11:17,14:46,17:32,18:44,2025-04-03
India,Manipur,24.817,93.9368,03:45,11:17,14:46,17:32,18:45,2025-04-04
India,Manipur,24.817,93.9368,03:44,11:17,14:45,17:32,18:45,2025-04-05
India,Manipur,24.817,93.9368,03:43,11:17,14:45,17:33,18:46,2025-04-06
India,Manipur,24.817,93.9368,03:42,11:16,14:45,17:33,18:46,2025-04-07
India,Manipur,24.817,93.9368,03:41,11:16,14:45,17:34,18:47,2025-04-08
India,Manipur,24.817,93.9368,03:39,11:16,14:45,17:34,18:47,2025-04-09
India,Manipur,24.817,93.9368,03:38,11:15,14:44,17:35,18:48,2025-04-10
India,Manipur,24.817,93.9368,03:37,11:15,14:44,17:35,18:48,2025-04-11
India,Manipur,24.817,93.9368,03:36,11:15,14:44,17:35,18:49,2025-04-12
India,Manipur,24.817,93.9368,03:35,11:15,14:44,17:36,18:50,2025-04-13
India,Manipur,24.817,93.9368,03:34,11:14,14:43,17:36,18:50,2025-04-14
India,Manipur,24.817,93.9368,03:33,11:14,14:43,17:37,18:51,2025-04-15
India,Manipur,24.817,93.9368,03:32,11:14,14:43,17:37,18:51,2025-04-16
India,Manipur,24.817,93.9368,03:31,11:14,14:43,17:38,18:52,2025-04-17
India,Manipur,24.817,93.9368,03:30,11:13,14:42,17:38,18:53,2025-04-18
India,Manipur,24.817,93.9368,03:29,11:13,14:42,17:39,18:53,2025-04-19
India,Manipur,24.817,93.9368,03:28,11:13,14:42,17:39,18:54,2025-04-20
India,Manipur,24.817,93.9368,03:27,11:13,14:42,17:39,18:54,2025-04-21
India,Manipur,24.817,93.9368,03:25,11:13,14:41,17:40,18:55,2025-04-22
India,Manipur,24.817,93.9368,03:24,11:12,14:41,17:40,18:56,2025-04-23
India,Manipur,24.817,93.9368,03:23,11:12,14:41,17:41,18:56,2025-04-24
India,Manipur,24.817,93.9368,03:22,11:12,14:41,17:41,18:57,2025-04-25
India,Manipur,24.817,93.9368,03:21,11:12,14:40,17:42,18:58,2025-04-26
India,Manipur,24.817,93.9368,03:20,11:12,14:40,17:42,18:58,2025-04-27
India,Manipur,24.817,93.9368,03:19,11:12,14:40,17:43,18:59,2025-04-28
India,Manipur,24.817,93.9368,03:19,11:12,14:40,17:43,19:00,2025-04-29
India,Manipur,24.817,93.9368,03:18,11:11,14:39,17:44,19:00,2025-04-30
India,Manipur,24.817,93.9368,03:17,11:11,14:39,17:44,19:01,2025-05-01
India,Manipur,24.817,93.9368,03:16,11:11,14:39,17:45,19:02,2025-05-02
India,Manipur,24.817,93.9368,03:15,11:11,14:39,17:45,19:02,2025-05-03
India,Manipur,24.817,93.9368,03:14,11:11,14:38,17:46,19:03,2025-05-04
India,Manipur,24.817,93.9368,03:13,11:11,14:38,17:46,19:04,2025-05-05
India,Manipur,24.817,93.9368,03:12,11:11,14:38,17:47,19:04,2025-05-06
India,Manipur,24.817,93.9368,03:11,11:11,14:38,17:47,19:05,2025-05-07
India,Manipur,24.817,93.9368,03:11,11:11,14:37,17:48,19:06,2025-05-08
India,Manipur,24.817,93.9368,03:10,11:11,14:37,17:48,19:07,2025-05-09
India,Manipur,24.817,93.9368,03:09,11:11,14:37,17:49,19:07,2025-05-10
India,Manipur,24.817,93.9368,03:08,11:11,14:37,17:49,19:08,2025-05-11
India,Manipur,24.817,93.9368,03:07,11:11,14:37,17:50,19:09,2025-05-12
India,Manipur,24.817,93.9368,03:07,11:11,14:37,17:50,19:09,2025-05-13
India,Manipur,24.817,93.9368,03:06,11:11,14:36,17:51,19:10,2025-05-14
India,Manipur,24.817,93.9368,03:05,11:11,14:36,17:51,19:11,2025-05-15
India,Manipur,24.817,93.9368,03:05,11:11,14:36,17:52,19:11,2025-05-16
India,Manipur,24.817,93.9368,03:04,11:11,14:36,17:52,19:12,2025-05-17
India,Manipur,24.817,93.9368,03:03,11:11,14:36,17:53,19:13,2025-05-18
India,Manipur,24.817,93.9368,03:03,11:11,14:36,17:53,19:14,2025-05-19
India,Manipur,24.817,93.9368,03:02,11:11,14:36,17:54,19:14,2025-05-20
India,Manipur,24.817,93.9368,03:02,11:11,14:35,17:54,19:15,2025-05-21
India,Manipur,24.817,93.9368,03:01,11:11,14:35,17:55,19:16,2025-05-22
India,Manipur,24.817,93.9368,03:01,11:11,14:35,17:55,19:16,2025-05-23
India,Manipur,24.817,93.9368,03:00,11:11,14:35,17:56,19:17,2025-05-24
India,Manipur,24.817,93.9368,03:00,11:11,14:35,17:56,19:18,2025-05-25
India,Manipur,24.817,93.9368,02:59,11:11,14:35,17:57,19:18,2025-05-26
India,Manipur,24.817,93.9368,02:59,11:11,14:35,17:57,19:19,2025-05-27
India,Manipur,24.817,93.9368,02:58,11:12,14:35,17:58,19:19,2025-05-28
India,Manipur,24.817,93.9368,02:58,11:12,14:35,17:58,19:20,2025-05-29
India,Manipur,24.817,93.9368,02:58,11:12,14:35,17:59,19:21,2025-05-30
India,Manipur,24.817,93.9368,02:57,11:12,14:35,17:59,19:21,2025-05-31
India,Manipur,24.817,93.9368,02:57,11:12,14:35,18:00,19:22,2025-06-01
India,Manipur,24.817,93.9368,02:57,11:12,14:35,18:00,19:22,2025-06-02
India,Manipur,24.817,93.9368,02:57,11:13,14:35,18:01,19:23,2025-06-03
India,Manipur,24.817,93.9368,02:56,11:13,14:35,18:01,19:24,2025-06-04
India,Manipur,24.817,93.9368,02:56,11:13,14:35,18:01,19:24,2025-06-05
India,Manipur,24.817,93.9368,02:56,11:13,14:35,18:02,19:25,2025-06-06
India,Manipur,24.817,93.9368,02:56,11:13,14:35,18:02,19:25,2025-06-07
India,Manipur,24.817,93.9368,02:56,11:13,14:35,18:03,19:26,2025-06-08
India,Manipur,24.817,93.9368,02:56,11:14,14:35,18:03,19:26,2025-06-09
India,Manipur,24.817,93.9368,02:56,11:14,14:36,18:03,19:26,2025-06-10
India,Manipur,24.817,93.9368,02:56,11:14,14:36,18:04,19:27,2025-06-11
India,Manipur,24.817,93.9368,02:56,11:14,14:36,18:04,19:27,2025-06-12
India,Manipur,24.817,93.9368,02:56,11:14,14:36,18:04,19:28,2025-06-13
India,Manipur,24.817,93.9368,02:56,11:15,14:36,18:05,19:28,2025-06-14
India,Manipur,24.817,93.9368,02:56,11:15,14:36,18:05,19:28,2025-06-15
India,Manipur,24.817,93.9368,02:56,11:15,14:36,18:05,19:29,2025-06-16
India,Manipur,24.817,93.9368,02:56,11:15,14:37,18:06,19:29,2025-06-17
India,Manipur,24.817,93.9368,02:56,11:16,14:37,18:06,19:29,2025-06-18
India,Manipur,24.817,93.9368,02:56,11:16,14:37,18:06,19:30,2025-06-19
India,Manipur,24.817,93.9368,02:57,11:16,14:37,18:06,19:30,2025-06-20
India,Manipur,24.817,93.9368,02:57,11:16,14:37,18:07,19:30,2025-06-21
India,Manipur,24.817,93.9368,02:57,11:16,14:38,18:07,19:30,2025-06-22
India,Manipur,24.817,93.9368,02:57,11:17,14:38,18:07,19:30,2025-06-23
India,Manipur,24.817,93.9368,02:58,11:17,14:38,18:07,19:31,2025-06-24
India,Manipur,24.817,93.9368,02:58,11:17,14:38,18:07,19:31,2025-06-25
India,Manipur,24.817,93.9368,02:58,11:17,14:39,18:07,19:31,2025-06-26
India,Manipur,24.817,93.9368,02:59,11:17,14:39,18:07,19:31,2025-06-27
India,Manipur,24.817,93.9368,02:59,11:18,14:39,18:08,19:31,2025-06-28
India,Manipur,24.817,93.9368,02:59,11:18,14:39,18:08,19:31,2025-06-29
India,Manipur,24.817,93.9368,03:00,11:18,14:40,18:08,19:31,2025-06-30
India,Manipur,24.817,93.9368,03:00,11:18,14:40,18:08,19:31,2025-07-01
India,Manipur,24.817,93.9368,03:01,11:18,14:40,18:08,19:31,2025-07-02
India,Manipur,24.817,93.9368,03:01,11:19,14:41,18:08,19:31,2025-07-03
India,Manipur,24.817,93.9368,03:02,11:19,14:41,18:08,19:31,2025-07-04
India,Manipur,24.817,93.9368,03:02,11:19,14:41,18:08,19:30,2025-07-05
India,Manipur,24.817,93.9368,03:03,11:19,14:41,18:08,19:30,2025-07-06
India,Manipur,24.817,93.9368,03:03,11:19,14:42,18:08,19:30,2025-07-07
India,Manipur,24.817,93.9368,03:04,11:19,14:42,18:07,19:30,2025-07-08
India,Manipur,24.817,93.9368,03:04,11:20,14:42,18:07,19:30,2025-07-09
India,Manipur,24.817,93.9368,03:05,11:20,14:43,18:07,19:29,2025-07-10
India,Manipur,24.817,93.9368,03:05,11:20,14:43,18:07,19:29,2025-07-11
India,Manipur,24.817,93.9368,03:06,11:20,14:43,18:07,19:29,2025-07-12
India,Manipur,24.817,93.9368,03:07,11:20,14:43,18:07,19:28,2025-07-13
India,Manipur,24.817,93.9368,03:07,11:20,14:44,18:06,19:28,2025-07-14
India,Manipur,24.817,93.9368,03:08,11:20,14:44,18:06,19:28,2025-07-15
India,Manipur,24.817,93.9368,03:08,11:20,14:44,18:06,19:27,2025-07-16
India,Manipur,24.817,93.9368,03:09,11:20,14:44,18:06,19:27,2025-07-17
India,Manipur,24.817,93.9368,03:10,11:21,14:45,18:05,19:26,2025-07-18
India,Manipur,24.817,93.9368,03:10,11:21,14:45,18:05,19:26,2025-07-19
India,Manipur,24.817,93.9368,03:11,11:21,14:45,18:04,19:25,2025-07-20
India,Manipur,24.817,93.9368,03:12,11:21,14:45,18:04,19:25,2025-07-21
India,Manipur,24.817,93.9368,03:12,11:21,14:45,18:04,19:24,2025-07-22
India,Manipur,24.817,93.9368,03:13,11:21,14:46,18:03,19:23,2025-07-23
India,Manipur,24.817,93.9368,03:14,11:21,14:46,18:03,19:23,2025-07-24
India,Manipur,24.817,93.9368,03:14,11:21,14:46,18:02,19:22,2025-07-25
India,Manipur,24.817,93.9368,03:15,11:21,14:46,18:02,19:22,2025-07-26
India,Manipur,24.817,93.9368,03:16,11:21,14:46,18:01,19:21,2025-07-27
India,Manipur,24.817,93.9368,03:16,11:21,14:47,18:01,19:20,2025-07-28
India,Manipur,24.817,93.9368,03:17,11:21,14:47,18:00,19:19,2025-07-29
India,Manipur,24.817,93.9368,03:18,11:21,14:47,18:00,19:19,2025-07-30
India,Manipur,24.817,93.9368,03:18,11:21,14:47,17:59,19:18,2025-07-31
India,Manipur,24.817,93.9368,03:19,11:21,14:47,17:59,19:17,2025-08-01
India,Manipur,24.817,93.9368,03:20,11:21,14:47,17:58,19:16,2025-08-02
India,Manipur,24.817,93.9368,03:20,11:20,14:47,17:57,19:15,2025-08-03
India,Manipur,24.817,93.9368,03:21,11:20,14:47,17:57,19:15,2025-08-04
India,Manipur,24.817,93.9368,03:22,11:20,14:47,17:56,19:14,2025-08-05
India,Manipur,24.817,93.9368,03:22,11:20,14:47,17:55,19:13,2025-08-06
India,Manipur,24.817,93.9368,03:23,11:20,14:47,17:55,19:12,2025-08-07
India,Manipur,24.817,93.9368,03:24,11:20,14:47,17:54,19:11,2025-08-08
India,Manipur,24.817,93.9368,03:24,11:20,14:47,17:53,19:10,2025-08-09
India,Manipur,24.817,93.9368,03:25,11:20,14:47,17:53,19:09,2025-08-10
India,Manipur,24.817,93.9368,03:26,11:19,14:47,17:52,19:08,2025-08-11
India,Manipur,24.817,93.9368,03:26,11:19,14:47,17:51,19:07,2025-08-12
India,Manipur,24.817,93.9368,03:27,11:19,14:47,17:50,19:06,2025-08-13
India,Manipur,24.817,93.9368,03:27,11:19,14:47,17:49,19:05,2025-08-14
India,Manipur,24.817,93.9368,03:28,11:19,14:47,17:49,19:04,2025-08-15
India,Manipur,24.817,93.9368,03:29,11:18,14:47,17:48,19:03,2025-08-16
India,Manipur,24.817,93.9368,03:29,11:18,14:47,17:47,19:02,2025-08-17
India,Manipur,24.817,93.9368,03:30,11:18,14:47,17:46,19:01,2025-08-18
India,Manipur,24.817,93.9368,03:30,11:18,14:46,17:45,19:00,2025-08-19
India,Manipur,24.817,93.9368,03:31,11:18,14:46,17:44,18:59,2025-08-20
India,Manipur,24.817,93.9368,03:32,11:17,14:46,17:43,18:58,2025-08-21
India,Manipur,24.817,93.9368,03:32,11:17,14:46,17:42,18:57,2025-08-22
India,Manipur,24.817,93.9368,03:33,11:17,14:46,17:41,18:56,2025-08-23
India,Manipur,24.817,93.9368,03:33,11:16,14:45,17:41,18:55,2025-08-24
India,Manipur,24.817,93.9368,03:34,11:16,14:45,17:40,18:54,2025-08-25
India,Manipur,24.817,93.9368,03:34,11:16,14:45,17:39,18:53,2025-08-26
India,Manipur,24.817,93.9368,03:35,11:16,14:45,17:38,18:52,2025-08-27
India,Manipur,24.817,93.9368,03:36,11:15,14:44,17:37,18:50,2025-08-28
India,Manipur,24.817,93.9368,03:36,11:15,14:44,17:36,18:49,2025-08-29
India,Manipur,24.817,93.9368,03:37,11:15,14:44,17:35,18:48,2025-08-30
India,Manipur,24.817,93.9368,03:37,11:14,14:43,17:34,18:47,2025-08-31
India,Manipur,24.817,93.9368,03:38,11:14,14:43,17:33,18:46,2025-09-01
India,Manipur,24.817,93.9368,03:38,11:14,14:43,17:32,18:45,2025-09-02
India,Manipur,24.817,93.9368,03:39,11:13,14:42,17:31,18:44,2025-09-03
India,Manipur,24.817,93.9368,03:39,11:13,14:42,17:30,18:43,2025-09-04
India,Manipur,24.817,93.9368,03:40,11:13,14:41,17:29,18:41,2025-09-05
India,Manipur,24.817,93.9368,03:40,11:12,14:41,17:28,18:40,2025-09-06
India,Manipur,24.817,93.9368,03:41,11:12,14:41,17:26,18:39,2025-09-07
India,Manipur,24.817,93.9368,03:41,11:12,14:40,17:25,18:38,2025-09-08
India,Manipur,24.817,93.9368,03:41,11:11,14:40,17:24,18:37,2025-09-09
India,Manipur,24.817,93.9368,03:42,11:11,14:39,17:23,18:36,2025-09-10
India,Manipur,24.817,93.9368,03:42,11:11,14:39,17:22,18:34,2025-09-11
India,Manipur,24.817,93.9368,03:43,11:10,14:38,17:21,18:33,2025-09-12
India,Manipur,24.817,93.9368,03:43,11:10,14:38,17:20,18:32,2025-09-13
India,Manipur,24.817,93.9368,03:44,11:10,14:37,17:19,18:31,2025-09-14
India,Manipur,24.817,93.9368,03:44,11:09,14:37,17:18,18:30,2025-09-15
India,Manipur,24.817,93.9368,03:45,11:09,14:36,17:17,18:29,2025-09-16
India,Manipur,24.817,93.9368,03:45,11:09,14:36,17:16,18:28,2025-09-17
India,Manipur,24.817,93.9368,03:45,11:08,14:35,17:15,18:26,2025-09-18
India,Manipur,24.817,93.9368,03:46,11:08,14:35,17:14,18:25,2025-09-19
India,Manipur,24.817,93.9368,03:46,11:07,14:34,17:13,18:24,2025-09-20
India,Manipur,24.817,93.9368,03:47,11:07,14:34,17:12,18:23,2025-09-21
India,Manipur,24.817,93.9368,03:47,11:07,14:33,17:10,18:22,2025-09-22
India,Manipur,24.817,93.9368,03:48,11:06,14:32,17:09,18:21,2025-09-23
India,Manipur,24.817,93.9368,03:48,11:06,14:32,17:08,18:20,2025-09-24
India,Manipur,24.817,93.9368,03:48,11:06,14:31,17:07,18:19,2025-09-25
India,Manipur,24.817,93.9368,03:49,11:05,14:31,17:06,18:18,2025-09-26
India,Manipur,24.817,93.9368,03:49,11:05,14:30,17:05,18:16,2025-09-27
India,Manipur,24.817,93.9368,03:50,11:05,14:29,17:04,18:15,2025-09-28
India,Manipur,24.817,93.9368,03:50,11:04,14:29,17:03,18:14,2025-09-29
India,Manipur,24.817,93.9368,03:50,11:04,14:28,17:02,18:13,2025-09-30
India,Manipur,24.817,93.9368,03:51,11:04,14:28,17:01,18:12,2025-10-01
India,Manipur,24.817,93.9368,03:51,11:03,14:27,17:00,18:11,2025-10-02
India,Manipur,24.817,93.9368,03:52,11:03,14:26,16:59,18:10,2025-10-03
India,Manipur,24.817,93.9368,03:52,11:03,14:26,16:58,18:09,2025-10-04
India,Manipur,24.817,93.9368,03:52,11:03,14:25,16:57,18:08,2025-10-05
India,Manipur,24.817,93.9368,03:53,11:02,14:25,16:56,18:07,2025-10-06
India,Manipur,24.817,93.9368,03:53,11:02,14:24,16:55,18:06,2025-10-07
India,Manipur,24.817,93.9368,03:54,11:02,14:23,16:54,18:05,2025-10-08
India,Manipur,24.817,93.9368,03:54,11:01,14:23,16:53,18:04,2025-10-09
India,Manipur,24.817,93.9368,03:54,11:01,14:22,16:52,18:03,2025-10-10
India,Manipur,24.817,93.9368,03:55,11:01,14:21,16:51,18:02,2025-10-11
India,Manipur,24.817,93.9368,03:55,11:01,14:21,16:50,18:01,2025-10-12
India,Manipur,24.817,93.9368,03:56,11:00,14:20,16:49,18:01,2025-10-13
India,Manipur,24.817,93.9368,03:56,11:00,14:20,16:48,18:00,2025-10-14
India,Manipur,24.817,93.9368,03:57,11:00,14:19,16:47,17:59,2025-10-15
India,Manipur,24.817,93.9368,03:57,11:00,14:18,16:46,17:58,2025-10-16
India,Manipur,24.817,93.9368,03:57,10:59,14:18,16:45,17:57,2025-10-17
India,Manipur,24.817,93.9368,03:58,10:59,14:17,16:45,17:56,2025-10-18
India,Manipur,24.817,93.9368,03:58,10:59,14:17,16:44,17:56,2025-10-19
India,Manipur,24.817,93.9368,03:59,10:59,14:16,16:43,17:55,2025-10-20
India,Manipur,24.817,93.9368,03:59,10:59,14:16,16:42,17:54,2025-10-21
India,Manipur,24.817,93.9368,04:00,10:59,14:15,16:41,17:53,2025-10-22
India,Manipur,24.817,93.9368,04:00,10:59,14:14,16:40,17:52,2025-10-23
India,Manipur,24.817,93.9368,04:01,10:58,14:14,16:40,17:52,2025-10-24
India,Manipur,24.817,93.9368,04:01,10:58,14:13,16:39,17:51,2025-10-25
India,Manipur,24.817,93.9368,04:01,10:58,14:13,16:38,17:50,2025-10-26
India,Manipur,24.817,93.9368,04:02,10:58,14:12,16:37,17:50,2025-10-27
India,Manipur,24.817,93.9368,04:02,10:58,14:12,16:37,17:49,2025-10-28
India,Manipur,24.817,93.9368,04:03,10:58,14:11,16:36,17:48,2025-10-29
India,Manipur,24.817,93.9368,04:03,10:58,14:11,16:35,17:48,2025-10-30
India,Manipur,24.817,93.9368,04:04,10:58,14:10,16:34,17:47,2025-10-31
India,Manipur,24.817,93.9368,04:04,10:58,14:10,16:34,17:47,2025-11-01
India,Manipur,24.817,93.9368,04:05,10:58,14:10,16:33,17:46,2025-11-02
India,Manipur,24.817,93.9368,04:05,10:58,14:09,16:33,17:46,2025-11-03
India,Manipur,24.817,93.9368,04:06,10:58,14:09,16:32,17:45,2025-11-04
India,Manipur,24.817,93.9368,04:07,10:58,14:08,16:31,17:45,2025-11-05
India,Manipur,24.817,93.9368,04:07,10:58,14:08,16:31,17:44,2025-11-06
India,Manipur,24.817,93.9368,04:08,10:58,14:08,16:30,17:44,2025-11-07
India,Manipur,24.817,93.9368,04:08,10:58,14:07,16:30,17:43,2025-11-08
India,Manipur,24.817,93.9368,04:09,10:58,14:07,16:29,17:43,2025-11-09
India,Manipur,24.817,93.9368,04:09,10:58,14:07,16:29,17:43,2025-11-10
India,Manipur,24.817,93.9368,04:10,10:58,14:06,16:28,17:42,2025-11-11
India,Manipur,24.817,93.9368,04:10,10:58,14:06,16:28,17:42,2025-11-12
India,Manipur,24.817,93.9368,04:11,10:59,14:06,16:28,17:42,2025-11-13
India,Manipur,24.817,93.9368,04:11,10:59,14:05,16:27,17:42,2025-11-14
India,Manipur,24.817,93.9368,04:12,10:59,14:05,16:27,17:41,2025-11-15
India,Manipur,24.817,93.9368,04:13,10:59,14:05,16:27,17:41,2025-11-16
India,Manipur,24.817,93.9368,04:13,10:59,14:05,16:26,17:41,2025-11-17
India,Manipur,24.817,93.9368,04:14,11:00,14:05,16:26,17:41,2025-11-18
India,Manipur,24.817,93.9368,04:14,11:00,14:05,16:26,17:41,2025-11-19
India,Manipur,24.817,93.9368,04:15,11:00,14:04,16:25,17:40,2025-11-20
India,Manipur,24.817,93.9368,04:16,11:00,14:04,16:25,17:40,2025-11-21
India,Manipur,24.817,93.9368,04:16,11:01,14:04,16:25,17:40,2025-11-22
India,Manipur,24.817,93.9368,04:17,11:01,14:04,16:25,17:40,2025-11-23
India,Manipur,24.817,93.9368,04:17,11:01,14:04,16:25,17:40,2025-11-24
India,Manipur,24.817,93.9368,04:18,11:01,14:04,16:25,17:40,2025-11-25
India,Manipur,24.817,93.9368,04:19,11:02,14:04,16:25,17:40,2025-11-26
India,Manipur,24.817,93.9368,04:19,11:02,14:04,16:25,17:40,2025-11-27
India,Manipur,24.817,93.9368,04:20,11:02,14:04,16:25,17:40,2025-11-28
India,Manipur,24.817,93.9368,04:21,11:03,14:04,16:25,17:40,2025-11-29
India,Manipur,24.817,93.9368,04:21,11:03,14:04,16:25,17:40,2025-11-30
India,Manipur,24.817,93.9368,04:22,11:03,14:04,16:25,17:41,2025-12-01
India,Manipur,24.817,93.9368,04:22,11:04,14:05,16:25,17:41,2025-12-02
India,Manipur,24.817,93.9368,04:23,11:04,14:05,16:25,17:41,2025-12-03
India,Manipur,24.817,93.9368,04:24,11:05,14:05,16:25,17:41,2025-12-04
India,Manipur,24.817,93.9368,04:24,11:05,14:05,16:25,17:41,2025-12-05
India,Manipur,24.817,93.9368,04:25,11:05,14:05,16:25,17:42,2025-12-06
India,Manipur,24.817,93.9368,04:25,11:06,14:05,16:25,17:42,2025-12-07
India,Manipur,24.817,93.9368,04:26,11:06,14:06,16:26,17:42,2025-12-08
India,Manipur,24.817,93.9368,04:27,11:07,14:06,16:26,17:42,2025-12-09
India,Manipur,24.817,93.9368,04:27,11:07,14:06,16:26,17:43,2025-12-10
India,Manipur,24.817,93.9368,04:28,11:08,14:07,16:26,17:43,2025-12-11
India,Manipur,24.817,93.9368,04:28,11:08,14:07,16:27,17:43,2025-12-12
India,Manipur,24.817,93.9368,04:29,11:09,14:07,16:27,17:44,2025-12-13
India,Manipur,24.817,93.9368,04:30,11:09,14:08,16:27,17:44,2025-12-14
India,Manipur,24.817,93.9368,04:30,11:10,14:08,16:28,17:44,2025-12-15
India,Manipur,24.817,93.9368,04:31,11:10,14:08,16:28,17:45,2025-12-16
India,Manipur,24.817,93.9368,04:31,11:11,14:09,16:29,17:45,2025-12-17
India,Manipur,24.817,93.9368,04:32,11:11,14:09,16:29,17:46,2025-12-18
India,Manipur,24.817,93.9368,04:32,11:12,14:10,16:29,17:46,2025-12-19
India,Manipur,24.817,93.9368,04:33,11:12,14:10,16:30,17:47,2025-12-20
India,Manipur,24.817,93.9368,04:33,11:13,14:11,16:30,17:47,2025-12-21
India,Manipur,24.817,93.9368,04:34,11:13,14:11,16:31,17:48,2025-12-22
India,Manipur,24.817,93.9368,04:34,11:14,14:12,16:31,17:48,2025-12-23
India,Manipur,24.817,93.9368,04:35,11:14,14:12,16:32,17:49,2025-12-24
India,Manipur,24.817,93.9368,04:35,11:15,14:13,16:33,17:49,2025-12-25
India,Manipur,24.817,93.9368,04:36,11:15,14:13,16:33,17:50,2025-12-26
India,Manipur,24.817,93.9368,04:36,11:16,14:14,16:34,17:50,2025-12-27
India,Manipur,24.817,93.9368,04:36,11:16,14:15,16:34,17:51,2025-12-28
India,Manipur,24.817,93.9368,04:37,11:17,14:15,16:35,17:52,2025-12-29
India,Manipur,24.817,93.9368,04:37,11:17,14:16,16:36,17:52,2025-12-30
India,Manipur,24.817,93.9368,04:38,11:17,14:16,16:36,17:53,2025-12-31
India,Meghalaya,25.5788,91.8933,04:47,11:26,14:24,16:44,18:01,2025-01-01
India,Meghalaya,25.5788,91.8933,04:48,11:27,14:25,16:44,18:01,2025-01-02
India,Meghalaya,25.5788,91.8933,04:48,11:27,14:25,16:45,18:02,2025-01-03
India,Meghalaya,25.5788,91.8933,04:48,11:28,14:26,16:46,18:02,2025-01-04
India,Meghalaya,25.5788,91.8933,04:48,11:28,14:27,16:46,18:03,2025-01-05
India,Meghalaya,25.5788,91.8933,04:49,11:28,14:27,16:47,18:04,2025-01-06
India,Meghalaya,25.5788,91.8933,04:49,11:29,14:28,16:48,18:04,2025-01-07
India,Meghalaya,25.5788,91.8933,04:49,11:29,14:29,16:49,18:05,2025-01-08
India,Meghalaya,25.5788,91.8933,04:49,11:30,14:29,16:49,18:06,2025-01-09
India,Meghalaya,25.5788,91.8933,04:49,11:30,14:30,16:50,18:06,2025-01-10
India,Meghalaya,25.5788,91.8933,04:49,11:31,14:31,16:51,18:07,2025-01-11
India,Meghalaya,25.5788,91.8933,04:50,11:31,14:31,16:51,18:08,2025-01-12
India,Meghalaya,25.5788,91.8933,04:50,11:31,14:32,16:52,18:08,2025-01-13
India,Meghalaya,25.5788,91.8933,04:50,11:32,14:33,16:53,18:09,2025-01-14
India,Meghalaya,25.5788,91.8933,04:50,11:32,14:33,16:54,18:10,2025-01-15
India,Meghalaya,25.5788,91.8933,04:50,11:32,14:34,16:54,18:10,2025-01-16
India,Meghalaya,25.5788,91.8933,04:50,11:33,14:35,16:55,18:11,2025-01-17
India,Meghalaya,25.5788,91.8933,04:50,11:33,14:35,16:56,18:12,2025-01-18
India,Meghalaya,25.5788,91.8933,04:50,11:33,14:36,16:57,18:12,2025-01-19
India,Meghalaya,25.5788,91.8933,04:50,11:34,14:37,16:58,18:13,2025-01-20
India,Meghalaya,25.5788,91.8933,04:50,11:34,14:37,16:58,18:14,2025-01-21
India,Meghalaya,25.5788,91.8933,04:49,11:34,14:38,16:59,18:14,2025-01-22
India,Meghalaya,25.5788,91.8933,04:49,11:34,14:39,17:00,18:15,2025-01-23
India,Meghalaya,25.5788,91.8933,04:49,11:35,14:39,17:01,18:16,2025-01-24
India,Meghalaya,25.5788,91.8933,04:49,11:35,14:40,17:01,18:16,2025-01-25
India,Meghalaya,25.5788,91.8933,04:49,11:35,14:41,17:02,18:17,2025-01-26
India,Meghalaya,25.5788,91.8933,04:48,11:35,14:41,17:03,18:18,2025-01-27
India,Meghalaya,25.5788,91.8933,04:48,11:35,14:42,17:04,18:18,2025-01-28
India,Meghalaya,25.5788,91.8933,04:48,11:36,14:42,17:04,18:19,2025-01-29
India,Meghalaya,25.5788,91.8933,04:48,11:36,14:43,17:05,18:19,2025-01-30
India,Meghalaya,25.5788,91.8933,04:47,11:36,14:44,17:06,18:20,2025-01-31
India,Meghalaya,25.5788,91.8933,04:47,11:36,14:44,17:07,18:21,2025-02-01
India,Meghalaya,25.5788,91.8933,04:47,11:36,14:45,17:07,18:21,2025-02-02
India,Meghalaya,25.5788,91.8933,04:46,11:36,14:45,17:08,18:22,2025-02-03
India,Meghalaya,25.5788,91.8933,04:46,11:36,14:46,17:09,18:23,2025-02-04
India,Meghalaya,25.5788,91.8933,04:45,11:36,14:46,17:09,18:23,2025-02-05
India,Meghalaya,25.5788,91.8933,04:45,11:37,14:47,17:10,18:24,2025-02-06
India,Meghalaya,25.5788,91.8933,04:44,11:37,14:47,17:11,18:24,2025-02-07
India,Meghalaya,25.5788,91.8933,04:44,11:37,14:48,17:12,18:25,2025-02-08
India,Meghalaya,25.5788,91.8933,04:43,11:37,14:48,17:12,18:25,2025-02-09
India,Meghalaya,25.5788,91.8933,04:43,11:37,14:49,17:13,18:26,2025-02-10
India,Meghalaya,25.5788,91.8933,04:42,11:37,14:49,17:14,18:27,2025-02-11
India,Meghalaya,25.5788,91.8933,04:42,11:37,14:50,17:14,18:27,2025-02-12
India,Meghalaya,25.5788,91.8933,04:41,11:37,14:50,17:15,18:28,2025-02-13
India,Meghalaya,25.5788,91.8933,04:40,11:37,14:51,17:15,18:28,2025-02-14
India,Meghalaya,25.5788,91.8933,04:40,11:36,14:51,17:16,18:29,2025-02-15
India,Meghalaya,25.5788,91.8933,04:39,11:36,14:51,17:17,18:29,2025-02-16
India,Meghalaya,25.5788,91.8933,04:38,11:36,14:52,17:17,18:30,2025-02-17
India,Meghalaya,25.5788,91.8933,04:38,11:36,14:52,17:18,18:31,2025-02-18
India,Meghalaya,25.5788,91.8933,04:37,11:36,14:52,17:19,18:31,2025-02-19
India,Meghalaya,25.5788,91.8933,04:36,11:36,14:53,17:19,18:32,2025-02-20
India,Meghalaya,25.5788,91.8933,04:35,11:36,14:53,17:20,18:32,2025-02-21
India,Meghalaya,25.5788,91.8933,04:35,11:36,14:53,17:20,18:33,2025-02-22
India,Meghalaya,25.5788,91.8933,04:34,11:36,14:54,17:21,18:33,2025-02-23
India,Meghalaya,25.5788,91.8933,04:33,11:36,14:54,17:22,18:34,2025-02-24
India,Meghalaya,25.5788,91.8933,04:32,11:35,14:54,17:22,18:34,2025-02-25
India,Meghalaya,25.5788,91.8933,04:31,11:35,14:54,17:23,18:35,2025-02-26
India,Meghalaya,25.5788,91.8933,04:30,11:35,14:55,17:23,18:35,2025-02-27
India,Meghalaya,25.5788,91.8933,04:29,11:35,14:55,17:24,18:36,2025-02-28
India,Meghalaya,25.5788,91.8933,04:29,11:35,14:55,17:24,18:36,2025-03-01
India,Meghalaya,25.5788,91.8933,04:28,11:34,14:55,17:25,18:37,2025-03-02
India,Meghalaya,25.5788,91.8933,04:27,11:34,14:55,17:25,18:37,2025-03-03
India,Meghalaya,25.5788,91.8933,04:26,11:34,14:56,17:26,18:38,2025-03-04
India,Meghalaya,25.5788,91.8933,04:25,11:34,14:56,17:26,18:38,2025-03-05
India,Meghalaya,25.5788,91.8933,04:24,11:34,14:56,17:27,18:39,2025-03-06
India,Meghalaya,25.5788,91.8933,04:23,11:33,14:56,17:27,18:39,2025-03-07
India,Meghalaya,25.5788,91.8933,04:22,11:33,14:56,17:28,18:40,2025-03-08
India,Meghalaya,25.5788,91.8933,04:21,11:33,14:56,17:28,18:40,2025-03-09
India,Meghalaya,25.5788,91.8933,04:20,11:33,14:56,17:29,18:41,2025-03-10
India,Meghalaya,25.5788,91.8933,04:19,11:32,14:56,17:29,18:41,2025-03-11
India,Meghalaya,25.5788,91.8933,04:18,11:32,14:56,17:30,18:42,2025-03-12
India,Meghalaya,25.5788,91.8933,04:17,11:32,14:56,17:30,18:42,2025-03-13
India,Meghalaya,25.5788,91.8933,04:16,11:31,14:56,17:31,18:43,2025-03-14
India,Meghalaya,25.5788,91.8933,04:15,11:31,14:56,17:31,18:43,2025-03-15
India,Meghalaya,25.5788,91.8933,04:14,11:31,14:56,17:32,18:44,2025-03-16
India,Meghalaya,25.5788,91.8933,04:13,11:31,14:56,17:32,18:44,2025-03-17
India,Meghalaya,25.5788,91.8933,04:11,11:30,14:56,17:33,18:45,2025-03-18
India,Meghalaya,25.5788,91.8933,04:10,11:30,14:56,17:33,18:45,2025-03-19
India,Meghalaya,25.5788,91.8933,04:09,11:30,14:56,17:34,18:46,2025-03-20
India,Meghalaya,25.5788,91.8933,04:08,11:29,14:56,17:34,18:46,2025-03-21
India,Meghalaya,25.5788,91.8933,04:07,11:29,14:56,17:35,18:47,2025-03-22
India,Meghalaya,25.5788,91.8933,04:06,11:29,14:56,17:35,18:47,2025-03-23
India,Meghalaya,25.5788,91.8933,04:05,11:29,14:56,17:36,18:48,2025-03-24
India,Meghalaya,25.5788,91.8933,04:04,11:28,14:56,17:36,18:48,2025-03-25
India,Meghalaya,25.5788,91.8933,04:03,11:28,14:56,17:36,18:49,2025-03-26
India,Meghalaya,25.5788,91.8933,04:01,11:28,14:56,17:37,18:49,2025-03-27
India,Meghalaya,25.5788,91.8933,04:00,11:27,14:56,17:37,18:50,2025-03-28
India,Meghalaya,25.5788,91.8933,03:59,11:27,14:55,17:38,18:50,2025-03-29
India,Meghalaya,25.5788,91.8933,03:58,11:27,14:55,17:38,18:51,2025-03-30
India,Meghalaya,25.5788,91.8933,03:57,11:26,14:55,17:39,18:51,2025-03-31
India,Meghalaya,25.5788,91.8933,03:56,11:26,14:55,17:39,18:52,2025-04-01
India,Meghalaya,25.5788,91.8933,03:55,11:26,14:55,17:40,18:53,2025-04-02
India,Meghalaya,25.5788,91.8933,03:53,11:26,14:55,17:40,18:53,2025-04-03
India,Meghalaya,25.5788,91.8933,03:52,11:25,14:54,17:41,18:54,2025-04-04
India,Meghalaya,25.5788,91.8933,03:51,11:25,14:54,17:41,18:54,2025-04-05
India,Meghalaya,25.5788,91.8933,03:50,11:25,14:54,17:41,18:55,2025-04-06
India,Meghalaya,25.5788,91.8933,03:49,11:24,14:54,17:42,18:55,2025-04-07
India,Meghalaya,25.5788,91.8933,03:48,11:24,14:54,17:42,18:56,2025-04-08
India,Meghalaya,25.5788,91.8933,03:47,11:24,14:54,17:43,18:57,2025-04-09
India,Meghalaya,25.5788,91.8933,03:45,11:24,14:53,17:43,18:57,2025-04-10
India,Meghalaya,25.5788,91.8933,03:44,11:23,14:53,17:44,18:58,2025-04-11
India,Meghalaya,25.5788,91.8933,03:43,11:23,14:53,17:44,18:58,2025-04-12
India,Meghalaya,25.5788,91.8933,03:42,11:23,14:53,17:45,18:59,2025-04-13
India,Meghalaya,25.5788,91.8933,03:41,11:23,14:52,17:45,19:00,2025-04-14
India,Meghalaya,25.5788,91.8933,03:40,11:22,14:52,17:46,19:00,2025-04-15
India,Meghalaya,25.5788,91.8933,03:39,11:22,14:52,17:46,19:01,2025-04-16
India,Meghalaya,25.5788,91.8933,03:38,11:22,14:52,17:47,19:01,2025-04-17
India,Meghalaya,25.5788,91.8933,03:36,11:22,14:52,17:47,19:02,2025-04-18
India,Meghalaya,25.5788,91.8933,03:35,11:21,14:51,17:47,19:03,2025-04-19
India,Meghalaya,25.5788,91.8933,03:34,11:21,14:51,17:48,19:03,2025-04-20
India,Meghalaya,25.5788,91.8933,03:33,11:21,14:51,17:48,19:04,2025-04-21
India,Meghalaya,25.5788,91.8933,03:32,11:21,14:51,17:49,19:05,2025-04-22
India,Meghalaya,25.5788,91.8933,03:31,11:21,14:50,17:49,19:05,2025-04-23
India,Meghalaya,25.5788,91.8933,03:30,11:20,14:50,17:50,19:06,2025-04-24
India,Meghalaya,25.5788,91.8933,03:29,11:20,14:50,17:50,19:07,2025-04-25
India,Meghalaya,25.5788,91.8933,03:28,11:20,14:50,17:51,19:07,2025-04-26
India,Meghalaya,25.5788,91.8933,03:27,11:20,14:50,17:51,19:08,2025-04-27
India,Meghalaya,25.5788,91.8933,03:26,11:20,14:49,17:52,19:09,2025-04-28
India,Meghalaya,25.5788,91.8933,03:25,11:20,14:49,17:52,19:09,2025-04-29
India,Meghalaya,25.5788,91.8933,03:24,11:20,14:49,17:53,19:10,2025-04-30
India,Meghalaya,25.5788,91.8933,03:23,11:19,14:49,17:53,19:11,2025-05-01
India,Meghalaya,25.5788,91.8933,03:22,11:19,14:48,17:54,19:12,2025-05-02
India,Meghalaya,25.5788,91.8933,03:21,11:19,14:48,17:55,19:12,2025-05-03
India,Meghalaya,25.5788,91.8933,03:20,11:19,14:48,17:55,19:13,2025-05-04
India,Meghalaya,25.5788,91.8933,03:19,11:19,14:48,17:56,19:14,2025-05-05
India,Meghalaya,25.5788,91.8933,03:19,11:19,14:48,17:56,19:14,2025-05-06
India,Meghalaya,25.5788,91.8933,03:18,11:19,14:47,17:57,19:15,2025-05-07
India,Meghalaya,25.5788,91.8933,03:17,11:19,14:47,17:57,19:16,2025-05-08
India,Meghalaya,25.5788,91.8933,03:16,11:19,14:47,17:58,19:17,2025-05-09
India,Meghalaya,25.5788,91.8933,03:15,11:19,14:47,17:58,19:17,2025-05-10
India,Meghalaya,25.5788,91.8933,03:14,11:19,14:47,17:59,19:18,2025-05-11
India,Meghalaya,25.5788,91.8933,03:14,11:19,14:47,17:59,19:19,2025-05-12
India,Meghalaya,25.5788,91.8933,03:13,11:19,14:46,18:00,19:20,2025-05-13
India,Meghalaya,25.5788,91.8933,03:12,11:19,14:46,18:00,19:20,2025-05-14
India,Meghalaya,25.5788,91.8933,03:11,11:19,14:46,18:01,19:21,2025-05-15
India,Meghalaya,25.5788,91.8933,03:11,11:19,14:46,18:01,19:22,2025-05-16
India,Meghalaya,25.5788,91.8933,03:10,11:19,14:46,18:02,19:22,2025-05-17
India,Meghalaya,25.5788,91.8933,03:09,11:19,14:46,18:02,19:23,2025-05-18
India,Meghalaya,25.5788,91.8933,03:09,11:19,14:46,18:03,19:24,2025-05-19
India,Meghalaya,25.5788,91.8933,03:08,11:19,14:46,18:03,19:25,2025-05-20
India,Meghalaya,25.5788,91.8933,03:08,11:19,14:45,18:04,19:25,2025-05-21
India,Meghalaya,25.5788,91.8933,03:07,11:19,14:45,18:04,19:26,2025-05-22
India,Meghalaya,25.5788,91.8933,03:06,11:19,14:45,18:05,19:27,2025-05-23
India,Meghalaya,25.5788,91.8933,03:06,11:19,14:45,18:06,19:27,2025-05-24
India,Meghalaya,25.5788,91.8933,03:05,11:19,14:45,18:06,19:28,2025-05-25
India,Meghalaya,25.5788,91.8933,03:05,11:20,14:45,18:07,19:29,2025-05-26
India,Meghalaya,25.5788,91.8933,03:05,11:20,14:45,18:07,19:29,2025-05-27
India,Meghalaya,25.5788,91.8933,03:04,11:20,14:45,18:08,19:30,2025-05-28
India,Meghalaya,25.5788,91.8933,03:04,11:20,14:45,18:08,19:31,2025-05-29
India,Meghalaya,25.5788,91.8933,03:03,11:20,14:45,18:08,19:31,2025-05-30
India,Meghalaya,25.5788,91.8933,03:03,11:20,14:45,18:09,19:32,2025-05-31
India,Meghalaya,25.5788,91.8933,03:03,11:20,14:45,18:09,19:32,2025-06-01
India,Meghalaya,25.5788,91.8933,03:03,11:21,14:45,18:10,19:33,2025-06-02
India,Meghalaya,25.5788,91.8933,03:02,11:21,14:45,18:10,19:34,2025-06-03
India,Meghalaya,25.5788,91.8933,03:02,11:21,14:45,18:11,19:34,2025-06-04
India,Meghalaya,25.5788,91.8933,03:02,11:21,14:45,18:11,19:35,2025-06-05
India,Meghalaya,25.5788,91.8933,03:02,11:21,14:45,18:12,19:35,2025-06-06
India,Meghalaya,25.5788,91.8933,03:02,11:21,14:46,18:12,19:36,2025-06-07
India,Meghalaya,25.5788,91.8933,03:01,11:22,14:46,18:12,19:36,2025-06-08
India,Meghalaya,25.5788,91.8933,03:01,11:22,14:46,18:13,19:37,2025-06-09
India,Meghalaya,25.5788,91.8933,03:01,11:22,14:46,18:13,19:37,2025-06-10
India,Meghalaya,25.5788,91.8933,03:01,11:22,14:46,18:14,19:38,2025-06-11
India,Meghalaya,25.5788,91.8933,03:01,11:22,14:46,18:14,19:38,2025-06-12
India,Meghalaya,25.5788,91.8933,03:01,11:23,14:46,18:14,19:38,2025-06-13
India,Meghalaya,25.5788,91.8933,03:01,11:23,14:46,18:15,19:39,2025-06-14
India,Meghalaya,25.5788,91.8933,03:01,11:23,14:47,18:15,19:39,2025-06-15
India,Meghalaya,25.5788,91.8933,03:01,11:23,14:47,18:15,19:39,2025-06-16
India,Meghalaya,25.5788,91.8933,03:02,11:23,14:47,18:15,19:40,2025-06-17
India,Meghalaya,25.5788,91.8933,03:02,11:24,14:47,18:16,19:40,2025-06-18
India,Meghalaya,25.5788,91.8933,03:02,11:24,14:47,18:16,19:40,2025-06-19
India,Meghalaya,25.5788,91.8933,03:02,11:24,14:48,18:16,19:41,2025-06-20
India,Meghalaya,25.5788,91.8933,03:02,11:24,14:48,18:16,19:41,2025-06-21
India,Meghalaya,25.5788,91.8933,03:03,11:25,14:48,18:17,19:41,2025-06-22
India,Meghalaya,25.5788,91.8933,03:03,11:25,14:48,18:17,19:41,2025-06-23
India,Meghalaya,25.5788,91.8933,03:03,11:25,14:49,18:17,19:41,2025-06-24
India,Meghalaya,25.5788,91.8933,03:03,11:25,14:49,18:17,19:41,2025-06-25
India,Meghalaya,25.5788,91.8933,03:04,11:25,14:49,18:17,19:41,2025-06-26
India,Meghalaya,25.5788,91.8933,03:04,11:26,14:49,18:17,19:42,2025-06-27
India,Meghalaya,25.5788,91.8933,03:05,11:26,14:50,18:17,19:42,2025-06-28
India,Meghalaya,25.5788,91.8933,03:05,11:26,14:50,18:17,19:42,2025-06-29
India,Meghalaya,25.5788,91.8933,03:05,11:26,14:50,18:18,19:42,2025-06-30
India,Meghalaya,25.5788,91.8933,03:06,11:26,14:50,18:18,19:42,2025-07-01
India,Meghalaya,25.5788,91.8933,03:06,11:27,14:51,18:18,19:41,2025-07-02
India,Meghalaya,25.5788,91.8933,03:07,11:27,14:51,18:18,19:41,2025-07-03
India,Meghalaya,25.5788,91.8933,03:07,11:27,14:51,18:18,19:41,2025-07-04
India,Meghalaya,25.5788,91.8933,03:08,11:27,14:51,18:17,19:41,2025-07-05
India,Meghalaya,25.5788,91.8933,03:08,11:27,14:52,18:17,19:41,2025-07-06
India,Meghalaya,25.5788,91.8933,03:09,11:27,14:52,18:17,19:41,2025-07-07
India,Meghalaya,25.5788,91.8933,03:09,11:28,14:52,18:17,19:40,2025-07-08
India,Meghalaya,25.5788,91.8933,03:10,11:28,14:52,18:17,19:40,2025-07-09
India,Meghalaya,25.5788,91.8933,03:10,11:28,14:53,18:17,19:40,2025-07-10
India,Meghalaya,25.5788,91.8933,03:11,11:28,14:53,18:17,19:40,2025-07-11
India,Meghalaya,25.5788,91.8933,03:12,11:28,14:53,18:16,19:39,2025-07-12
India,Meghalaya,25.5788,91.8933,03:12,11:28,14:54,18:16,19:39,2025-07-13
India,Meghalaya,25.5788,91.8933,03:13,11:28,14:54,18:16,19:38,2025-07-14
India,Meghalaya,25.5788,91.8933,03:14,11:28,14:54,18:16,19:38,2025-07-15
India,Meghalaya,25.5788,91.8933,03:14,11:29,14:54,18:15,19:38,2025-07-16
India,Meghalaya,25.5788,91.8933,03:15,11:29,14:54,18:15,19:37,2025-07-17
India,Meghalaya,25.5788,91.8933,03:15,11:29,14:55,18:15,19:37,2025-07-18
India,Meghalaya,25.5788,91.8933,03:16,11:29,14:55,18:14,19:36,2025-07-19
India,Meghalaya,25.5788,91.8933,03:17,11:29,14:55,18:14,19:36,2025-07-20
India,Meghalaya,25.5788,91.8933,03:17,11:29,14:55,18:14,19:35,2025-07-21
India,Meghalaya,25.5788,91.8933,03:18,11:29,14:55,18:13,19:34,2025-07-22
India,Meghalaya,25.5788,91.8933,03:19,11:29,14:56,18:13,19:34,2025-07-23
India,Meghalaya,25.5788,91.8933,03:20,11:29,14:56,18:12,19:33,2025-07-24
India,Meghalaya,25.5788,91.8933,03:20,11:29,14:56,18:12,19:32,2025-07-25
India,Meghalaya,25.5788,91.8933,03:21,11:29,14:56,18:11,19:32,2025-07-26
India,Meghalaya,25.5788,91.8933,03:22,11:29,14:56,18:11,19:31,2025-07-27
India,Meghalaya,25.5788,91.8933,03:22,11:29,14:56,18:10,19:30,2025-07-28
India,Meghalaya,25.5788,91.8933,03:23,11:29,14:57,18:10,19:30,2025-07-29
India,Meghalaya,25.5788,91.8933,03:24,11:29,14:57,18:09,19:29,2025-07-30
India,Meghalaya,25.5788,91.8933,03:24,11:29,14:57,18:09,19:28,2025-07-31
India,Meghalaya,25.5788,91.8933,03:25,11:29,14:57,18:08,19:27,2025-08-01
India,Meghalaya,25.5788,91.8933,03:26,11:29,14:57,18:07,19:26,2025-08-02
India,Meghalaya,25.5788,91.8933,03:27,11:29,14:57,18:07,19:26,2025-08-03
India,Meghalaya,25.5788,91.8933,03:27,11:28,14:57,18:06,19:25,2025-08-04
India,Meghalaya,25.5788,91.8933,03:28,11:28,14:57,18:05,19:24,2025-08-05
India,Meghalaya,25.5788,91.8933,03:29,11:28,14:57,18:05,19:23,2025-08-06
India,Meghalaya,25.5788,91.8933,03:29,11:28,14:57,18:04,19:22,2025-08-07
India,Meghalaya,25.5788,91.8933,03:30,11:28,14:57,18:03,19:21,2025-08-08
India,Meghalaya,25.5788,91.8933,03:31,11:28,14:57,18:03,19:20,2025-08-09
India,Meghalaya,25.5788,91.8933,03:31,11:28,14:57,18:02,19:19,2025-08-10
India,Meghalaya,25.5788,91.8933,03:32,11:28,14:57,18:01,19:18,2025-08-11
India,Meghalaya,25.5788,91.8933,03:33,11:27,14:57,18:00,19:17,2025-08-12
India,Meghalaya,25.5788,91.8933,03:33,11:27,14:57,17:59,19:16,2025-08-13
India,Meghalaya,25.5788,91.8933,03:34,11:27,14:57,17:59,19:15,2025-08-14
India,Meghalaya,25.5788,91.8933,03:35,11:27,14:56,17:58,19:14,2025-08-15
India,Meghalaya,25.5788,91.8933,03:35,11:27,14:56,17:57,19:13,2025-08-16
India,Meghalaya,25.5788,91.8933,03:36,11:26,14:56,17:56,19:12,2025-08-17
India,Meghalaya,25.5788,91.8933,03:37,11:26,14:56,17:55,19:11,2025-08-18
India,Meghalaya,25.5788,91.8933,03:37,11:26,14:56,17:54,19:10,2025-08-19
India,Meghalaya,25.5788,91.8933,03:38,11:26,14:56,17:53,19:09,2025-08-20
India,Meghalaya,25.5788,91.8933,03:38,11:25,14:55,17:52,19:08,2025-08-21
India,Meghalaya,25.5788,91.8933,03:39,11:25,14:55,17:51,19:07,2025-08-22
India,Meghalaya,25.5788,91.8933,03:40,11:25,14:55,17:50,19:06,2025-08-23
India,Meghalaya,25.5788,91.8933,03:40,11:25,14:55,17:49,19:04,2025-08-24
India,Meghalaya,25.5788,91.8933,03:41,11:24,14:54,17:48,19:03,2025-08-25
India,Meghalaya,25.5788,91.8933,03:41,11:24,14:54,17:47,19:02,2025-08-26
India,Meghalaya,25.5788,91.8933,03:42,11:24,14:54,17:47,19:01,2025-08-27
India,Meghalaya,25.5788,91.8933,03:42,11:24,14:53,17:45,19:00,2025-08-28
India,Meghalaya,25.5788,91.8933,03:43,11:23,14:53,17:44,18:59,2025-08-29
India,Meghalaya,25.5788,91.8933,03:44,11:23,14:53,17:43,18:58,2025-08-30
India,Meghalaya,25.5788,91.8933,03:44,11:23,14:52,17:42,18:56,2025-08-31
India,Meghalaya,25.5788,91.8933,03:45,11:22,14:52,17:41,18:55,2025-09-01
India,Meghalaya,25.5788,91.8933,03:45,11:22,14:52,17:40,18:54,2025-09-02
India,Meghalaya,25.5788,91.8933,03:46,11:22,14:51,17:39,18:53,2025-09-03
India,Meghalaya,25.5788,91.8933,03:46,11:21,14:51,17:38,18:52,2025-09-04
India,Meghalaya,25.5788,91.8933,03:47,11:21,14:50,17:37,18:51,2025-09-05
India,Meghalaya,25.5788,91.8933,03:47,11:21,14:50,17:36,18:49,2025-09-06
India,Meghalaya,25.5788,91.8933,03:48,11:20,14:49,17:35,18:48,2025-09-07
India,Meghalaya,25.5788,91.8933,03:48,11:20,14:49,17:34,18:47,2025-09-08
India,Meghalaya,25.5788,91.8933,03:49,11:20,14:48,17:33,18:46,2025-09-09
India,Meghalaya,25.5788,91.8933,03:49,11:19,14:48,17:32,18:45,2025-09-10
India,Meghalaya,25.5788,91.8933,03:50,11:19,14:47,17:31,18:43,2025-09-11
India,Meghalaya,25.5788,91.8933,03:50,11:19,14:47,17:30,18:42,2025-09-12
India,Meghalaya,25.5788,91.8933,03:51,11:18,14:46,17:29,18:41,2025-09-13
India,Meghalaya,25.5788,91.8933,03:51,11:18,14:46,17:27,18:40,2025-09-14
India,Meghalaya,25.5788,91.8933,03:52,11:17,14:45,17:26,18:39,2025-09-15
India,Meghalaya,25.5788,91.8933,03:52,11:17,14:45,17:25,18:38,2025-09-16
India,Meghalaya,25.5788,91.8933,03:53,11:17,14:44,17:24,18:36,2025-09-17
India,Meghalaya,25.5788,91.8933,03:53,11:16,14:44,17:23,18:35,2025-09-18
India,Meghalaya,25.5788,91.8933,03:53,11:16,14:43,17:22,18:34,2025-09-19
India,Meghalaya,25.5788,91.8933,03:54,11:16,14:43,17:21,18:33,2025-09-20
India,Meghalaya,25.5788,91.8933,03:54,11:15,14:42,17:20,18:32,2025-09-21
India,Meghalaya,25.5788,91.8933,03:55,11:15,14:41,17:19,18:31,2025-09-22
India,Meghalaya,25.5788,91.8933,03:55,11:15,14:41,17:18,18:29,2025-09-23
India,Meghalaya,25.5788,91.8933,03:56,11:14,14:40,17:16,18:28,2025-09-24
India,Meghalaya,25.5788,91.8933,03:56,11:14,14:40,17:15,18:27,2025-09-25
India,Meghalaya,25.5788,91.8933,03:57,11:14,14:39,17:14,18:26,2025-09-26
India,Meghalaya,25.5788,91.8933,03:57,11:13,14:38,17:13,18:25,2025-09-27
India,Meghalaya,25.5788,91.8933,03:57,11:13,14:38,17:12,18:24,2025-09-28
India,Meghalaya,25.5788,91.8933,03:58,11:13,14:37,17:11,18:23,2025-09-29
India,Meghalaya,25.5788,91.8933,03:58,11:12,14:36,17:10,18:22,2025-09-30
India,Meghalaya,25.5788,91.8933,03:59,11:12,14:36,17:09,18:21,2025-10-01
India,Meghalaya,25.5788,91.8933,03:59,11:12,14:35,17:08,18:20,2025-10-02
India,Meghalaya,25.5788,91.8933,04:00,11:11,14:35,17:07,18:19,2025-10-03
India,Meghalaya,25.5788,91.8933,04:00,11:11,14:34,17:06,18:18,2025-10-04
India,Meghalaya,25.5788,91.8933,04:00,11:11,14:33,17:05,18:16,2025-10-05
India,Meghalaya,25.5788,91.8933,04:01,11:10,14:33,17:04,18:15,2025-10-06
India,Meghalaya,25.5788,91.8933,04:01,11:10,14:32,17:03,18:14,2025-10-07
India,Meghalaya,25.5788,91.8933,04:02,11:10,14:31,17:02,18:13,2025-10-08
India,Meghalaya,25.5788,91.8933,04:02,11:10,14:31,17:01,18:12,2025-10-09
India,Meghalaya,25.5788,91.8933,04:03,11:09,14:30,17:00,18:12,2025-10-10
India,Meghalaya,25.5788,91.8933,04:03,11:09,14:29,16:59,18:11,2025-10-11
India,Meghalaya,25.5788,91.8933,04:03,11:09,14:29,16:58,18:10,2025-10-12
India,Meghalaya,25.5788,91.8933,04:04,11:09,14:28,16:57,18:09,2025-10-13
India,Meghalaya,25.5788,91.8933,04:04,11:08,14:27,16:56,18:08,2025-10-14
India,Meghalaya,25.5788,91.8933,04:05,11:08,14:27,16:55,18:07,2025-10-15
India,Meghalaya,25.5788,91.8933,04:05,11:08,14:26,16:54,18:06,2025-10-16
India,Meghalaya,25.5788,91.8933,04:06,11:08,14:26,16:53,18:05,2025-10-17
India,Meghalaya,25.5788,91.8933,04:06,11:07,14:25,16:52,18:04,2025-10-18
India,Meghalaya,25.5788,91.8933,04:07,11:07,14:24,16:51,18:03,2025-10-19
India,Meghalaya,25.5788,91.8933,04:07,11:07,14:24,16:50,18:03,2025-10-20
India,Meghalaya,25.5788,91.8933,04:08,11:07,14:23,16:49,18:02,2025-10-21
India,Meghalaya,25.5788,91.8933,04:08,11:07,14:23,16:49,18:01,2025-10-22
India,Meghalaya,25.5788,91.8933,04:09,11:07,14:22,16:48,18:00,2025-10-23
India,Meghalaya,25.5788,91.8933,04:09,11:07,14:22,16:47,18:00,2025-10-24
India,Meghalaya,25.5788,91.8933,04:10,11:06,14:21,16:46,17:59,2025-10-25
India,Meghalaya,25.5788,91.8933,04:10,11:06,14:20,16:45,17:58,2025-10-26
India,Meghalaya,25.5788,91.8933,04:11,11:06,14:20,16:45,17:58,2025-10-27
India,Meghalaya,25.5788,91.8933,04:11,11:06,14:19,16:44,17:57,2025-10-28
India,Meghalaya,25.5788,91.8933,04:12,11:06,14:19,16:43,17:56,2025-10-29
India,Meghalaya,25.5788,91.8933,04:12,11:06,14:18,16:42,17:56,2025-10-30
India,Meghalaya,25.5788,91.8933,04:13,11:06,14:18,16:42,17:55,2025-10-31
India,Meghalaya,25.5788,91.8933,04:13,11:06,14:17,16:41,17:54,2025-11-01
India,Meghalaya,25.5788,91.8933,04:14,11:06,14:17,16:40,17:54,2025-11-02
India,Meghalaya,25.5788,91.8933,04:14,11:06,14:16,16:40,17:53,2025-11-03
India,Meghalaya,25.5788,91.8933,04:15,11:06,14:16,16:39,17:53,2025-11-04
India,Meghalaya,25.5788,91.8933,04:15,11:06,14:16,16:39,17:52,2025-11-05
India,Meghalaya,25.5788,91.8933,04:16,11:06,14:15,16:38,17:52,2025-11-06
India,Meghalaya,25.5788,91.8933,04:16,11:06,14:15,16:37,17:51,2025-11-07
India,Meghalaya,25.5788,91.8933,04:17,11:06,14:14,16:37,17:51,2025-11-08
India,Meghalaya,25.5788,91.8933,04:17,11:06,14:14,16:36,17:51,2025-11-09
India,Meghalaya,25.5788,91.8933,04:18,11:06,14:14,16:36,17:50,2025-11-10
India,Meghalaya,25.5788,91.8933,04:19,11:06,14:13,16:35,17:50,2025-11-11
India,Meghalaya,25.5788,91.8933,04:19,11:07,14:13,16:35,17:50,2025-11-12
India,Meghalaya,25.5788,91.8933,04:20,11:07,14:13,16:35,17:49,2025-11-13
India,Meghalaya,25.5788,91.8933,04:20,11:07,14:13,16:34,17:49,2025-11-14
India,Meghalaya,25.5788,91.8933,04:21,11:07,14:12,16:34,17:49,2025-11-15
India,Meghalaya,25.5788,91.8933,04:22,11:07,14:12,16:33,17:48,2025-11-16
India,Meghalaya,25.5788,91.8933,04:22,11:07,14:12,16:33,17:48,2025-11-17
India,Meghalaya,25.5788,91.8933,04:23,11:08,14:12,16:33,17:48,2025-11-18
India,Meghalaya,25.5788,91.8933,04:23,11:08,14:12,16:33,17:48,2025-11-19
India,Meghalaya,25.5788,91.8933,04:24,11:08,14:11,16:32,17:48,2025-11-20
India,Meghalaya,25.5788,91.8933,04:25,11:08,14:11,16:32,17:48,2025-11-21
India,Meghalaya,25.5788,91.8933,04:25,11:09,14:11,16:32,17:48,2025-11-22
India,Meghalaya,25.5788,91.8933,04:26,11:09,14:11,16:32,17:47,2025-11-23
India,Meghalaya,25.5788,91.8933,04:27,11:09,14:11,16:32,17:47,2025-11-24
India,Meghalaya,25.5788,91.8933,04:27,11:10,14:11,16:31,17:47,2025-11-25
India,Meghalaya,25.5788,91.8933,04:28,11:10,14:11,16:31,17:47,2025-11-26
India,Meghalaya,25.5788,91.8933,04:28,11:10,14:11,16:31,17:47,2025-11-27
India,Meghalaya,25.5788,91.8933,04:29,11:11,14:11,16:31,17:47,2025-11-28
India,Meghalaya,25.5788,91.8933,04:30,11:11,14:11,16:31,17:48,2025-11-29
India,Meghalaya,25.5788,91.8933,04:30,11:11,14:11,16:31,17:48,2025-11-30
India,Meghalaya,25.5788,91.8933,04:31,11:12,14:11,16:31,17:48,2025-12-01
India,Meghalaya,25.5788,91.8933,04:32,11:12,14:11,16:31,17:48,2025-12-02
India,Meghalaya,25.5788,91.8933,04:32,11:12,14:12,16:31,17:48,2025-12-03
India,Meghalaya,25.5788,91.8933,04:33,11:13,14:12,16:32,17:48,2025-12-04
India,Meghalaya,25.5788,91.8933,04:33,11:13,14:12,16:32,17:48,2025-12-05
India,Meghalaya,25.5788,91.8933,04:34,11:14,14:12,16:32,17:49,2025-12-06
India,Meghalaya,25.5788,91.8933,04:35,11:14,14:12,16:32,17:49,2025-12-07
India,Meghalaya,25.5788,91.8933,04:35,11:15,14:13,16:32,17:49,2025-12-08
India,Meghalaya,25.5788,91.8933,04:36,11:15,14:13,16:32,17:49,2025-12-09
India,Meghalaya,25.5788,91.8933,04:36,11:15,14:13,16:33,17:50,2025-12-10
India,Meghalaya,25.5788,91.8933,04:37,11:16,14:13,16:33,17:50,2025-12-11
India,Meghalaya,25.5788,91.8933,04:38,11:16,14:14,16:33,17:50,2025-12-12
India,Meghalaya,25.5788,91.8933,04:38,11:17,14:14,16:34,17:51,2025-12-13
India,Meghalaya,25.5788,91.8933,04:39,11:17,14:14,16:34,17:51,2025-12-14
India,Meghalaya,25.5788,91.8933,04:39,11:18,14:15,16:34,17:52,2025-12-15
India,Meghalaya,25.5788,91.8933,04:40,11:18,14:15,16:35,17:52,2025-12-16
India,Meghalaya,25.5788,91.8933,04:40,11:19,14:16,16:35,17:52,2025-12-17
India,Meghalaya,25.5788,91.8933,04:41,11:19,14:16,16:36,17:53,2025-12-18
India,Meghalaya,25.5788,91.8933,04:42,11:20,14:17,16:36,17:53,2025-12-19
India,Meghalaya,25.5788,91.8933,04:42,11:20,14:17,16:36,17:54,2025-12-20
India,Meghalaya,25.5788,91.8933,04:43,11:21,14:18,16:37,17:54,2025-12-21
India,Meghalaya,25.5788,91.8933,04:43,11:21,14:18,16:37,17:55,2025-12-22
India,Meghalaya,25.5788,91.8933,04:44,11:22,14:19,16:38,17:55,2025-12-23
India,Meghalaya,25.5788,91.8933,04:44,11:22,14:19,16:39,17:56,2025-12-24
India,Meghalaya,25.5788,91.8933,04:44,11:23,14:20,16:39,17:56,2025-12-25
India,Meghalaya,25.5788,91.8933,04:45,11:23,14:20,16:40,17:57,2025-12-26
India,Meghalaya,25.5788,91.8933,04:45,11:24,14:21,16:40,17:57,2025-12-27
India,Meghalaya,25.5788,91.8933,04:46,11:24,14:21,16:41,17:58,2025-12-28
India,Meghalaya,25.5788,91.8933,04:46,11:25,14:22,16:41,17:59,2025-12-29
India,Meghalaya,25.5788,91.8933,04:46,11:25,14:23,16:42,17:59,2025-12-30
India,Meghalaya,25.5788,91.8933,04:47,11:26,14:23,16:43,18:00,2025-12-31
India,Mizoram,23.7271,92.7176,04:41,11:23,14:24,16:44,18:00,2025-01-01
India,Mizoram,23.7271,92.7176,04:42,11:23,14:25,16:45,18:01,2025-01-02
India,Mizoram,23.7271,92.7176,04:42,11:24,14:25,16:45,18:01,2025-01-03
India,Mizoram,23.7271,92.7176,04:42,11:24,14:26,16:46,18:02,2025-01-04
India,Mizoram,23.7271,92.7176,04:43,11:25,14:26,16:47,18:02,2025-01-05
India,Mizoram,23.7271,92.7176,04:43,11:25,14:27,16:47,18:03,2025-01-06
India,Mizoram,23.7271,92.7176,04:43,11:26,14:28,16:48,18:04,2025-01-07
India,Mizoram,23.7271,92.7176,04:43,11:26,14:28,16:49,18:04,2025-01-08
India,Mizoram,23.7271,92.7176,04:43,11:26,14:29,16:50,18:05,2025-01-09
India,Mizoram,23.7271,92.7176,04:44,11:27,14:30,16:50,18:06,2025-01-10
India,Mizoram,23.7271,92.7176,04:44,11:27,14:30,16:51,18:06,2025-01-11
India,Mizoram,23.7271,92.7176,04:44,11:28,14:31,16:52,18:07,2025-01-12
India,Mizoram,23.7271,92.7176,04:44,11:28,14:32,16:52,18:07,2025-01-13
India,Mizoram,23.7271,92.7176,04:44,11:28,14:32,16:53,18:08,2025-01-14
India,Mizoram,23.7271,92.7176,04:44,11:29,14:33,16:54,18:09,2025-01-15
India,Mizoram,23.7271,92.7176,04:44,11:29,14:34,16:55,18:09,2025-01-16
India,Mizoram,23.7271,92.7176,04:44,11:29,14:34,16:55,18:10,2025-01-17
India,Mizoram,23.7271,92.7176,04:44,11:30,14:35,16:56,18:11,2025-01-18
India,Mizoram,23.7271,92.7176,04:44,11:30,14:36,16:57,18:11,2025-01-19
India,Mizoram,23.7271,92.7176,04:44,11:30,14:36,16:57,18:12,2025-01-20
India,Mizoram,23.7271,92.7176,04:44,11:31,14:37,16:58,18:12,2025-01-21
India,Mizoram,23.7271,92.7176,04:44,11:31,14:37,16:59,18:13,2025-01-22
India,Mizoram,23.7271,92.7176,04:44,11:31,14:38,17:00,18:14,2025-01-23
India,Mizoram,23.7271,92.7176,04:44,11:31,14:39,17:00,18:14,2025-01-24
India,Mizoram,23.7271,92.7176,04:44,11:32,14:39,17:01,18:15,2025-01-25
India,Mizoram,23.7271,92.7176,04:44,11:32,14:40,17:02,18:15,2025-01-26
India,Mizoram,23.7271,92.7176,04:43,11:32,14:40,17:02,18:16,2025-01-27
India,Mizoram,23.7271,92.7176,04:43,11:32,14:41,17:03,18:17,2025-01-28
India,Mizoram,23.7271,92.7176,04:43,11:32,14:41,17:04,18:17,2025-01-29
India,Mizoram,23.7271,92.7176,04:43,11:32,14:42,17:05,18:18,2025-01-30
India,Mizoram,23.7271,92.7176,04:42,11:33,14:43,17:05,18:18,2025-01-31
India,Mizoram,23.7271,92.7176,04:42,11:33,14:43,17:06,18:19,2025-02-01
India,Mizoram,23.7271,92.7176,04:42,11:33,14:44,17:07,18:20,2025-02-02
India,Mizoram,23.7271,92.7176,04:41,11:33,14:44,17:07,18:20,2025-02-03
India,Mizoram,23.7271,92.7176,04:41,11:33,14:45,17:08,18:21,2025-02-04
India,Mizoram,23.7271,92.7176,04:41,11:33,14:45,17:09,18:21,2025-02-05
India,Mizoram,23.7271,92.7176,04:40,11:33,14:46,17:09,18:22,2025-02-06
India,Mizoram,23.7271,92.7176,04:40,11:33,14:46,17:10,18:22,2025-02-07
India,Mizoram,23.7271,92.7176,04:39,11:33,14:46,17:11,18:23,2025-02-08
India,Mizoram,23.7271,92.7176,04:39,11:33,14:47,17:11,18:23,2025-02-09
India,Mizoram,23.7271,92.7176,04:38,11:33,14:47,17:12,18:24,2025-02-10
India,Mizoram,23.7271,92.7176,04:38,11:33,14:48,17:12,18:24,2025-02-11
India,Mizoram,23.7271,92.7176,04:37,11:33,14:48,17:13,18:25,2025-02-12
India,Mizoram,23.7271,92.7176,04:37,11:33,14:48,17:14,18:25,2025-02-13
India,Mizoram,23.7271,92.7176,04:36,11:33,14:49,17:14,18:26,2025-02-14
India,Mizoram,23.7271,92.7176,04:36,11:33,14:49,17:15,18:26,2025-02-15
India,Mizoram,23.7271,92.7176,04:35,11:33,14:49,17:15,18:27,2025-02-16
India,Mizoram,23.7271,92.7176,04:34,11:33,14:50,17:16,18:27,2025-02-17
India,Mizoram,23.7271,92.7176,04:34,11:33,14:50,17:16,18:28,2025-02-18
India,Mizoram,23.7271,92.7176,04:33,11:33,14:50,17:17,18:28,2025-02-19
India,Mizoram,23.7271,92.7176,04:32,11:33,14:51,17:18,18:29,2025-02-20
India,Mizoram,23.7271,92.7176,04:32,11:33,14:51,17:18,18:29,2025-02-21
India,Mizoram,23.7271,92.7176,04:31,11:33,14:51,17:19,18:30,2025-02-22
India,Mizoram,23.7271,92.7176,04:30,11:32,14:51,17:19,18:30,2025-02-23
India,Mizoram,23.7271,92.7176,04:29,11:32,14:52,17:20,18:31,2025-02-24
India,Mizoram,23.7271,92.7176,04:29,11:32,14:52,17:20,18:31,2025-02-25
India,Mizoram,23.7271,92.7176,04:28,11:32,14:52,17:21,18:32,2025-02-26
India,Mizoram,23.7271,92.7176,04:27,11:32,14:52,17:21,18:32,2025-02-27
India,Mizoram,23.7271,92.7176,04:26,11:32,14:52,17:22,18:33,2025-02-28
India,Mizoram,23.7271,92.7176,04:25,11:31,14:52,17:22,18:33,2025-03-01
India,Mizoram,23.7271,92.7176,04:24,11:31,14:52,17:23,18:33,2025-03-02
India,Mizoram,23.7271,92.7176,04:24,11:31,14:53,17:23,18:34,2025-03-03
India,Mizoram,23.7271,92.7176,04:23,11:31,14:53,17:24,18:34,2025-03-04
India,Mizoram,23.7271,92.7176,04:22,11:30,14:53,17:24,18:35,2025-03-05
India,Mizoram,23.7271,92.7176,04:21,11:30,14:53,17:24,18:35,2025-03-06
India,Mizoram,23.7271,92.7176,04:20,11:30,14:53,17:25,18:36,2025-03-07
India,Mizoram,23.7271,92.7176,04:19,11:30,14:53,17:25,18:36,2025-03-08
India,Mizoram,23.7271,92.7176,04:18,11:30,14:53,17:26,18:36,2025-03-09
India,Mizoram,23.7271,92.7176,04:17,11:29,14:53,17:26,18:37,2025-03-10
India,Mizoram,23.7271,92.7176,04:16,11:29,14:53,17:27,18:37,2025-03-11
India,Mizoram,23.7271,92.7176,04:15,11:29,14:53,17:27,18:38,2025-03-12
India,Mizoram,23.7271,92.7176,04:14,11:28,14:53,17:28,18:38,2025-03-13
India,Mizoram,23.7271,92.7176,04:13,11:28,14:53,17:28,18:39,2025-03-14
India,Mizoram,23.7271,92.7176,04:12,11:28,14:53,17:28,18:39,2025-03-15
India,Mizoram,23.7271,92.7176,04:11,11:28,14:53,17:29,18:39,2025-03-16
India,Mizoram,23.7271,92.7176,04:10,11:27,14:53,17:29,18:40,2025-03-17
India,Mizoram,23.7271,92.7176,04:09,11:27,14:53,17:30,18:40,2025-03-18
India,Mizoram,23.7271,92.7176,04:08,11:27,14:52,17:30,18:41,2025-03-19
India,Mizoram,23.7271,92.7176,04:07,11:26,14:52,17:30,18:41,2025-03-20
India,Mizoram,23.7271,92.7176,04:06,11:26,14:52,17:31,18:42,2025-03-21
India,Mizoram,23.7271,92.7176,04:05,11:26,14:52,17:31,18:42,2025-03-22
India,Mizoram,23.7271,92.7176,04:04,11:26,14:52,17:32,18:43,2025-03-23
India,Mizoram,23.7271,92.7176,04:03,11:25,14:52,17:32,18:43,2025-03-24
India,Mizoram,23.7271,92.7176,04:02,11:25,14:52,17:32,18:43,2025-03-25
India,Mizoram,23.7271,92.7176,04:01,11:25,14:51,17:33,18:44,2025-03-26
India,Mizoram,23.7271,92.7176,04:00,11:24,14:51,17:33,18:44,2025-03-27
India,Mizoram,23.7271,92.7176,03:59,11:24,14:51,17:33,18:45,2025-03-28
India,Mizoram,23.7271,92.7176,03:58,11:24,14:51,17:34,18:45,2025-03-29
India,Mizoram,23.7271,92.7176,03:57,11:23,14:51,17:34,18:46,2025-03-30
India,Mizoram,23.7271,92.7176,03:56,11:23,14:50,17:35,18:46,2025-03-31
India,Mizoram,23.7271,92.7176,03:54,11:23,14:50,17:35,18:47,2025-04-01
India,Mizoram,23.7271,92.7176,03:53,11:23,14:50,17:35,18:47,2025-04-02
India,Mizoram,23.7271,92.7176,03:52,11:22,14:50,17:36,18:48,2025-04-03
India,Mizoram,23.7271,92.7176,03:51,11:22,14:50,17:36,18:48,2025-04-04
India,Mizoram,23.7271,92.7176,03:50,11:22,14:49,17:37,18:49,2025-04-05
India,Mizoram,23.7271,92.7176,03:49,11:21,14:49,17:37,18:49,2025-04-06
India,Mizoram,23.7271,92.7176,03:48,11:21,14:49,17:37,18:50,2025-04-07
India,Mizoram,23.7271,92.7176,03:47,11:21,14:49,17:38,18:50,2025-04-08
India,Mizoram,23.7271,92.7176,03:46,11:21,14:48,17:38,18:51,2025-04-09
India,Mizoram,23.7271,92.7176,03:45,11:20,14:48,17:39,18:51,2025-04-10
India,Mizoram,23.7271,92.7176,03:44,11:20,14:48,17:39,18:52,2025-04-11
India,Mizoram,23.7271,92.7176,03:43,11:20,14:47,17:39,18:52,2025-04-12
India,Mizoram,23.7271,92.7176,03:42,11:20,14:47,17:40,18:53,2025-04-13
India,Mizoram,23.7271,92.7176,03:41,11:19,14:47,17:40,18:53,2025-04-14
India,Mizoram,23.7271,92.7176,03:40,11:19,14:47,17:41,18:54,2025-04-15
India,Mizoram,23.7271,92.7176,03:38,11:19,14:46,17:41,18:54,2025-04-16
India,Mizoram,23.7271,92.7176,03:37,11:19,14:46,17:41,18:55,2025-04-17
India,Mizoram,23.7271,92.7176,03:36,11:18,14:46,17:42,18:56,2025-04-18
India,Mizoram,23.7271,92.7176,03:35,11:18,14:45,17:42,18:56,2025-04-19
India,Mizoram,23.7271,92.7176,03:34,11:18,14:45,17:43,18:57,2025-04-20
India,Mizoram,23.7271,92.7176,03:33,11:18,14:45,17:43,18:57,2025-04-21
India,Mizoram,23.7271,92.7176,03:32,11:18,14:44,17:44,18:58,2025-04-22
India,Mizoram,23.7271,92.7176,03:31,11:17,14:44,17:44,18:59,2025-04-23
India,Mizoram,23.7271,92.7176,03:30,11:17,14:44,17:44,18:59,2025-04-24
India,Mizoram,23.7271,92.7176,03:29,11:17,14:44,17:45,19:00,2025-04-25
India,Mizoram,23.7271,92.7176,03:29,11:17,14:43,17:45,19:00,2025-04-26
India,Mizoram,23.7271,92.7176,03:28,11:17,14:43,17:46,19:01,2025-04-27
India,Mizoram,23.7271,92.7176,03:27,11:17,14:43,17:46,19:02,2025-04-28
India,Mizoram,23.7271,92.7176,03:26,11:16,14:42,17:47,19:02,2025-04-29
India,Mizoram,23.7271,92.7176,03:25,11:16,14:42,17:47,19:03,2025-04-30
India,Mizoram,23.7271,92.7176,03:24,11:16,14:42,17:48,19:04,2025-05-01
India,Mizoram,23.7271,92.7176,03:23,11:16,14:42,17:48,19:04,2025-05-02
India,Mizoram,23.7271,92.7176,03:22,11:16,14:41,17:49,19:05,2025-05-03
India,Mizoram,23.7271,92.7176,03:21,11:16,14:41,17:49,19:05,2025-05-04
India,Mizoram,23.7271,92.7176,03:21,11:16,14:41,17:50,19:06,2025-05-05
India,Mizoram,23.7271,92.7176,03:20,11:16,14:41,17:50,19:07,2025-05-06
India,Mizoram,23.7271,92.7176,03:19,11:16,14:40,17:50,19:07,2025-05-07
India,Mizoram,23.7271,92.7176,03:18,11:16,14:40,17:51,19:08,2025-05-08
India,Mizoram,23.7271,92.7176,03:17,11:16,14:40,17:51,19:09,2025-05-09
India,Mizoram,23.7271,92.7176,03:17,11:16,14:40,17:52,19:09,2025-05-10
India,Mizoram,23.7271,92.7176,03:16,11:16,14:39,17:52,19:10,2025-05-11
India,Mizoram,23.7271,92.7176,03:15,11:15,14:39,17:53,19:11,2025-05-12
India,Mizoram,23.7271,92.7176,03:14,11:15,14:39,17:53,19:11,2025-05-13
India,Mizoram,23.7271,92.7176,03:14,11:15,14:39,17:54,19:12,2025-05-14
India,Mizoram,23.7271,92.7176,03:13,11:16,14:39,17:54,19:13,2025-05-15
India,Mizoram,23.7271,92.7176,03:13,11:16,14:38,17:55,19:13,2025-05-16
India,Mizoram,23.7271,92.7176,03:12,11:16,14:38,17:55,19:14,2025-05-17
India,Mizoram,23.7271,92.7176,03:11,11:16,14:38,17:56,19:15,2025-05-18
India,Mizoram,23.7271,92.7176,03:11,11:16,14:38,17:56,19:15,2025-05-19
India,Mizoram,23.7271,92.7176,03:10,11:16,14:38,17:57,19:16,2025-05-20
India,Mizoram,23.7271,92.7176,03:10,11:16,14:38,17:57,19:17,2025-05-21
India,Mizoram,23.7271,92.7176,03:09,11:16,14:37,17:58,19:17,2025-05-22
India,Mizoram,23.7271,92.7176,03:09,11:16,14:37,17:58,19:18,2025-05-23
India,Mizoram,23.7271,92.7176,03:08,11:16,14:37,17:59,19:19,2025-05-24
India,Mizoram,23.7271,92.7176,03:08,11:16,14:37,17:59,19:19,2025-05-25
India,Mizoram,23.7271,92.7176,03:07,11:16,14:37,18:00,19:20,2025-05-26
India,Mizoram,23.7271,92.7176,03:07,11:16,14:37,18:00,19:21,2025-05-27
India,Mizoram,23.7271,92.7176,03:07,11:16,14:37,18:01,19:21,2025-05-28
India,Mizoram,23.7271,92.7176,03:06,11:17,14:37,18:01,19:22,2025-05-29
India,Mizoram,23.7271,92.7176,03:06,11:17,14:37,18:01,19:22,2025-05-30
India,Mizoram,23.7271,92.7176,03:06,11:17,14:37,18:02,19:23,2025-05-31
India,Mizoram,23.7271,92.7176,03:05,11:17,14:37,18:02,19:23,2025-06-01
India,Mizoram,23.7271,92.7176,03:05,11:17,14:37,18:03,19:24,2025-06-02
India,Mizoram,23.7271,92.7176,03:05,11:17,14:37,18:03,19:25,2025-06-03
India,Mizoram,23.7271,92.7176,03:05,11:18,14:37,18:04,19:25,2025-06-04
India,Mizoram,23.7271,92.7176,03:05,11:18,14:37,18:04,19:26,2025-06-05
India,Mizoram,23.7271,92.7176,03:04,11:18,14:37,18:04,19:26,2025-06-06
India,Mizoram,23.7271,92.7176,03:04,11:18,14:37,18:05,19:27,2025-06-07
India,Mizoram,23.7271,92.7176,03:04,11:18,14:37,18:05,19:27,2025-06-08
India,Mizoram,23.7271,92.7176,03:04,11:19,14:37,18:06,19:27,2025-06-09
India,Mizoram,23.7271,92.7176,03:04,11:19,14:37,18:06,19:28,2025-06-10
India,Mizoram,23.7271,92.7176,03:04,11:19,14:37,18:06,19:28,2025-06-11
India,Mizoram,23.7271,92.7176,03:04,11:19,14:38,18:07,19:29,2025-06-12
India,Mizoram,23.7271,92.7176,03:04,11:19,14:38,18:07,19:29,2025-06-13
India,Mizoram,23.7271,92.7176,03:04,11:20,14:38,18:07,19:29,2025-06-14
India,Mizoram,23.7271,92.7176,03:04,11:20,14:38,18:08,19:30,2025-06-15
India,Mizoram,23.7271,92.7176,03:04,11:20,14:38,18:08,19:30,2025-06-16
India,Mizoram,23.7271,92.7176,03:05,11:20,14:38,18:08,19:30,2025-06-17
India,Mizoram,23.7271,92.7176,03:05,11:20,14:39,18:08,19:31,2025-06-18
India,Mizoram,23.7271,92.7176,03:05,11:21,14:39,18:09,19:31,2025-06-19
India,Mizoram,23.7271,92.7176,03:05,11:21,14:39,18:09,19:31,2025-06-20
India,Mizoram,23.7271,92.7176,03:05,11:21,14:39,18:09,19:31,2025-06-21
India,Mizoram,23.7271,92.7176,03:06,11:21,14:39,18:09,19:32,2025-06-22
India,Mizoram,23.7271,92.7176,03:06,11:21,14:40,18:09,19:32,2025-06-23
India,Mizoram,23.7271,92.7176,03:06,11:22,14:40,18:10,19:32,2025-06-24
India,Mizoram,23.7271,92.7176,03:06,11:22,14:40,18:10,19:32,2025-06-25
India,Mizoram,23.7271,92.7176,03:07,11:22,14:40,18:10,19:32,2025-06-26
India,Mizoram,23.7271,92.7176,03:07,11:22,14:41,18:10,19:32,2025-06-27
India,Mizoram,23.7271,92.7176,03:07,11:23,14:41,18:10,19:32,2025-06-28
India,Mizoram,23.7271,92.7176,03:08,11:23,14:41,18:10,19:32,2025-06-29
India,Mizoram,23.7271,92.7176,03:08,11:23,14:41,18:10,19:32,2025-06-30
India,Mizoram,23.7271,92.7176,03:09,11:23,14:42,18:10,19:32,2025-07-01
India,Mizoram,23.7271,92.7176,03:09,11:23,14:42,18:10,19:32,2025-07-02
India,Mizoram,23.7271,92.7176,03:09,11:24,14:42,18:10,19:32,2025-07-03
India,Mizoram,23.7271,92.7176,03:10,11:24,14:43,18:10,19:32,2025-07-04
India,Mizoram,23.7271,92.7176,03:10,11:24,14:43,18:10,19:32,2025-07-05
India,Mizoram,23.7271,92.7176,03:11,11:24,14:43,18:10,19:32,2025-07-06
India,Mizoram,23.7271,92.7176,03:11,11:24,14:44,18:10,19:32,2025-07-07
India,Mizoram,23.7271,92.7176,03:12,11:24,14:44,18:10,19:31,2025-07-08
India,Mizoram,23.7271,92.7176,03:12,11:24,14:44,18:10,19:31,2025-07-09
India,Mizoram,23.7271,92.7176,03:13,11:25,14:44,18:10,19:31,2025-07-10
India,Mizoram,23.7271,92.7176,03:14,11:25,14:45,18:10,19:31,2025-07-11
India,Mizoram,23.7271,92.7176,03:14,11:25,14:45,18:09,19:30,2025-07-12
India,Mizoram,23.7271,92.7176,03:15,11:25,14:45,18:09,19:30,2025-07-13
India,Mizoram,23.7271,92.7176,03:15,11:25,14:46,18:09,19:30,2025-07-14
India,Mizoram,23.7271,92.7176,03:16,11:25,14:46,18:09,19:29,2025-07-15
India,Mizoram,23.7271,92.7176,03:17,11:25,14:46,18:09,19:29,2025-07-16
India,Mizoram,23.7271,92.7176,03:17,11:25,14:46,18:08,19:28,2025-07-17
India,Mizoram,23.7271,92.7176,03:18,11:25,14:47,18:08,19:28,2025-07-18
India,Mizoram,23.7271,92.7176,03:18,11:26,14:47,18:08,19:27,2025-07-19
India,Mizoram,23.7271,92.7176,03:19,11:26,14:47,18:07,19:27,2025-07-20
India,Mizoram,23.7271,92.7176,03:20,11:26,14:47,18:07,19:26,2025-07-21
India,Mizoram,23.7271,92.7176,03:20,11:26,14:48,18:07,19:26,2025-07-22
India,Mizoram,23.7271,92.7176,03:21,11:26,14:48,18:06,19:25,2025-07-23
India,Mizoram,23.7271,92.7176,03:21,11:26,14:48,18:06,19:25,2025-07-24
India,Mizoram,23.7271,92.7176,03:22,11:26,14:48,18:05,19:24,2025-07-25
India,Mizoram,23.7271,92.7176,03:23,11:26,14:49,18:05,19:24,2025-07-26
India,Mizoram,23.7271,92.7176,03:23,11:26,14:49,18:04,19:23,2025-07-27
India,Mizoram,23.7271,92.7176,03:24,11:26,14:49,18:04,19:22,2025-07-28
India,Mizoram,23.7271,92.7176,03:25,11:26,14:49,18:03,19:22,2025-07-29
India,Mizoram,23.7271,92.7176,03:25,11:26,14:49,18:03,19:21,2025-07-30
India,Mizoram,23.7271,92.7176,03:26,11:26,14:49,18:02,19:20,2025-07-31
India,Mizoram,23.7271,92.7176,03:27,11:25,14:50,18:02,19:19,2025-08-01
India,Mizoram,23.7271,92.7176,03:27,11:25,14:50,18:01,19:19,2025-08-02
India,Mizoram,23.7271,92.7176,03:28,11:25,14:50,18:01,19:18,2025-08-03
India,Mizoram,23.7271,92.7176,03:28,11:25,14:50,18:00,19:17,2025-08-04
India,Mizoram,23.7271,92.7176,03:29,11:25,14:50,17:59,19:16,2025-08-05
India,Mizoram,23.7271,92.7176,03:30,11:25,14:50,17:59,19:15,2025-08-06
India,Mizoram,23.7271,92.7176,03:30,11:25,14:50,17:58,19:14,2025-08-07
India,Mizoram,23.7271,92.7176,03:31,11:25,14:50,17:57,19:14,2025-08-08
India,Mizoram,23.7271,92.7176,03:32,11:25,14:50,17:57,19:13,2025-08-09
India,Mizoram,23.7271,92.7176,03:32,11:24,14:50,17:56,19:12,2025-08-10
India,Mizoram,23.7271,92.7176,03:33,11:24,14:50,17:55,19:11,2025-08-11
India,Mizoram,23.7271,92.7176,03:33,11:24,14:50,17:54,19:10,2025-08-12
India,Mizoram,23.7271,92.7176,03:34,11:24,14:50,17:54,19:09,2025-08-13
India,Mizoram,23.7271,92.7176,03:35,11:24,14:50,17:53,19:08,2025-08-14
India,Mizoram,23.7271,92.7176,03:35,11:24,14:50,17:52,19:07,2025-08-15
India,Mizoram,23.7271,92.7176,03:36,11:23,14:50,17:51,19:06,2025-08-16
India,Mizoram,23.7271,92.7176,03:36,11:23,14:50,17:50,19:05,2025-08-17
India,Mizoram,23.7271,92.7176,03:37,11:23,14:50,17:50,19:04,2025-08-18
India,Mizoram,23.7271,92.7176,03:37,11:23,14:50,17:49,19:03,2025-08-19
India,Mizoram,23.7271,92.7176,03:38,11:22,14:49,17:48,19:02,2025-08-20
India,Mizoram,23.7271,92.7176,03:38,11:22,14:49,17:47,19:01,2025-08-21
India,Mizoram,23.7271,92.7176,03:39,11:22,14:49,17:46,19:00,2025-08-22
India,Mizoram,23.7271,92.7176,03:40,11:22,14:49,17:45,18:59,2025-08-23
India,Mizoram,23.7271,92.7176,03:40,11:21,14:49,17:44,18:58,2025-08-24
India,Mizoram,23.7271,92.7176,03:41,11:21,14:49,17:43,18:57,2025-08-25
India,Mizoram,23.7271,92.7176,03:41,11:21,14:48,17:43,18:56,2025-08-26
India,Mizoram,23.7271,92.7176,03:42,11:21,14:48,17:42,18:55,2025-08-27
India,Mizoram,23.7271,92.7176,03:42,11:20,14:48,17:41,18:54,2025-08-28
India,Mizoram,23.7271,92.7176,03:43,11:20,14:48,17:40,18:53,2025-08-29
India,Mizoram,23.7271,92.7176,03:43,11:20,14:47,17:39,18:52,2025-08-30
India,Mizoram,23.7271,92.7176,03:44,11:19,14:47,17:38,18:50,2025-08-31
India,Mizoram,23.7271,92.7176,03:44,11:19,14:47,17:37,18:49,2025-09-01
India,Mizoram,23.7271,92.7176,03:44,11:19,14:46,17:36,18:48,2025-09-02
India,Mizoram,23.7271,92.7176,03:45,11:18,14:46,17:35,18:47,2025-09-03
India,Mizoram,23.7271,92.7176,03:45,11:18,14:46,17:34,18:46,2025-09-04
India,Mizoram,23.7271,92.7176,03:46,11:18,14:45,17:33,18:45,2025-09-05
India,Mizoram,23.7271,92.7176,03:46,11:17,14:45,17:32,18:44,2025-09-06
India,Mizoram,23.7271,92.7176,03:47,11:17,14:45,17:31,18:43,2025-09-07
India,Mizoram,23.7271,92.7176,03:47,11:17,14:44,17:30,18:42,2025-09-08
India,Mizoram,23.7271,92.7176,03:48,11:16,14:44,17:29,18:40,2025-09-09
India,Mizoram,23.7271,92.7176,03:48,11:16,14:43,17:28,18:39,2025-09-10
India,Mizoram,23.7271,92.7176,03:48,11:16,14:43,17:27,18:38,2025-09-11
India,Mizoram,23.7271,92.7176,03:49,11:15,14:42,17:26,18:37,2025-09-12
India,Mizoram,23.7271,92.7176,03:49,11:15,14:42,17:25,18:36,2025-09-13
India,Mizoram,23.7271,92.7176,03:50,11:15,14:41,17:24,18:35,2025-09-14
India,Mizoram,23.7271,92.7176,03:50,11:14,14:41,17:23,18:34,2025-09-15
India,Mizoram,23.7271,92.7176,03:50,11:14,14:41,17:22,18:33,2025-09-16
India,Mizoram,23.7271,92.7176,03:51,11:13,14:40,17:21,18:32,2025-09-17
India,Mizoram,23.7271,92.7176,03:51,11:13,14:40,17:19,18:31,2025-09-18
India,Mizoram,23.7271,92.7176,03:52,11:13,14:39,17:18,18:29,2025-09-19
India,Mizoram,23.7271,92.7176,03:52,11:12,14:39,17:17,18:28,2025-09-20
India,Mizoram,23.7271,92.7176,03:52,11:12,14:38,17:16,18:27,2025-09-21
India,Mizoram,23.7271,92.7176,03:53,11:12,14:37,17:15,18:26,2025-09-22
India,Mizoram,23.7271,92.7176,03:53,11:11,14:37,17:14,18:25,2025-09-23
India,Mizoram,23.7271,92.7176,03:53,11:11,14:36,17:13,18:24,2025-09-24
India,Mizoram,23.7271,92.7176,03:54,11:11,14:36,17:12,18:23,2025-09-25
India,Mizoram,23.7271,92.7176,03:54,11:10,14:35,17:11,18:22,2025-09-26
India,Mizoram,23.7271,92.7176,03:55,11:10,14:35,17:10,18:21,2025-09-27
India,Mizoram,23.7271,92.7176,03:55,11:10,14:34,17:09,18:20,2025-09-28
India,Mizoram,23.7271,92.7176,03:55,11:09,14:34,17:08,18:19,2025-09-29
India,Mizoram,23.7271,92.7176,03:56,11:09,14:33,17:07,18:18,2025-09-30
India,Mizoram,23.7271,92.7176,03:56,11:09,14:32,17:06,18:17,2025-10-01
India,Mizoram,23.7271,92.7176,03:56,11:08,14:32,17:05,18:16,2025-10-02
India,Mizoram,23.7271,92.7176,03:57,11:08,14:31,17:04,18:15,2025-10-03
India,Mizoram,23.7271,92.7176,03:57,11:08,14:31,17:03,18:14,2025-10-04
India,Mizoram,23.7271,92.7176,03:58,11:07,14:30,17:02,18:13,2025-10-05
India,Mizoram,23.7271,92.7176,03:58,11:07,14:30,17:01,18:12,2025-10-06
India,Mizoram,23.7271,92.7176,03:58,11:07,14:29,17:00,18:11,2025-10-07
India,Mizoram,23.7271,92.7176,03:59,11:07,14:28,16:59,18:10,2025-10-08
India,Mizoram,23.7271,92.7176,03:59,11:06,14:28,16:58,18:09,2025-10-09
India,Mizoram,23.7271,92.7176,03:59,11:06,14:27,16:57,18:08,2025-10-10
India,Mizoram,23.7271,92.7176,04:00,11:06,14:27,16:56,18:07,2025-10-11
India,Mizoram,23.7271,92.7176,04:00,11:05,14:26,16:56,18:06,2025-10-12
India,Mizoram,23.7271,92.7176,04:01,11:05,14:26,16:55,18:06,2025-10-13
India,Mizoram,23.7271,92.7176,04:01,11:05,14:25,16:54,18:05,2025-10-14
India,Mizoram,23.7271,92.7176,04:01,11:05,14:24,16:53,18:04,2025-10-15
India,Mizoram,23.7271,92.7176,04:02,11:05,14:24,16:52,18:03,2025-10-16
India,Mizoram,23.7271,92.7176,04:02,11:04,14:23,16:51,18:02,2025-10-17
India,Mizoram,23.7271,92.7176,04:02,11:04,14:23,16:50,18:01,2025-10-18
India,Mizoram,23.7271,92.7176,04:03,11:04,14:22,16:49,18:01,2025-10-19
India,Mizoram,23.7271,92.7176,04:03,11:04,14:22,16:49,18:00,2025-10-20
India,Mizoram,23.7271,92.7176,04:04,11:04,14:21,16:48,17:59,2025-10-21
India,Mizoram,23.7271,92.7176,04:04,11:04,14:21,16:47,17:59,2025-10-22
India,Mizoram,23.7271,92.7176,04:05,11:03,14:20,16:46,17:58,2025-10-23
India,Mizoram,23.7271,92.7176,04:05,11:03,14:20,16:46,17:57,2025-10-24
India,Mizoram,23.7271,92.7176,04:05,11:03,14:19,16:45,17:56,2025-10-25
India,Mizoram,23.7271,92.7176,04:06,11:03,14:19,16:44,17:56,2025-10-26
India,Mizoram,23.7271,92.7176,04:06,11:03,14:18,16:43,17:55,2025-10-27
India,Mizoram,23.7271,92.7176,04:07,11:03,14:18,16:43,17:55,2025-10-28
India,Mizoram,23.7271,92.7176,04:07,11:03,14:17,16:42,17:54,2025-10-29
India,Mizoram,23.7271,92.7176,04:08,11:03,14:17,16:41,17:53,2025-10-30
India,Mizoram,23.7271,92.7176,04:08,11:03,14:16,16:41,17:53,2025-10-31
India,Mizoram,23.7271,92.7176,04:09,11:03,14:16,16:40,17:52,2025-11-01
India,Mizoram,23.7271,92.7176,04:09,11:03,14:15,16:39,17:52,2025-11-02
India,Mizoram,23.7271,92.7176,04:10,11:03,14:15,16:39,17:51,2025-11-03
India,Mizoram,23.7271,92.7176,04:10,11:03,14:15,16:38,17:51,2025-11-04
India,Mizoram,23.7271,92.7176,04:11,11:03,14:14,16:38,17:50,2025-11-05
India,Mizoram,23.7271,92.7176,04:11,11:03,14:14,16:37,17:50,2025-11-06
India,Mizoram,23.7271,92.7176,04:12,11:03,14:14,16:37,17:50,2025-11-07
India,Mizoram,23.7271,92.7176,04:12,11:03,14:13,16:36,17:49,2025-11-08
India,Mizoram,23.7271,92.7176,04:13,11:03,14:13,16:36,17:49,2025-11-09
India,Mizoram,23.7271,92.7176,04:13,11:03,14:13,16:35,17:49,2025-11-10
India,Mizoram,23.7271,92.7176,04:14,11:03,14:12,16:35,17:48,2025-11-11
India,Mizoram,23.7271,92.7176,04:14,11:03,14:12,16:35,17:48,2025-11-12
India,Mizoram,23.7271,92.7176,04:15,11:03,14:12,16:34,17:48,2025-11-13
India,Mizoram,23.7271,92.7176,04:15,11:04,14:12,16:34,17:47,2025-11-14
India,Mizoram,23.7271,92.7176,04:16,11:04,14:12,16:34,17:47,2025-11-15
India,Mizoram,23.7271,92.7176,04:16,11:04,14:11,16:33,17:47,2025-11-16
India,Mizoram,23.7271,92.7176,04:17,11:04,14:11,16:33,17:47,2025-11-17
India,Mizoram,23.7271,92.7176,04:18,11:04,14:11,16:33,17:47,2025-11-18
India,Mizoram,23.7271,92.7176,04:18,11:05,14:11,16:32,17:47,2025-11-19
India,Mizoram,23.7271,92.7176,04:19,11:05,14:11,16:32,17:47,2025-11-20
India,Mizoram,23.7271,92.7176,04:19,11:05,14:11,16:32,17:46,2025-11-21
India,Mizoram,23.7271,92.7176,04:20,11:05,14:11,16:32,17:46,2025-11-22
India,Mizoram,23.7271,92.7176,04:20,11:06,14:11,16:32,17:46,2025-11-23
India,Mizoram,23.7271,92.7176,04:21,11:06,14:11,16:32,17:46,2025-11-24
India,Mizoram,23.7271,92.7176,04:22,11:06,14:11,16:32,17:46,2025-11-25
India,Mizoram,23.7271,92.7176,04:22,11:07,14:11,16:32,17:46,2025-11-26
India,Mizoram,23.7271,92.7176,04:23,11:07,14:11,16:31,17:46,2025-11-27
India,Mizoram,23.7271,92.7176,04:23,11:07,14:11,16:31,17:47,2025-11-28
India,Mizoram,23.7271,92.7176,04:24,11:08,14:11,16:31,17:47,2025-11-29
India,Mizoram,23.7271,92.7176,04:25,11:08,14:11,16:32,17:47,2025-11-30
India,Mizoram,23.7271,92.7176,04:25,11:08,14:11,16:32,17:47,2025-12-01
India,Mizoram,23.7271,92.7176,04:26,11:09,14:11,16:32,17:47,2025-12-02
India,Mizoram,23.7271,92.7176,04:26,11:09,14:11,16:32,17:47,2025-12-03
India,Mizoram,23.7271,92.7176,04:27,11:10,14:12,16:32,17:47,2025-12-04
India,Mizoram,23.7271,92.7176,04:28,11:10,14:12,16:32,17:48,2025-12-05
India,Mizoram,23.7271,92.7176,04:28,11:10,14:12,16:32,17:48,2025-12-06
India,Mizoram,23.7271,92.7176,04:29,11:11,14:12,16:32,17:48,2025-12-07
India,Mizoram,23.7271,92.7176,04:29,11:11,14:12,16:33,17:48,2025-12-08
India,Mizoram,23.7271,92.7176,04:30,11:12,14:13,16:33,17:49,2025-12-09
India,Mizoram,23.7271,92.7176,04:31,11:12,14:13,16:33,17:49,2025-12-10
India,Mizoram,23.7271,92.7176,04:31,11:13,14:13,16:33,17:49,2025-12-11
India,Mizoram,23.7271,92.7176,04:32,11:13,14:14,16:34,17:50,2025-12-12
India,Mizoram,23.7271,92.7176,04:32,11:14,14:14,16:34,17:50,2025-12-13
India,Mizoram,23.7271,92.7176,04:33,11:14,14:14,16:34,17:51,2025-12-14
India,Mizoram,23.7271,92.7176,04:33,11:14,14:15,16:35,17:51,2025-12-15
India,Mizoram,23.7271,92.7176,04:34,11:15,14:15,16:35,17:51,2025-12-16
India,Mizoram,23.7271,92.7176,04:35,11:15,14:16,16:36,17:52,2025-12-17
India,Mizoram,23.7271,92.7176,04:35,11:16,14:16,16:36,17:52,2025-12-18
India,Mizoram,23.7271,92.7176,04:36,11:16,14:17,16:37,17:53,2025-12-19
India,Mizoram,23.7271,92.7176,04:36,11:17,14:17,16:37,17:53,2025-12-20
India,Mizoram,23.7271,92.7176,04:37,11:17,14:18,16:38,17:54,2025-12-21
India,Mizoram,23.7271,92.7176,04:37,11:18,14:18,16:38,17:54,2025-12-22
India,Mizoram,23.7271,92.7176,04:38,11:18,14:19,16:39,17:55,2025-12-23
India,Mizoram,23.7271,92.7176,04:38,11:19,14:19,16:39,17:55,2025-12-24
India,Mizoram,23.7271,92.7176,04:38,11:19,14:20,16:40,17:56,2025-12-25
India,Mizoram,23.7271,92.7176,04:39,11:20,14:20,16:40,17:56,2025-12-26
India,Mizoram,23.7271,92.7176,04:39,11:20,14:21,16:41,17:57,2025-12-27
India,Mizoram,23.7271,92.7176,04:40,11:21,14:21,16:41,17:57,2025-12-28
India,Mizoram,23.7271,92.7176,04:40,11:21,14:22,16:42,17:58,2025-12-29
India,Mizoram,23.7271,92.7176,04:41,11:22,14:23,16:43,17:59,2025-12-30
India,Mizoram,23.7271,92.7176,04:41,11:22,14:23,16:43,17:59,2025-12-31
India,Nagaland,25.6751,94.1086,04:38,11:17,14:15,16:35,17:52,2025-01-01
India,Nagaland,25.6751,94.1086,04:39,11:18,14:16,16:35,17:52,2025-01-02
India,Nagaland,25.6751,94.1086,04:39,11:18,14:16,16:36,17:53,2025-01-03
India,Nagaland,25.6751,94.1086,04:39,11:19,14:17,16:37,17:53,2025-01-04
India,Nagaland,25.6751,94.1086,04:40,11:19,14:18,16:37,17:54,2025-01-05
India,Nagaland,25.6751,94.1086,04:40,11:20,14:18,16:38,17:55,2025-01-06
India,Nagaland,25.6751,94.1086,04:40,11:20,14:19,16:39,17:55,2025-01-07
India,Nagaland,25.6751,94.1086,04:40,11:20,14:20,16:39,17:56,2025-01-08
India,Nagaland,25.6751,94.1086,04:40,11:21,14:20,16:40,17:57,2025-01-09
India,Nagaland,25.6751,94.1086,04:41,11:21,14:21,16:41,17:57,2025-01-10
India,Nagaland,25.6751,94.1086,04:41,11:22,14:22,16:42,17:58,2025-01-11
India,Nagaland,25.6751,94.1086,04:41,11:22,14:22,16:42,17:59,2025-01-12
India,Nagaland,25.6751,94.1086,04:41,11:22,14:23,16:43,17:59,2025-01-13
India,Nagaland,25.6751,94.1086,04:41,11:23,14:24,16:44,18:00,2025-01-14
India,Nagaland,25.6751,94.1086,04:41,11:23,14:24,16:45,18:01,2025-01-15
India,Nagaland,25.6751,94.1086,04:41,11:23,14:25,16:45,18:01,2025-01-16
India,Nagaland,25.6751,94.1086,04:41,11:24,14:26,16:46,18:02,2025-01-17
India,Nagaland,25.6751,94.1086,04:41,11:24,14:26,16:47,18:03,2025-01-18
India,Nagaland,25.6751,94.1086,04:41,11:24,14:27,16:48,18:03,2025-01-19
India,Nagaland,25.6751,94.1086,04:41,11:25,14:28,16:49,18:04,2025-01-20
India,Nagaland,25.6751,94.1086,04:41,11:25,14:28,16:49,18:05,2025-01-21
India,Nagaland,25.6751,94.1086,04:41,11:25,14:29,16:50,18:05,2025-01-22
India,Nagaland,25.6751,94.1086,04:40,11:26,14:30,16:51,18:06,2025-01-23
India,Nagaland,25.6751,94.1086,04:40,11:26,14:30,16:52,18:07,2025-01-24
India,Nagaland,25.6751,94.1086,04:40,11:26,14:31,16:52,18:07,2025-01-25
India,Nagaland,25.6751,94.1086,04:40,11:26,14:32,16:53,18:08,2025-01-26
India,Nagaland,25.6751,94.1086,04:40,11:26,14:32,16:54,18:09,2025-01-27
India,Nagaland,25.6751,94.1086,04:39,11:27,14:33,16:55,18:09,2025-01-28
India,Nagaland,25.6751,94.1086,04:39,11:27,14:33,16:55,18:10,2025-01-29
India,Nagaland,25.6751,94.1086,04:39,11:27,14:34,16:56,18:10,2025-01-30
India,Nagaland,25.6751,94.1086,04:38,11:27,14:35,16:57,18:11,2025-01-31
India,Nagaland,25.6751,94.1086,04:38,11:27,14:35,16:58,18:12,2025-02-01
India,Nagaland,25.6751,94.1086,04:38,11:27,14:36,16:58,18:12,2025-02-02
India,Nagaland,25.6751,94.1086,04:37,11:27,14:36,16:59,18:13,2025-02-03
India,Nagaland,25.6751,94.1086,04:37,11:28,14:37,17:00,18:14,2025-02-04
India,Nagaland,25.6751,94.1086,04:36,11:28,14:37,17:00,18:14,2025-02-05
India,Nagaland,25.6751,94.1086,04:36,11:28,14:38,17:01,18:15,2025-02-06
India,Nagaland,25.6751,94.1086,04:36,11:28,14:38,17:02,18:15,2025-02-07
India,Nagaland,25.6751,94.1086,04:35,11:28,14:39,17:03,18:16,2025-02-08
India,Nagaland,25.6751,94.1086,04:34,11:28,14:39,17:03,18:17,2025-02-09
India,Nagaland,25.6751,94.1086,04:34,11:28,14:40,17:04,18:17,2025-02-10
India,Nagaland,25.6751,94.1086,04:33,11:28,14:40,17:05,18:18,2025-02-11
India,Nagaland,25.6751,94.1086,04:33,11:28,14:41,17:05,18:18,2025-02-12
India,Nagaland,25.6751,94.1086,04:32,11:28,14:41,17:06,18:19,2025-02-13
India,Nagaland,25.6751,94.1086,04:31,11:28,14:42,17:07,18:19,2025-02-14
India,Nagaland,25.6751,94.1086,04:31,11:28,14:42,17:07,18:20,2025-02-15
India,Nagaland,25.6751,94.1086,04:30,11:28,14:42,17:08,18:21,2025-02-16
India,Nagaland,25.6751,94.1086,04:29,11:27,14:43,17:08,18:21,2025-02-17
India,Nagaland,25.6751,94.1086,04:29,11:27,14:43,17:09,18:22,2025-02-18
India,Nagaland,25.6751,94.1086,04:28,11:27,14:43,17:10,18:22,2025-02-19
India,Nagaland,25.6751,94.1086,04:27,11:27,14:44,17:10,18:23,2025-02-20
India,Nagaland,25.6751,94.1086,04:26,11:27,14:44,17:11,18:23,2025-02-21
India,Nagaland,25.6751,94.1086,04:26,11:27,14:44,17:11,18:24,2025-02-22
India,Nagaland,25.6751,94.1086,04:25,11:27,14:45,17:12,18:24,2025-02-23
India,Nagaland,25.6751,94.1086,04:24,11:27,14:45,17:13,18:25,2025-02-24
India,Nagaland,25.6751,94.1086,04:23,11:27,14:45,17:13,18:25,2025-02-25
India,Nagaland,25.6751,94.1086,04:22,11:26,14:45,17:14,18:26,2025-02-26
India,Nagaland,25.6751,94.1086,04:22,11:26,14:46,17:14,18:26,2025-02-27
India,Nagaland,25.6751,94.1086,04:21,11:26,14:46,17:15,18:27,2025-02-28
India,Nagaland,25.6751,94.1086,04:20,11:26,14:46,17:15,18:27,2025-03-01
India,Nagaland,25.6751,94.1086,04:19,11:26,14:46,17:16,18:28,2025-03-02
India,Nagaland,25.6751,94.1086,04:18,11:25,14:46,17:17,18:28,2025-03-03
India,Nagaland,25.6751,94.1086,04:17,11:25,14:47,17:17,18:29,2025-03-04
India,Nagaland,25.6751,94.1086,04:16,11:25,14:47,17:18,18:29,2025-03-05
India,Nagaland,25.6751,94.1086,04:15,11:25,14:47,17:18,18:30,2025-03-06
India,Nagaland,25.6751,94.1086,04:14,11:24,14:47,17:19,18:30,2025-03-07
India,Nagaland,25.6751,94.1086,04:13,11:24,14:47,17:19,18:31,2025-03-08
India,Nagaland,25.6751,94.1086,04:12,11:24,14:47,17:20,18:31,2025-03-09
India,Nagaland,25.6751,94.1086,04:11,11:24,14:47,17:20,18:32,2025-03-10
India,Nagaland,25.6751,94.1086,04:10,11:23,14:47,17:21,18:32,2025-03-11
India,Nagaland,25.6751,94.1086,04:09,11:23,14:47,17:21,18:33,2025-03-12
India,Nagaland,25.6751,94.1086,04:08,11:23,14:47,17:22,18:33,2025-03-13
India,Nagaland,25.6751,94.1086,04:07,11:23,14:48,17:22,18:34,2025-03-14
India,Nagaland,25.6751,94.1086,04:06,11:22,14:48,17:23,18:34,2025-03-15
India,Nagaland,25.6751,94.1086,04:05,11:22,14:48,17:23,18:35,2025-03-16
India,Nagaland,25.6751,94.1086,04:04,11:22,14:48,17:23,18:35,2025-03-17
India,Nagaland,25.6751,94.1086,04:03,11:21,14:47,17:24,18:36,2025-03-18
India,Nagaland,25.6751,94.1086,04:01,11:21,14:47,17:24,18:36,2025-03-19
India,Nagaland,25.6751,94.1086,04:00,11:21,14:47,17:25,18:37,2025-03-20
India,Nagaland,25.6751,94.1086,03:59,11:21,14:47,17:25,18:37,2025-03-21
India,Nagaland,25.6751,94.1086,03:58,11:20,14:47,17:26,18:38,2025-03-22
India,Nagaland,25.6751,94.1086,03:57,11:20,14:47,17:26,18:38,2025-03-23
India,Nagaland,25.6751,94.1086,03:56,11:20,14:47,17:27,18:39,2025-03-24
India,Nagaland,25.6751,94.1086,03:55,11:19,14:47,17:27,18:39,2025-03-25
India,Nagaland,25.6751,94.1086,03:54,11:19,14:47,17:28,18:40,2025-03-26
India,Nagaland,25.6751,94.1086,03:52,11:19,14:47,17:28,18:41,2025-03-27
India,Nagaland,25.6751,94.1086,03:51,11:18,14:47,17:29,18:41,2025-03-28
India,Nagaland,25.6751,94.1086,03:50,11:18,14:47,17:29,18:42,2025-03-29
India,Nagaland,25.6751,94.1086,03:49,11:18,14:46,17:29,18:42,2025-03-30
India,Nagaland,25.6751,94.1086,03:48,11:18,14:46,17:30,18:43,2025-03-31
India,Nagaland,25.6751,94.1086,03:47,11:17,14:46,17:30,18:43,2025-04-01
India,Nagaland,25.6751,94.1086,03:46,11:17,14:46,17:31,18:44,2025-04-02
India,Nagaland,25.6751,94.1086,03:44,11:17,14:46,17:31,18:44,2025-04-03
India,Nagaland,25.6751,94.1086,03:43,11:16,14:46,17:32,18:45,2025-04-04
India,Nagaland,25.6751,94.1086,03:42,11:16,14:46,17:32,18:45,2025-04-05
India,Nagaland,25.6751,94.1086,03:41,11:16,14:45,17:33,18:46,2025-04-06
India,Nagaland,25.6751,94.1086,03:40,11:16,14:45,17:33,18:47,2025-04-07
India,Nagaland,25.6751,94.1086,03:39,11:15,14:45,17:34,18:47,2025-04-08
India,Nagaland,25.6751,94.1086,03:38,11:15,14:45,17:34,18:48,2025-04-09
India,Nagaland,25.6751,94.1086,03:36,11:15,14:45,17:34,18:48,2025-04-10
India,Nagaland,25.6751,94.1086,03:35,11:14,14:44,17:35,18:49,2025-04-11
India,Nagaland,25.6751,94.1086,03:34,11:14,14:44,17:35,18:50,2025-04-12
India,Nagaland,25.6751,94.1086,03:33,11:14,14:44,17:36,18:50,2025-04-13
India,Nagaland,25.6751,94.1086,03:32,11:14,14:44,17:36,18:51,2025-04-14
India,Nagaland,25.6751,94.1086,03:31,11:13,14:44,17:37,18:51,2025-04-15
India,Nagaland,25.6751,94.1086,03:30,11:13,14:43,17:37,18:52,2025-04-16
India,Nagaland,25.6751,94.1086,03:29,11:13,14:43,17:38,18:53,2025-04-17
India,Nagaland,25.6751,94.1086,03:27,11:13,14:43,17:38,18:53,2025-04-18
India,Nagaland,25.6751,94.1086,03:26,11:13,14:43,17:39,18:54,2025-04-19
India,Nagaland,25.6751,94.1086,03:25,11:12,14:42,17:39,18:55,2025-04-20
India,Nagaland,25.6751,94.1086,03:24,11:12,14:42,17:40,18:55,2025-04-21
India,Nagaland,25.6751,94.1086,03:23,11:12,14:42,17:40,18:56,2025-04-22
India,Nagaland,25.6751,94.1086,03:22,11:12,14:42,17:41,18:57,2025-04-23
India,Nagaland,25.6751,94.1086,03:21,11:12,14:41,17:41,18:57,2025-04-24
India,Nagaland,25.6751,94.1086,03:20,11:11,14:41,17:42,18:58,2025-04-25
India,Nagaland,25.6751,94.1086,03:19,11:11,14:41,17:42,18:59,2025-04-26
India,Nagaland,25.6751,94.1086,03:18,11:11,14:41,17:43,18:59,2025-04-27
India,Nagaland,25.6751,94.1086,03:17,11:11,14:41,17:43,19:00,2025-04-28
India,Nagaland,25.6751,94.1086,03:16,11:11,14:40,17:44,19:01,2025-04-29
India,Nagaland,25.6751,94.1086,03:15,11:11,14:40,17:44,19:02,2025-04-30
India,Nagaland,25.6751,94.1086,03:14,11:11,14:40,17:45,19:02,2025-05-01
India,Nagaland,25.6751,94.1086,03:13,11:11,14:40,17:45,19:03,2025-05-02
India,Nagaland,25.6751,94.1086,03:12,11:10,14:40,17:46,19:04,2025-05-03
India,Nagaland,25.6751,94.1086,03:11,11:10,14:39,17:46,19:04,2025-05-04
India,Nagaland,25.6751,94.1086,03:10,11:10,14:39,17:47,19:05,2025-05-05
India,Nagaland,25.6751,94.1086,03:09,11:10,14:39,17:47,19:06,2025-05-06
India,Nagaland,25.6751,94.1086,03:09,11:10,14:39,17:48,19:07,2025-05-07
India,Nagaland,25.6751,94.1086,03:08,11:10,14:39,17:48,19:07,2025-05-08
India,Nagaland,25.6751,94.1086,03:07,11:10,14:38,17:49,19:08,2025-05-09
India,Nagaland,25.6751,94.1086,03:06,11:10,14:38,17:49,19:09,2025-05-10
India,Nagaland,25.6751,94.1086,03:05,11:10,14:38,17:50,19:09,2025-05-11
India,Nagaland,25.6751,94.1086,03:04,11:10,14:38,17:51,19:10,2025-05-12
India,Nagaland,25.6751,94.1086,03:04,11:10,14:38,17:51,19:11,2025-05-13
India,Nagaland,25.6751,94.1086,03:03,11:10,14:38,17:52,19:12,2025-05-14
India,Nagaland,25.6751,94.1086,03:02,11:10,14:37,17:52,19:12,2025-05-15
India,Nagaland,25.6751,94.1086,03:02,11:10,14:37,17:53,19:13,2025-05-16
India,Nagaland,25.6751,94.1086,03:01,11:10,14:37,17:53,19:14,2025-05-17
India,Nagaland,25.6751,94.1086,03:00,11:10,14:37,17:54,19:15,2025-05-18
India,Nagaland,25.6751,94.1086,03:00,11:10,14:37,17:54,19:15,2025-05-19
India,Nagaland,25.6751,94.1086,02:59,11:10,14:37,17:55,19:16,2025-05-20
India,Nagaland,25.6751,94.1086,02:58,11:10,14:37,17:55,19:17,2025-05-21
India,Nagaland,25.6751,94.1086,02:58,11:10,14:37,17:56,19:17,2025-05-22
India,Nagaland,25.6751,94.1086,02:57,11:10,14:37,17:56,19:18,2025-05-23
India,Nagaland,25.6751,94.1086,02:57,11:10,14:37,17:57,19:19,2025-05-24
India,Nagaland,25.6751,94.1086,02:56,11:11,14:37,17:57,19:19,2025-05-25
India,Nagaland,25.6751,94.1086,02:56,11:11,14:37,17:58,19:20,2025-05-26
India,Nagaland,25.6751,94.1086,02:55,11:11,14:37,17:58,19:21,2025-05-27
India,Nagaland,25.6751,94.1086,02:55,11:11,14:37,17:59,19:21,2025-05-28
India,Nagaland,25.6751,94.1086,02:55,11:11,14:37,17:59,19:22,2025-05-29
India,Nagaland,25.6751,94.1086,02:54,11:11,14:37,18:00,19:23,2025-05-30
India,Nagaland,25.6751,94.1086,02:54,11:11,14:37,18:00,19:23,2025-05-31
India,Nagaland,25.6751,94.1086,02:54,11:12,14:37,18:01,19:24,2025-06-01
India,Nagaland,25.6751,94.1086,02:53,11:12,14:37,18:01,19:24,2025-06-02
India,Nagaland,25.6751,94.1086,02:53,11:12,14:37,18:02,19:25,2025-06-03
India,Nagaland,25.6751,94.1086,02:53,11:12,14:37,18:02,19:26,2025-06-04
India,Nagaland,25.6751,94.1086,02:53,11:12,14:37,18:03,19:26,2025-06-05
India,Nagaland,25.6751,94.1086,02:52,11:12,14:37,18:03,19:27,2025-06-06
India,Nagaland,25.6751,94.1086,02:52,11:13,14:37,18:03,19:27,2025-06-07
India,Nagaland,25.6751,94.1086,02:52,11:13,14:37,18:04,19:28,2025-06-08
India,Nagaland,25.6751,94.1086,02:52,11:13,14:37,18:04,19:28,2025-06-09
India,Nagaland,25.6751,94.1086,02:52,11:13,14:37,18:05,19:29,2025-06-10
India,Nagaland,25.6751,94.1086,02:52,11:13,14:37,18:05,19:29,2025-06-11
India,Nagaland,25.6751,94.1086,02:52,11:14,14:38,18:05,19:29,2025-06-12
India,Nagaland,25.6751,94.1086,02:52,11:14,14:38,18:06,19:30,2025-06-13
India,Nagaland,25.6751,94.1086,02:52,11:14,14:38,18:06,19:30,2025-06-14
India,Nagaland,25.6751,94.1086,02:52,11:14,14:38,18:06,19:31,2025-06-15
India,Nagaland,25.6751,94.1086,02:52,11:14,14:38,18:06,19:31,2025-06-16
India,Nagaland,25.6751,94.1086,02:52,11:15,14:38,18:07,19:31,2025-06-17
India,Nagaland,25.6751,94.1086,02:53,11:15,14:39,18:07,19:32,2025-06-18
India,Nagaland,25.6751,94.1086,02:53,11:15,14:39,18:07,19:32,2025-06-19
India,Nagaland,25.6751,94.1086,02:53,11:15,14:39,18:08,19:32,2025-06-20
India,Nagaland,25.6751,94.1086,02:53,11:15,14:39,18:08,19:32,2025-06-21
India,Nagaland,25.6751,94.1086,02:53,11:16,14:39,18:08,19:32,2025-06-22
India,Nagaland,25.6751,94.1086,02:54,11:16,14:40,18:08,19:33,2025-06-23
India,Nagaland,25.6751,94.1086,02:54,11:16,14:40,18:08,19:33,2025-06-24
India,Nagaland,25.6751,94.1086,02:54,11:16,14:40,18:08,19:33,2025-06-25
India,Nagaland,25.6751,94.1086,02:55,11:17,14:40,18:09,19:33,2025-06-26
India,Nagaland,25.6751,94.1086,02:55,11:17,14:41,18:09,19:33,2025-06-27
India,Nagaland,25.6751,94.1086,02:55,11:17,14:41,18:09,19:33,2025-06-28
India,Nagaland,25.6751,94.1086,02:56,11:17,14:41,18:09,19:33,2025-06-29
India,Nagaland,25.6751,94.1086,02:56,11:17,14:41,18:09,19:33,2025-06-30
India,Nagaland,25.6751,94.1086,02:57,11:18,14:42,18:09,19:33,2025-07-01
India,Nagaland,25.6751,94.1086,02:57,11:18,14:42,18:09,19:33,2025-07-02
India,Nagaland,25.6751,94.1086,02:58,11:18,14:42,18:09,19:33,2025-07-03
India,Nagaland,25.6751,94.1086,02:58,11:18,14:43,18:09,19:33,2025-07-04
India,Nagaland,25.6751,94.1086,02:59,11:18,14:43,18:09,19:33,2025-07-05
India,Nagaland,25.6751,94.1086,02:59,11:18,14:43,18:09,19:32,2025-07-06
India,Nagaland,25.6751,94.1086,03:00,11:19,14:43,18:09,19:32,2025-07-07
India,Nagaland,25.6751,94.1086,03:00,11:19,14:44,18:09,19:32,2025-07-08
India,Nagaland,25.6751,94.1086,03:01,11:19,14:44,18:08,19:32,2025-07-09
India,Nagaland,25.6751,94.1086,03:01,11:19,14:44,18:08,19:31,2025-07-10
India,Nagaland,25.6751,94.1086,03:02,11:19,14:44,18:08,19:31,2025-07-11
India,Nagaland,25.6751,94.1086,03:02,11:19,14:45,18:08,19:31,2025-07-12
India,Nagaland,25.6751,94.1086,03:03,11:19,14:45,18:08,19:30,2025-07-13
India,Nagaland,25.6751,94.1086,03:04,11:20,14:45,18:07,19:30,2025-07-14
India,Nagaland,25.6751,94.1086,03:04,11:20,14:45,18:07,19:29,2025-07-15
India,Nagaland,25.6751,94.1086,03:05,11:20,14:46,18:07,19:29,2025-07-16
India,Nagaland,25.6751,94.1086,03:06,11:20,14:46,18:06,19:29,2025-07-17
India,Nagaland,25.6751,94.1086,03:06,11:20,14:46,18:06,19:28,2025-07-18
India,Nagaland,25.6751,94.1086,03:07,11:20,14:46,18:06,19:28,2025-07-19
India,Nagaland,25.6751,94.1086,03:08,11:20,14:46,18:05,19:27,2025-07-20
India,Nagaland,25.6751,94.1086,03:08,11:20,14:47,18:05,19:26,2025-07-21
India,Nagaland,25.6751,94.1086,03:09,11:20,14:47,18:05,19:26,2025-07-22
India,Nagaland,25.6751,94.1086,03:10,11:20,14:47,18:04,19:25,2025-07-23
India,Nagaland,25.6751,94.1086,03:10,11:20,14:47,18:04,19:25,2025-07-24
India,Nagaland,25.6751,94.1086,03:11,11:20,14:47,18:03,19:24,2025-07-25
India,Nagaland,25.6751,94.1086,03:12,11:20,14:48,18:03,19:23,2025-07-26
India,Nagaland,25.6751,94.1086,03:13,11:20,14:48,18:02,19:22,2025-07-27
India,Nagaland,25.6751,94.1086,03:13,11:20,14:48,18:02,19:22,2025-07-28
India,Nagaland,25.6751,94.1086,03:14,11:20,14:48,18:01,19:21,2025-07-29
India,Nagaland,25.6751,94.1086,03:15,11:20,14:48,18:01,19:20,2025-07-30
India,Nagaland,25.6751,94.1086,03:15,11:20,14:48,18:00,19:19,2025-07-31
India,Nagaland,25.6751,94.1086,03:16,11:20,14:48,17:59,19:19,2025-08-01
India,Nagaland,25.6751,94.1086,03:17,11:20,14:48,17:59,19:18,2025-08-02
India,Nagaland,25.6751,94.1086,03:17,11:20,14:48,17:58,19:17,2025-08-03
India,Nagaland,25.6751,94.1086,03:18,11:20,14:48,17:57,19:16,2025-08-04
India,Nagaland,25.6751,94.1086,03:19,11:20,14:48,17:57,19:15,2025-08-05
India,Nagaland,25.6751,94.1086,03:20,11:19,14:48,17:56,19:14,2025-08-06
India,Nagaland,25.6751,94.1086,03:20,11:19,14:48,17:55,19:13,2025-08-07
India,Nagaland,25.6751,94.1086,03:21,11:19,14:48,17:55,19:12,2025-08-08
India,Nagaland,25.6751,94.1086,03:22,11:19,14:48,17:54,19:11,2025-08-09
India,Nagaland,25.6751,94.1086,03:22,11:19,14:48,17:53,19:10,2025-08-10
India,Nagaland,25.6751,94.1086,03:23,11:19,14:48,17:52,19:10,2025-08-11
India,Nagaland,25.6751,94.1086,03:24,11:19,14:48,17:51,19:09,2025-08-12
India,Nagaland,25.6751,94.1086,03:24,11:18,14:48,17:51,19:08,2025-08-13
India,Nagaland,25.6751,94.1086,03:25,11:18,14:48,17:50,19:06,2025-08-14
India,Nagaland,25.6751,94.1086,03:26,11:18,14:48,17:49,19:05,2025-08-15
India,Nagaland,25.6751,94.1086,03:26,11:18,14:48,17:48,19:04,2025-08-16
India,Nagaland,25.6751,94.1086,03:27,11:18,14:47,17:47,19:03,2025-08-17
India,Nagaland,25.6751,94.1086,03:27,11:17,14:47,17:46,19:02,2025-08-18
India,Nagaland,25.6751,94.1086,03:28,11:17,14:47,17:45,19:01,2025-08-19
India,Nagaland,25.6751,94.1086,03:29,11:17,14:47,17:44,19:00,2025-08-20
India,Nagaland,25.6751,94.1086,03:29,11:17,14:47,17:44,18:59,2025-08-21
India,Nagaland,25.6751,94.1086,03:30,11:16,14:46,17:43,18:58,2025-08-22
India,Nagaland,25.6751,94.1086,03:31,11:16,14:46,17:42,18:57,2025-08-23
India,Nagaland,25.6751,94.1086,03:31,11:16,14:46,17:41,18:56,2025-08-24
India,Nagaland,25.6751,94.1086,03:32,11:16,14:46,17:40,18:55,2025-08-25
India,Nagaland,25.6751,94.1086,03:32,11:15,14:45,17:39,18:53,2025-08-26
India,Nagaland,25.6751,94.1086,03:33,11:15,14:45,17:38,18:52,2025-08-27
India,Nagaland,25.6751,94.1086,03:33,11:15,14:45,17:37,18:51,2025-08-28
India,Nagaland,25.6751,94.1086,03:34,11:14,14:44,17:36,18:50,2025-08-29
India,Nagaland,25.6751,94.1086,03:35,11:14,14:44,17:35,18:49,2025-08-30
India,Nagaland,25.6751,94.1086,03:35,11:14,14:44,17:34,18:48,2025-08-31
India,Nagaland,25.6751,94.1086,03:36,11:13,14:43,17:33,18:46,2025-09-01
India,Nagaland,25.6751,94.1086,03:36,11:13,14:43,17:32,18:45,2025-09-02
India,Nagaland,25.6751,94.1086,03:37,11:13,14:42,17:31,18:44,2025-09-03
India,Nagaland,25.6751,94.1086,03:37,11:12,14:42,17:29,18:43,2025-09-04
India,Nagaland,25.6751,94.1086,03:38,11:12,14:42,17:28,18:42,2025-09-05
India,Nagaland,25.6751,94.1086,03:38,11:12,14:41,17:27,18:41,2025-09-06
India,Nagaland,25.6751,94.1086,03:39,11:11,14:41,17:26,18:39,2025-09-07
India,Nagaland,25.6751,94.1086,03:39,11:11,14:40,17:25,18:38,2025-09-08
India,Nagaland,25.6751,94.1086,03:40,11:11,14:40,17:24,18:37,2025-09-09
India,Nagaland,25.6751,94.1086,03:40,11:10,14:39,17:23,18:36,2025-09-10
India,Nagaland,25.6751,94.1086,03:41,11:10,14:39,17:22,18:35,2025-09-11
India,Nagaland,25.6751,94.1086,03:41,11:10,14:38,17:21,18:33,2025-09-12
India,Nagaland,25.6751,94.1086,03:42,11:09,14:38,17:20,18:32,2025-09-13
India,Nagaland,25.6751,94.1086,03:42,11:09,14:37,17:19,18:31,2025-09-14
India,Nagaland,25.6751,94.1086,03:43,11:09,14:37,17:18,18:30,2025-09-15
India,Nagaland,25.6751,94.1086,03:43,11:08,14:36,17:16,18:29,2025-09-16
India,Nagaland,25.6751,94.1086,03:44,11:08,14:35,17:15,18:28,2025-09-17
India,Nagaland,25.6751,94.1086,03:44,11:08,14:35,17:14,18:26,2025-09-18
India,Nagaland,25.6751,94.1086,03:45,11:07,14:34,17:13,18:25,2025-09-19
India,Nagaland,25.6751,94.1086,03:45,11:07,14:34,17:12,18:24,2025-09-20
India,Nagaland,25.6751,94.1086,03:45,11:06,14:33,17:11,18:23,2025-09-21
India,Nagaland,25.6751,94.1086,03:46,11:06,14:33,17:10,18:22,2025-09-22
India,Nagaland,25.6751,94.1086,03:46,11:06,14:32,17:09,18:21,2025-09-23
India,Nagaland,25.6751,94.1086,03:47,11:05,14:31,17:08,18:20,2025-09-24
India,Nagaland,25.6751,94.1086,03:47,11:05,14:31,17:07,18:18,2025-09-25
India,Nagaland,25.6751,94.1086,03:48,11:05,14:30,17:05,18:17,2025-09-26
India,Nagaland,25.6751,94.1086,03:48,11:04,14:29,17:04,18:16,2025-09-27
India,Nagaland,25.6751,94.1086,03:49,11:04,14:29,17:03,18:15,2025-09-28
India,Nagaland,25.6751,94.1086,03:49,11:04,14:28,17:02,18:14,2025-09-29
India,Nagaland,25.6751,94.1086,03:49,11:03,14:28,17:01,18:13,2025-09-30
India,Nagaland,25.6751,94.1086,03:50,11:03,14:27,17:00,18:12,2025-10-01
India,Nagaland,25.6751,94.1086,03:50,11:03,14:26,16:59,18:11,2025-10-02
India,Nagaland,25.6751,94.1086,03:51,11:02,14:26,16:58,18:10,2025-10-03
India,Nagaland,25.6751,94.1086,03:51,11:02,14:25,16:57,18:09,2025-10-04
India,Nagaland,25.6751,94.1086,03:52,11:02,14:24,16:56,18:08,2025-10-05
India,Nagaland,25.6751,94.1086,03:52,11:02,14:24,16:55,18:07,2025-10-06
India,Nagaland,25.6751,94.1086,03:52,11:01,14:23,16:54,18:06,2025-10-07
India,Nagaland,25.6751,94.1086,03:53,11:01,14:22,16:53,18:05,2025-10-08
India,Nagaland,25.6751,94.1086,03:53,11:01,14:22,16:52,18:04,2025-10-09
India,Nagaland,25.6751,94.1086,03:54,11:00,14:21,16:51,18:03,2025-10-10
India,Nagaland,25.6751,94.1086,03:54,11:00,14:20,16:50,18:02,2025-10-11
India,Nagaland,25.6751,94.1086,03:55,11:00,14:20,16:49,18:01,2025-10-12
India,Nagaland,25.6751,94.1086,03:55,11:00,14:19,16:48,18:00,2025-10-13
India,Nagaland,25.6751,94.1086,03:56,10:59,14:19,16:47,17:59,2025-10-14
India,Nagaland,25.6751,94.1086,03:56,10:59,14:18,16:46,17:58,2025-10-15
India,Nagaland,25.6751,94.1086,03:56,10:59,14:17,16:45,17:57,2025-10-16
India,Nagaland,25.6751,94.1086,03:57,10:59,14:17,16:44,17:56,2025-10-17
India,Nagaland,25.6751,94.1086,03:57,10:59,14:16,16:43,17:55,2025-10-18
India,Nagaland,25.6751,94.1086,03:58,10:58,14:15,16:42,17:55,2025-10-19
India,Nagaland,25.6751,94.1086,03:58,10:58,14:15,16:41,17:54,2025-10-20
India,Nagaland,25.6751,94.1086,03:59,10:58,14:14,16:40,17:53,2025-10-21
India,Nagaland,25.6751,94.1086,03:59,10:58,14:14,16:40,17:52,2025-10-22
India,Nagaland,25.6751,94.1086,04:00,10:58,14:13,16:39,17:51,2025-10-23
India,Nagaland,25.6751,94.1086,04:00,10:58,14:13,16:38,17:51,2025-10-24
India,Nagaland,25.6751,94.1086,04:01,10:58,14:12,16:37,17:50,2025-10-25
India,Nagaland,25.6751,94.1086,04:01,10:57,14:11,16:36,17:49,2025-10-26
India,Nagaland,25.6751,94.1086,04:02,10:57,14:11,16:36,17:49,2025-10-27
India,Nagaland,25.6751,94.1086,04:02,10:57,14:10,16:35,17:48,2025-10-28
India,Nagaland,25.6751,94.1086,04:03,10:57,14:10,16:34,17:47,2025-10-29
India,Nagaland,25.6751,94.1086,04:03,10:57,14:09,16:33,17:47,2025-10-30
India,Nagaland,25.6751,94.1086,04:04,10:57,14:09,16:33,17:46,2025-10-31
India,Nagaland,25.6751,94.1086,04:04,10:57,14:08,16:32,17:45,2025-11-01
India,Nagaland,25.6751,94.1086,04:05,10:57,14:08,16:31,17:45,2025-11-02
India,Nagaland,25.6751,94.1086,04:05,10:57,14:08,16:31,17:44,2025-11-03
India,Nagaland,25.6751,94.1086,04:06,10:57,14:07,16:30,17:44,2025-11-04
India,Nagaland,25.6751,94.1086,04:06,10:57,14:07,16:30,17:43,2025-11-05
India,Nagaland,25.6751,94.1086,04:07,10:57,14:06,16:29,17:43,2025-11-06
India,Nagaland,25.6751,94.1086,04:08,10:57,14:06,16:28,17:42,2025-11-07
India,Nagaland,25.6751,94.1086,04:08,10:57,14:05,16:28,17:42,2025-11-08
India,Nagaland,25.6751,94.1086,04:09,10:57,14:05,16:27,17:42,2025-11-09
India,Nagaland,25.6751,94.1086,04:09,10:58,14:05,16:27,17:41,2025-11-10
India,Nagaland,25.6751,94.1086,04:10,10:58,14:04,16:26,17:41,2025-11-11
India,Nagaland,25.6751,94.1086,04:10,10:58,14:04,16:26,17:41,2025-11-12
India,Nagaland,25.6751,94.1086,04:11,10:58,14:04,16:26,17:40,2025-11-13
India,Nagaland,25.6751,94.1086,04:12,10:58,14:04,16:25,17:40,2025-11-14
India,Nagaland,25.6751,94.1086,04:12,10:58,14:03,16:25,17:40,2025-11-15
India,Nagaland,25.6751,94.1086,04:13,10:58,14:03,16:24,17:39,2025-11-16
India,Nagaland,25.6751,94.1086,04:13,10:59,14:03,16:24,17:39,2025-11-17
India,Nagaland,25.6751,94.1086,04:14,10:59,14:03,16:24,17:39,2025-11-18
India,Nagaland,25.6751,94.1086,04:15,10:59,14:03,16:24,17:39,2025-11-19
India,Nagaland,25.6751,94.1086,04:15,10:59,14:02,16:23,17:39,2025-11-20
India,Nagaland,25.6751,94.1086,04:16,11:00,14:02,16:23,17:39,2025-11-21
India,Nagaland,25.6751,94.1086,04:17,11:00,14:02,16:23,17:39,2025-11-22
India,Nagaland,25.6751,94.1086,04:17,11:00,14:02,16:23,17:38,2025-11-23
India,Nagaland,25.6751,94.1086,04:18,11:00,14:02,16:23,17:38,2025-11-24
India,Nagaland,25.6751,94.1086,04:18,11:01,14:02,16:22,17:38,2025-11-25
India,Nagaland,25.6751,94.1086,04:19,11:01,14:02,16:22,17:38,2025-11-26
India,Nagaland,25.6751,94.1086,04:20,11:01,14:02,16:22,17:38,2025-11-27
India,Nagaland,25.6751,94.1086,04:20,11:02,14:02,16:22,17:38,2025-11-28
India,Nagaland,25.6751,94.1086,04:21,11:02,14:02,16:22,17:39,2025-11-29
India,Nagaland,25.6751,94.1086,04:22,11:02,14:02,16:22,17:39,2025-11-30
India,Nagaland,25.6751,94.1086,04:22,11:03,14:02,16:22,17:39,2025-12-01
India,Nagaland,25.6751,94.1086,04:23,11:03,14:02,16:22,17:39,2025-12-02
India,Nagaland,25.6751,94.1086,04:23,11:04,14:03,16:22,17:39,2025-12-03
India,Nagaland,25.6751,94.1086,04:24,11:04,14:03,16:22,17:39,2025-12-04
India,Nagaland,25.6751,94.1086,04:25,11:04,14:03,16:23,17:39,2025-12-05
India,Nagaland,25.6751,94.1086,04:25,11:05,14:03,16:23,17:40,2025-12-06
India,Nagaland,25.6751,94.1086,04:26,11:05,14:03,16:23,17:40,2025-12-07
India,Nagaland,25.6751,94.1086,04:27,11:06,14:04,16:23,17:40,2025-12-08
India,Nagaland,25.6751,94.1086,04:27,11:06,14:04,16:23,17:40,2025-12-09
India,Nagaland,25.6751,94.1086,04:28,11:07,14:04,16:24,17:41,2025-12-10
India,Nagaland,25.6751,94.1086,04:28,11:07,14:04,16:24,17:41,2025-12-11
India,Nagaland,25.6751,94.1086,04:29,11:07,14:05,16:24,17:41,2025-12-12
India,Nagaland,25.6751,94.1086,04:30,11:08,14:05,16:25,17:42,2025-12-13
India,Nagaland,25.6751,94.1086,04:30,11:08,14:05,16:25,17:42,2025-12-14
India,Nagaland,25.6751,94.1086,04:31,11:09,14:06,16:25,17:43,2025-12-15
India,Nagaland,25.6751,94.1086,04:31,11:09,14:06,16:26,17:43,2025-12-16
India,Nagaland,25.6751,94.1086,04:32,11:10,14:07,16:26,17:43,2025-12-17
India,Nagaland,25.6751,94.1086,04:32,11:10,14:07,16:26,17:44,2025-12-18
India,Nagaland,25.6751,94.1086,04:33,11:11,14:08,16:27,17:44,2025-12-19
India,Nagaland,25.6751,94.1086,04:33,11:11,14:08,16:27,17:45,2025-12-20
India,Nagaland,25.6751,94.1086,04:34,11:12,14:09,16:28,17:45,2025-12-21
India,Nagaland,25.6751,94.1086,04:34,11:12,14:09,16:28,17:46,2025-12-22
India,Nagaland,25.6751,94.1086,04:35,11:13,14:10,16:29,17:46,2025-12-23
India,Nagaland,25.6751,94.1086,04:35,11:13,14:10,16:29,17:47,2025-12-24
India,Nagaland,25.6751,94.1086,04:36,11:14,14:11,16:30,17:47,2025-12-25
India,Nagaland,25.6751,94.1086,04:36,11:14,14:11,16:31,17:48,2025-12-26
India,Nagaland,25.6751,94.1086,04:37,11:15,14:12,16:31,17:48,2025-12-27
India,Nagaland,25.6751,94.1086,04:37,11:15,14:12,16:32,17:49,2025-12-28
India,Nagaland,25.6751,94.1086,04:37,11:16,14:13,16:32,17:50,2025-12-29
India,Nagaland,25.6751,94.1086,04:38,11:16,14:14,16:33,17:50,2025-12-30
India,Nagaland,25.6751,94.1086,04:38,11:17,14:14,16:34,17:51,2025-12-31
India,Odisha,20.2961,85.8245,05:04,11:50,14:57,17:18,18:32,2025-01-01
India,Odisha,20.2961,85.8245,05:04,11:51,14:58,17:19,18:33,2025-01-02
India,Odisha,20.2961,85.8245,05:05,11:51,14:58,17:20,18:34,2025-01-03
India,Odisha,20.2961,85.8245,05:05,11:52,14:59,17:20,18:34,2025-01-04
India,Odisha,20.2961,85.8245,05:05,11:52,14:59,17:21,18:35,2025-01-05
India,Odisha,20.2961,85.8245,05:06,11:53,15:00,17:22,18:35,2025-01-06
India,Odisha,20.2961,85.8245,05:06,11:53,15:01,17:22,18:36,2025-01-07
India,Odisha,20.2961,85.8245,05:06,11:54,15:01,17:23,18:37,2025-01-08
India,Odisha,20.2961,85.8245,05:06,11:54,15:02,17:24,18:37,2025-01-09
India,Odisha,20.2961,85.8245,05:07,11:54,15:02,17:24,18:38,2025-01-10
India,Odisha,20.2961,85.8245,05:07,11:55,15:03,17:25,18:38,2025-01-11
India,Odisha,20.2961,85.8245,05:07,11:55,15:04,17:26,18:39,2025-01-12
India,Odisha,20.2961,85.8245,05:07,11:56,15:04,17:26,18:39,2025-01-13
India,Odisha,20.2961,85.8245,05:07,11:56,15:05,17:27,18:40,2025-01-14
India,Odisha,20.2961,85.8245,05:08,11:56,15:05,17:28,18:41,2025-01-15
India,Odisha,20.2961,85.8245,05:08,11:57,15:06,17:28,18:41,2025-01-16
India,Odisha,20.2961,85.8245,05:08,11:57,15:07,17:29,18:42,2025-01-17
India,Odisha,20.2961,85.8245,05:08,11:57,15:07,17:29,18:42,2025-01-18
India,Odisha,20.2961,85.8245,05:08,11:58,15:08,17:30,18:43,2025-01-19
India,Odisha,20.2961,85.8245,05:08,11:58,15:08,17:31,18:43,2025-01-20
India,Odisha,20.2961,85.8245,05:08,11:58,15:09,17:31,18:44,2025-01-21
India,Odisha,20.2961,85.8245,05:08,11:58,15:09,17:32,18:44,2025-01-22
India,Odisha,20.2961,85.8245,05:08,11:59,15:10,17:33,18:45,2025-01-23
India,Odisha,20.2961,85.8245,05:08,11:59,15:10,17:33,18:46,2025-01-24
India,Odisha,20.2961,85.8245,05:08,11:59,15:11,17:34,18:46,2025-01-25
India,Odisha,20.2961,85.8245,05:08,11:59,15:11,17:35,18:47,2025-01-26
India,Odisha,20.2961,85.8245,05:08,12:00,15:12,17:35,18:47,2025-01-27
India,Odisha,20.2961,85.8245,05:07,12:00,15:12,17:36,18:48,2025-01-28
India,Odisha,20.2961,85.8245,05:07,12:00,15:13,17:36,18:48,2025-01-29
India,Odisha,20.2961,85.8245,05:07,12:00,15:13,17:37,18:49,2025-01-30
India,Odisha,20.2961,85.8245,05:07,12:00,15:14,17:38,18:49,2025-01-31
India,Odisha,20.2961,85.8245,05:07,12:00,15:14,17:38,18:50,2025-02-01
India,Odisha,20.2961,85.8245,05:06,12:00,15:15,17:39,18:50,2025-02-02
India,Odisha,20.2961,85.8245,05:06,12:01,15:15,17:39,18:51,2025-02-03
India,Odisha,20.2961,85.8245,05:06,12:01,15:15,17:40,18:51,2025-02-04
India,Odisha,20.2961,85.8245,05:06,12:01,15:16,17:41,18:52,2025-02-05
India,Odisha,20.2961,85.8245,05:05,12:01,15:16,17:41,18:52,2025-02-06
India,Odisha,20.2961,85.8245,05:05,12:01,15:17,17:42,18:52,2025-02-07
India,Odisha,20.2961,85.8245,05:05,12:01,15:17,17:42,18:53,2025-02-08
India,Odisha,20.2961,85.8245,05:04,12:01,15:17,17:43,18:53,2025-02-09
India,Odisha,20.2961,85.8245,05:04,12:01,15:18,17:43,18:54,2025-02-10
India,Odisha,20.2961,85.8245,05:03,12:01,15:18,17:44,18:54,2025-02-11
India,Odisha,20.2961,85.8245,05:03,12:01,15:18,17:44,18:55,2025-02-12
India,Odisha,20.2961,85.8245,05:02,12:01,15:18,17:45,18:55,2025-02-13
India,Odisha,20.2961,85.8245,05:02,12:01,15:19,17:45,18:55,2025-02-14
India,Odisha,20.2961,85.8245,05:01,12:01,15:19,17:46,18:56,2025-02-15
India,Odisha,20.2961,85.8245,05:01,12:01,15:19,17:46,18:56,2025-02-16
India,Odisha,20.2961,85.8245,05:00,12:01,15:19,17:47,18:57,2025-02-17
India,Odisha,20.2961,85.8245,05:00,12:01,15:19,17:47,18:57,2025-02-18
India,Odisha,20.2961,85.8245,04:59,12:00,15:20,17:48,18:57,2025-02-19
India,Odisha,20.2961,85.8245,04:59,12:00,15:20,17:48,18:58,2025-02-20
India,Odisha,20.2961,85.8245,04:58,12:00,15:20,17:48,18:58,2025-02-21
India,Odisha,20.2961,85.8245,04:57,12:00,15:20,17:49,18:58,2025-02-22
India,Odisha,20.2961,85.8245,04:57,12:00,15:20,17:49,18:59,2025-02-23
India,Odisha,20.2961,85.8245,04:56,12:00,15:20,17:50,18:59,2025-02-24
India,Odisha,20.2961,85.8245,04:56,12:00,15:20,17:50,18:59,2025-02-25
India,Odisha,20.2961,85.8245,04:55,11:59,15:20,17:51,19:00,2025-02-26
India,Odisha,20.2961,85.8245,04:54,11:59,15:20,17:51,19:00,2025-02-27
India,Odisha,20.2961,85.8245,04:53,11:59,15:21,17:51,19:01,2025-02-28
India,Odisha,20.2961,85.8245,04:53,11:59,15:21,17:52,19:01,2025-03-01
India,Odisha,20.2961,85.8245,04:52,11:59,15:21,17:52,19:01,2025-03-02
India,Odisha,20.2961,85.8245,04:51,11:59,15:21,17:52,19:02,2025-03-03
India,Odisha,20.2961,85.8245,04:50,11:58,15:20,17:53,19:02,2025-03-04
India,Odisha,20.2961,85.8245,04:50,11:58,15:20,17:53,19:02,2025-03-05
India,Odisha,20.2961,85.8245,04:49,11:58,15:20,17:53,19:02,2025-03-06
India,Odisha,20.2961,85.8245,04:48,11:58,15:20,17:54,19:03,2025-03-07
India,Odisha,20.2961,85.8245,04:47,11:57,15:20,17:54,19:03,2025-03-08
India,Odisha,20.2961,85.8245,04:46,11:57,15:20,17:54,19:03,2025-03-09
India,Odisha,20.2961,85.8245,04:46,11:57,15:20,17:55,19:04,2025-03-10
India,Odisha,20.2961,85.8245,04:45,11:57,15:20,17:55,19:04,2025-03-11
India,Odisha,20.2961,85.8245,04:44,11:56,15:20,17:55,19:04,2025-03-12
India,Odisha,20.2961,85.8245,04:43,11:56,15:20,17:56,19:05,2025-03-13
India,Odisha,20.2961,85.8245,04:42,11:56,15:19,17:56,19:05,2025-03-14
India,Odisha,20.2961,85.8245,04:41,11:55,15:19,17:56,19:05,2025-03-15
India,Odisha,20.2961,85.8245,04:40,11:55,15:19,17:57,19:06,2025-03-16
India,Odisha,20.2961,85.8245,04:40,11:55,15:19,17:57,19:06,2025-03-17
India,Odisha,20.2961,85.8245,04:39,11:55,15:19,17:57,19:06,2025-03-18
India,Odisha,20.2961,85.8245,04:38,11:54,15:18,17:58,19:07,2025-03-19
India,Odisha,20.2961,85.8245,04:37,11:54,15:18,17:58,19:07,2025-03-20
India,Odisha,20.2961,85.8245,04:36,11:54,15:18,17:58,19:07,2025-03-21
India,Odisha,20.2961,85.8245,04:35,11:53,15:18,17:58,19:08,2025-03-22
India,Odisha,20.2961,85.8245,04:34,11:53,15:17,17:59,19:08,2025-03-23
India,Odisha,20.2961,85.8245,04:33,11:53,15:17,17:59,19:08,2025-03-24
India,Odisha,20.2961,85.8245,04:32,11:53,15:17,17:59,19:09,2025-03-25
India,Odisha,20.2961,85.8245,04:31,11:52,15:17,17:59,19:09,2025-03-26
India,Odisha,20.2961,85.8245,04:30,11:52,15:16,18:00,19:09,2025-03-27
India,Odisha,20.2961,85.8245,04:29,11:52,15:16,18:00,19:10,2025-03-28
India,Odisha,20.2961,85.8245,04:28,11:51,15:16,18:00,19:10,2025-03-29
India,Odisha,20.2961,85.8245,04:27,11:51,15:15,18:01,19:10,2025-03-30
India,Odisha,20.2961,85.8245,04:26,11:51,15:15,18:01,19:11,2025-03-31
India,Odisha,20.2961,85.8245,04:26,11:50,15:15,18:01,19:11,2025-04-01
India,Odisha,20.2961,85.8245,04:25,11:50,15:14,18:01,19:11,2025-04-02
India,Odisha,20.2961,85.8245,04:24,11:50,15:14,18:02,19:12,2025-04-03
India,Odisha,20.2961,85.8245,04:23,11:50,15:14,18:02,19:12,2025-04-04
India,Odisha,20.2961,85.8245,04:22,11:49,15:13,18:02,19:12,2025-04-05
India,Odisha,20.2961,85.8245,04:21,11:49,15:13,18:03,19:13,2025-04-06
India,Odisha,20.2961,85.8245,04:20,11:49,15:12,18:03,19:13,2025-04-07
India,Odisha,20.2961,85.8245,04:19,11:48,15:12,18:03,19:14,2025-04-08
India,Odisha,20.2961,85.8245,04:18,11:48,15:12,18:03,19:14,2025-04-09
India,Odisha,20.2961,85.8245,04:17,11:48,15:11,18:04,19:14,2025-04-10
India,Odisha,20.2961,85.8245,04:16,11:48,15:11,18:04,19:15,2025-04-11
India,Odisha,20.2961,85.8245,04:15,11:47,15:10,18:04,19:15,2025-04-12
India,Odisha,20.2961,85.8245,04:14,11:47,15:10,18:05,19:16,2025-04-13
India,Odisha,20.2961,85.8245,04:13,11:47,15:10,18:05,19:16,2025-04-14
India,Odisha,20.2961,85.8245,04:12,11:47,15:09,18:05,19:16,2025-04-15
India,Odisha,20.2961,85.8245,04:11,11:46,15:09,18:06,19:17,2025-04-16
India,Odisha,20.2961,85.8245,04:10,11:46,15:08,18:06,19:17,2025-04-17
India,Odisha,20.2961,85.8245,04:10,11:46,15:08,18:06,19:18,2025-04-18
India,Odisha,20.2961,85.8245,04:09,11:46,15:07,18:07,19:18,2025-04-19
India,Odisha,20.2961,85.8245,04:08,11:46,15:07,18:07,19:19,2025-04-20
India,Odisha,20.2961,85.8245,04:07,11:45,15:07,18:07,19:19,2025-04-21
India,Odisha,20.2961,85.8245,04:06,11:45,15:06,18:08,19:20,2025-04-22
India,Odisha,20.2961,85.8245,04:05,11:45,15:06,18:08,19:20,2025-04-23
India,Odisha,20.2961,85.8245,04:04,11:45,15:05,18:08,19:21,2025-04-24
India,Odisha,20.2961,85.8245,04:03,11:45,15:05,18:09,19:21,2025-04-25
India,Odisha,20.2961,85.8245,04:03,11:44,15:05,18:09,19:22,2025-04-26
India,Odisha,20.2961,85.8245,04:02,11:44,15:04,18:09,19:22,2025-04-27
India,Odisha,20.2961,85.8245,04:01,11:44,15:04,18:10,19:23,2025-04-28
India,Odisha,20.2961,85.8245,04:00,11:44,15:03,18:10,19:23,2025-04-29
India,Odisha,20.2961,85.8245,03:59,11:44,15:03,18:10,19:24,2025-04-30
India,Odisha,20.2961,85.8245,03:59,11:44,15:02,18:11,19:24,2025-05-01
India,Odisha,20.2961,85.8245,03:58,11:44,15:02,18:11,19:25,2025-05-02
India,Odisha,20.2961,85.8245,03:57,11:44,15:02,18:11,19:25,2025-05-03
India,Odisha,20.2961,85.8245,03:56,11:43,15:01,18:12,19:26,2025-05-04
India,Odisha,20.2961,85.8245,03:56,11:43,15:01,18:12,19:26,2025-05-05
India,Odisha,20.2961,85.8245,03:55,11:43,15:01,18:13,19:27,2025-05-06
India,Odisha,20.2961,85.8245,03:54,11:43,15:00,18:13,19:27,2025-05-07
India,Odisha,20.2961,85.8245,03:54,11:43,15:00,18:13,19:28,2025-05-08
India,Odisha,20.2961,85.8245,03:53,11:43,14:59,18:14,19:29,2025-05-09
India,Odisha,20.2961,85.8245,03:52,11:43,14:59,18:14,19:29,2025-05-10
India,Odisha,20.2961,85.8245,03:52,11:43,14:59,18:15,19:30,2025-05-11
India,Odisha,20.2961,85.8245,03:51,11:43,14:58,18:15,19:30,2025-05-12
India,Odisha,20.2961,85.8245,03:50,11:43,14:58,18:15,19:31,2025-05-13
India,Odisha,20.2961,85.8245,03:50,11:43,14:58,18:16,19:31,2025-05-14
India,Odisha,20.2961,85.8245,03:49,11:43,14:57,18:16,19:32,2025-05-15
India,Odisha,20.2961,85.8245,03:49,11:43,14:57,18:17,19:33,2025-05-16
India,Odisha,20.2961,85.8245,03:48,11:43,14:57,18:17,19:33,2025-05-17
India,Odisha,20.2961,85.8245,03:48,11:43,14:57,18:17,19:34,2025-05-18
India,Odisha,20.2961,85.8245,03:47,11:43,14:56,18:18,19:34,2025-05-19
India,Odisha,20.2961,85.8245,03:47,11:43,14:56,18:18,19:35,2025-05-20
India,Odisha,20.2961,85.8245,03:46,11:43,14:56,18:19,19:35,2025-05-21
India,Odisha,20.2961,85.8245,03:46,11:43,14:57,18:19,19:36,2025-05-22
India,Odisha,20.2961,85.8245,03:46,11:44,14:57,18:20,19:36,2025-05-23
India,Odisha,20.2961,85.8245,03:45,11:44,14:58,18:20,19:37,2025-05-24
India,Odisha,20.2961,85.8245,03:45,11:44,14:59,18:20,19:38,2025-05-25
India,Odisha,20.2961,85.8245,03:45,11:44,14:59,18:21,19:38,2025-05-26
India,Odisha,20.2961,85.8245,03:44,11:44,15:00,18:21,19:39,2025-05-27
India,Odisha,20.2961,85.8245,03:44,11:44,15:00,18:22,19:39,2025-05-28
India,Odisha,20.2961,85.8245,03:44,11:44,15:01,18:22,19:40,2025-05-29
India,Odisha,20.2961,85.8245,03:43,11:44,15:01,18:22,19:40,2025-05-30
India,Odisha,20.2961,85.8245,03:43,11:44,15:02,18:23,19:41,2025-05-31
India,Odisha,20.2961,85.8245,03:43,11:45,15:02,18:23,19:41,2025-06-01
India,Odisha,20.2961,85.8245,03:43,11:45,15:03,18:24,19:42,2025-06-02
India,Odisha,20.2961,85.8245,03:43,11:45,15:03,18:24,19:42,2025-06-03
India,Odisha,20.2961,85.8245,03:42,11:45,15:04,18:24,19:43,2025-06-04
India,Odisha,20.2961,85.8245,03:42,11:45,15:04,18:25,19:43,2025-06-05
India,Odisha,20.2961,85.8245,03:42,11:46,15:05,18:25,19:44,2025-06-06
India,Odisha,20.2961,85.8245,03:42,11:46,15:05,18:25,19:44,2025-06-07
India,Odisha,20.2961,85.8245,03:42,11:46,15:06,18:26,19:44,2025-06-08
India,Odisha,20.2961,85.8245,03:42,11:46,15:06,18:26,19:45,2025-06-09
India,Odisha,20.2961,85.8245,03:42,11:46,15:06,18:26,19:45,2025-06-10
India,Odisha,20.2961,85.8245,03:42,11:46,15:07,18:27,19:46,2025-06-11
India,Odisha,20.2961,85.8245,03:42,11:47,15:07,18:27,19:46,2025-06-12
India,Odisha,20.2961,85.8245,03:42,11:47,15:08,18:27,19:46,2025-06-13
India,Odisha,20.2961,85.8245,03:42,11:47,15:08,18:28,19:47,2025-06-14
India,Odisha,20.2961,85.8245,03:42,11:47,15:08,18:28,19:47,2025-06-15
India,Odisha,20.2961,85.8245,03:43,11:48,15:08,18:28,19:47,2025-06-16
India,Odisha,20.2961,85.8245,03:43,11:48,15:09,18:29,19:48,2025-06-17
India,Odisha,20.2961,85.8245,03:43,11:48,15:09,18:29,19:48,2025-06-18
India,Odisha,20.2961,85.8245,03:43,11:48,15:09,18:29,19:48,2025-06-19
India,Odisha,20.2961,85.8245,03:43,11:48,15:09,18:29,19:48,2025-06-20
India,Odisha,20.2961,85.8245,03:43,11:49,15:10,18:29,19:49,2025-06-21
India,Odisha,20.2961,85.8245,03:44,11:49,15:10,18:30,19:49,2025-06-22
India,Odisha,20.2961,85.8245,03:44,11:49,15:10,18:30,19:49,2025-06-23
India,Odisha,20.2961,85.8245,03:44,11:49,15:10,18:30,19:49,2025-06-24
India,Odisha,20.2961,85.8245,03:45,11:49,15:10,18:30,19:49,2025-06-25
India,Odisha,20.2961,85.8245,03:45,11:50,15:11,18:30,19:49,2025-06-26
India,Odisha,20.2961,85.8245,03:45,11:50,15:11,18:30,19:50,2025-06-27
India,Odisha,20.2961,85.8245,03:45,11:50,15:11,18:31,19:50,2025-06-28
India,Odisha,20.2961,85.8245,03:46,11:50,15:11,18:31,19:50,2025-06-29
India,Odisha,20.2961,85.8245,03:46,11:51,15:11,18:31,19:50,2025-06-30
India,Odisha,20.2961,85.8245,03:47,11:51,15:11,18:31,19:50,2025-07-01
India,Odisha,20.2961,85.8245,03:47,11:51,15:11,18:31,19:50,2025-07-02
India,Odisha,20.2961,85.8245,03:47,11:51,15:11,18:31,19:50,2025-07-03
India,Odisha,20.2961,85.8245,03:48,11:51,15:11,18:31,19:50,2025-07-04
India,Odisha,20.2961,85.8245,03:48,11:51,15:11,18:31,19:49,2025-07-05
India,Odisha,20.2961,85.8245,03:49,11:52,15:11,18:31,19:49,2025-07-06
India,Odisha,20.2961,85.8245,03:49,11:52,15:10,18:31,19:49,2025-07-07
India,Odisha,20.2961,85.8245,03:50,11:52,15:10,18:31,19:49,2025-07-08
India,Odisha,20.2961,85.8245,03:50,11:52,15:10,18:31,19:49,2025-07-09
India,Odisha,20.2961,85.8245,03:51,11:52,15:10,18:31,19:49,2025-07-10
India,Odisha,20.2961,85.8245,03:51,11:52,15:10,18:31,19:49,2025-07-11
India,Odisha,20.2961,85.8245,03:52,11:52,15:09,18:30,19:48,2025-07-12
India,Odisha,20.2961,85.8245,03:52,11:53,15:09,18:30,19:48,2025-07-13
India,Odisha,20.2961,85.8245,03:53,11:53,15:09,18:30,19:48,2025-07-14
India,Odisha,20.2961,85.8245,03:53,11:53,15:08,18:30,19:47,2025-07-15
India,Odisha,20.2961,85.8245,03:54,11:53,15:08,18:30,19:47,2025-07-16
India,Odisha,20.2961,85.8245,03:54,11:53,15:08,18:30,19:47,2025-07-17
India,Odisha,20.2961,85.8245,03:55,11:53,15:07,18:29,19:46,2025-07-18
India,Odisha,20.2961,85.8245,03:55,11:53,15:07,18:29,19:46,2025-07-19
India,Odisha,20.2961,85.8245,03:56,11:53,15:06,18:29,19:46,2025-07-20
India,Odisha,20.2961,85.8245,03:56,11:53,15:06,18:28,19:45,2025-07-21
India,Odisha,20.2961,85.8245,03:57,11:53,15:06,18:28,19:45,2025-07-22
India,Odisha,20.2961,85.8245,03:57,11:53,15:06,18:28,19:44,2025-07-23
India,Odisha,20.2961,85.8245,03:58,11:53,15:07,18:27,19:44,2025-07-24
India,Odisha,20.2961,85.8245,03:58,11:53,15:07,18:27,19:43,2025-07-25
India,Odisha,20.2961,85.8245,03:59,11:53,15:07,18:27,19:43,2025-07-26
India,Odisha,20.2961,85.8245,04:00,11:53,15:08,18:26,19:42,2025-07-27
India,Odisha,20.2961,85.8245,04:00,11:53,15:08,18:26,19:42,2025-07-28
India,Odisha,20.2961,85.8245,04:01,11:53,15:08,18:25,19:41,2025-07-29
India,Odisha,20.2961,85.8245,04:01,11:53,15:09,18:25,19:40,2025-07-30
India,Odisha,20.2961,85.8245,04:02,11:53,15:09,18:25,19:40,2025-07-31
India,Odisha,20.2961,85.8245,04:02,11:53,15:09,18:24,19:39,2025-08-01
India,Odisha,20.2961,85.8245,04:03,11:53,15:09,18:24,19:38,2025-08-02
India,Odisha,20.2961,85.8245,04:03,11:53,15:09,18:23,19:38,2025-08-03
India,Odisha,20.2961,85.8245,04:04,11:53,15:10,18:23,19:37,2025-08-04
India,Odisha,20.2961,85.8245,04:04,11:53,15:10,18:22,19:36,2025-08-05
India,Odisha,20.2961,85.8245,04:05,11:53,15:10,18:21,19:36,2025-08-06
India,Odisha,20.2961,85.8245,04:05,11:52,15:10,18:21,19:35,2025-08-07
India,Odisha,20.2961,85.8245,04:06,11:52,15:10,18:20,19:34,2025-08-08
India,Odisha,20.2961,85.8245,04:06,11:52,15:11,18:20,19:33,2025-08-09
India,Odisha,20.2961,85.8245,04:07,11:52,15:11,18:19,19:33,2025-08-10
India,Odisha,20.2961,85.8245,04:07,11:52,15:11,18:18,19:32,2025-08-11
India,Odisha,20.2961,85.8245,04:08,11:52,15:11,18:18,19:31,2025-08-12
India,Odisha,20.2961,85.8245,04:08,11:51,15:11,18:17,19:30,2025-08-13
India,Odisha,20.2961,85.8245,04:09,11:51,15:11,18:16,19:29,2025-08-14
India,Odisha,20.2961,85.8245,04:09,11:51,15:11,18:16,19:28,2025-08-15
India,Odisha,20.2961,85.8245,04:10,11:51,15:11,18:15,19:28,2025-08-16
India,Odisha,20.2961,85.8245,04:10,11:51,15:11,18:14,19:27,2025-08-17
India,Odisha,20.2961,85.8245,04:11,11:50,15:11,18:13,19:26,2025-08-18
India,Odisha,20.2961,85.8245,04:11,11:50,15:11,18:13,19:25,2025-08-19
India,Odisha,20.2961,85.8245,04:11,11:50,15:11,18:12,19:24,2025-08-20
India,Odisha,20.2961,85.8245,04:12,11:50,15:11,18:11,19:23,2025-08-21
India,Odisha,20.2961,85.8245,04:12,11:49,15:11,18:10,19:22,2025-08-22
India,Odisha,20.2961,85.8245,04:13,11:49,15:11,18:10,19:21,2025-08-23
India,Odisha,20.2961,85.8245,04:13,11:49,15:11,18:09,19:20,2025-08-24
India,Odisha,20.2961,85.8245,04:13,11:49,15:11,18:08,19:19,2025-08-25
India,Odisha,20.2961,85.8245,04:14,11:48,15:11,18:07,19:18,2025-08-26
India,Odisha,20.2961,85.8245,04:14,11:48,15:11,18:06,19:17,2025-08-27
India,Odisha,20.2961,85.8245,04:15,11:48,15:11,18:05,19:16,2025-08-28
India,Odisha,20.2961,85.8245,04:15,11:47,15:10,18:05,19:16,2025-08-29
India,Odisha,20.2961,85.8245,04:15,11:47,15:10,18:04,19:15,2025-08-30
India,Odisha,20.2961,85.8245,04:16,11:47,15:10,18:03,19:14,2025-08-31
India,Odisha,20.2961,85.8245,04:16,11:47,15:10,18:02,19:13,2025-09-01
India,Odisha,20.2961,85.8245,04:16,11:46,15:10,18:01,19:12,2025-09-02
India,Odisha,20.2961,85.8245,04:17,11:46,15:10,18:00,19:11,2025-09-03
India,Odisha,20.2961,85.8245,04:17,11:46,15:09,17:59,19:10,2025-09-04
India,Odisha,20.2961,85.8245,04:17,11:45,15:09,17:59,19:09,2025-09-05
India,Odisha,20.2961,85.8245,04:18,11:45,15:09,17:58,19:08,2025-09-06
India,Odisha,20.2961,85.8245,04:18,11:45,15:09,17:57,19:07,2025-09-07
India,Odisha,20.2961,85.8245,04:18,11:44,15:08,17:56,19:06,2025-09-08
India,Odisha,20.2961,85.8245,04:19,11:44,15:08,17:55,19:05,2025-09-09
India,Odisha,20.2961,85.8245,04:19,11:44,15:08,17:54,19:04,2025-09-10
India,Odisha,20.2961,85.8245,04:19,11:43,15:07,17:53,19:03,2025-09-11
India,Odisha,20.2961,85.8245,04:20,11:43,15:07,17:52,19:02,2025-09-12
India,Odisha,20.2961,85.8245,04:20,11:42,15:07,17:51,19:01,2025-09-13
India,Odisha,20.2961,85.8245,04:20,11:42,15:06,17:50,19:00,2025-09-14
India,Odisha,20.2961,85.8245,04:20,11:42,15:06,17:49,18:59,2025-09-15
India,Odisha,20.2961,85.8245,04:21,11:41,15:06,17:48,18:58,2025-09-16
India,Odisha,20.2961,85.8245,04:21,11:41,15:05,17:47,18:57,2025-09-17
India,Odisha,20.2961,85.8245,04:21,11:41,15:05,17:47,18:56,2025-09-18
India,Odisha,20.2961,85.8245,04:21,11:40,15:05,17:46,18:55,2025-09-19
India,Odisha,20.2961,85.8245,04:22,11:40,15:04,17:45,18:54,2025-09-20
India,Odisha,20.2961,85.8245,04:22,11:40,15:04,17:44,18:53,2025-09-21
India,Odisha,20.2961,85.8245,04:22,11:39,15:03,17:43,18:52,2025-09-22
India,Odisha,20.2961,85.8245,04:23,11:39,15:03,17:42,18:51,2025-09-23
India,Odisha,20.2961,85.8245,04:23,11:39,15:03,17:41,18:50,2025-09-24
India,Odisha,20.2961,85.8245,04:23,11:38,15:02,17:40,18:49,2025-09-25
India,Odisha,20.2961,85.8245,04:23,11:38,15:02,17:39,18:48,2025-09-26
India,Odisha,20.2961,85.8245,04:24,11:38,15:01,17:38,18:47,2025-09-27
India,Odisha,20.2961,85.8245,04:24,11:37,15:01,17:37,18:46,2025-09-28
India,Odisha,20.2961,85.8245,04:24,11:37,15:00,17:36,18:45,2025-09-29
India,Odisha,20.2961,85.8245,04:24,11:37,15:00,17:35,18:44,2025-09-30
India,Odisha,20.2961,85.8245,04:25,11:36,15:00,17:35,18:44,2025-10-01
India,Odisha,20.2961,85.8245,04:25,11:36,14:59,17:34,18:43,2025-10-02
India,Odisha,20.2961,85.8245,04:25,11:36,14:59,17:33,18:42,2025-10-03
India,Odisha,20.2961,85.8245,04:25,11:35,14:58,17:32,18:41,2025-10-04
India,Odisha,20.2961,85.8245,04:26,11:35,14:58,17:31,18:40,2025-10-05
India,Odisha,20.2961,85.8245,04:26,11:35,14:57,17:30,18:39,2025-10-06
India,Odisha,20.2961,85.8245,04:26,11:34,14:57,17:29,18:38,2025-10-07
India,Odisha,20.2961,85.8245,04:26,11:34,14:56,17:28,18:38,2025-10-08
India,Odisha,20.2961,85.8245,04:27,11:34,14:56,17:28,18:37,2025-10-09
India,Odisha,20.2961,85.8245,04:27,11:34,14:55,17:27,18:36,2025-10-10
India,Odisha,20.2961,85.8245,04:27,11:33,14:55,17:26,18:35,2025-10-11
India,Odisha,20.2961,85.8245,04:27,11:33,14:54,17:25,18:34,2025-10-12
India,Odisha,20.2961,85.8245,04:28,11:33,14:54,17:24,18:34,2025-10-13
India,Odisha,20.2961,85.8245,04:28,11:33,14:54,17:24,18:33,2025-10-14
India,Odisha,20.2961,85.8245,04:28,11:32,14:53,17:23,18:32,2025-10-15
India,Odisha,20.2961,85.8245,04:29,11:32,14:53,17:22,18:32,2025-10-16
India,Odisha,20.2961,85.8245,04:29,11:32,14:52,17:21,18:31,2025-10-17
India,Odisha,20.2961,85.8245,04:29,11:32,14:52,17:21,18:30,2025-10-18
India,Odisha,20.2961,85.8245,04:29,11:32,14:51,17:20,18:29,2025-10-19
India,Odisha,20.2961,85.8245,04:30,11:31,14:51,17:19,18:29,2025-10-20
India,Odisha,20.2961,85.8245,04:30,11:31,14:50,17:18,18:28,2025-10-21
India,Odisha,20.2961,85.8245,04:30,11:31,14:50,17:18,18:28,2025-10-22
India,Odisha,20.2961,85.8245,04:31,11:31,14:50,17:17,18:27,2025-10-23
India,Odisha,20.2961,85.8245,04:31,11:31,14:49,17:16,18:26,2025-10-24
India,Odisha,20.2961,85.8245,04:31,11:31,14:49,17:16,18:26,2025-10-25
India,Odisha,20.2961,85.8245,04:32,11:31,14:48,17:15,18:25,2025-10-26
India,Odisha,20.2961,85.8245,04:32,11:31,14:48,17:15,18:25,2025-10-27
India,Odisha,20.2961,85.8245,04:32,11:30,14:48,17:14,18:24,2025-10-28
India,Odisha,20.2961,85.8245,04:33,11:30,14:47,17:13,18:24,2025-10-29
India,Odisha,20.2961,85.8245,04:33,11:30,14:47,17:13,18:23,2025-10-30
India,Odisha,20.2961,85.8245,04:33,11:30,14:47,17:12,18:23,2025-10-31
India,Odisha,20.2961,85.8245,04:34,11:30,14:46,17:12,18:22,2025-11-01
India,Odisha,20.2961,85.8245,04:34,11:30,14:46,17:11,18:22,2025-11-02
India,Odisha,20.2961,85.8245,04:35,11:30,14:46,17:11,18:22,2025-11-03
India,Odisha,20.2961,85.8245,04:35,11:30,14:45,17:10,18:21,2025-11-04
India,Odisha,20.2961,85.8245,04:35,11:30,14:45,17:10,18:21,2025-11-05
India,Odisha,20.2961,85.8245,04:36,11:30,14:45,17:09,18:21,2025-11-06
India,Odisha,20.2961,85.8245,04:36,11:30,14:45,17:09,18:20,2025-11-07
India,Odisha,20.2961,85.8245,04:37,11:30,14:44,17:09,18:20,2025-11-08
India,Odisha,20.2961,85.8245,04:37,11:31,14:44,17:08,18:20,2025-11-09
India,Odisha,20.2961,85.8245,04:38,11:31,14:44,17:08,18:19,2025-11-10
India,Odisha,20.2961,85.8245,04:38,11:31,14:44,17:08,18:19,2025-11-11
India,Odisha,20.2961,85.8245,04:38,11:31,14:44,17:07,18:19,2025-11-12
India,Odisha,20.2961,85.8245,04:39,11:31,14:44,17:07,18:19,2025-11-13
India,Odisha,20.2961,85.8245,04:39,11:31,14:43,17:07,18:19,2025-11-14
India,Odisha,20.2961,85.8245,04:40,11:31,14:43,17:06,18:18,2025-11-15
India,Odisha,20.2961,85.8245,04:40,11:32,14:43,17:06,18:18,2025-11-16
India,Odisha,20.2961,85.8245,04:41,11:32,14:43,17:06,18:18,2025-11-17
India,Odisha,20.2961,85.8245,04:41,11:32,14:43,17:06,18:18,2025-11-18
India,Odisha,20.2961,85.8245,04:42,11:32,14:43,17:06,18:18,2025-11-19
India,Odisha,20.2961,85.8245,04:42,11:32,14:43,17:06,18:18,2025-11-20
India,Odisha,20.2961,85.8245,04:43,11:33,14:43,17:05,18:18,2025-11-21
India,Odisha,20.2961,85.8245,04:43,11:33,14:43,17:05,18:18,2025-11-22
India,Odisha,20.2961,85.8245,04:44,11:33,14:43,17:05,18:18,2025-11-23
India,Odisha,20.2961,85.8245,04:44,11:34,14:43,17:05,18:18,2025-11-24
India,Odisha,20.2961,85.8245,04:45,11:34,14:43,17:05,18:18,2025-11-25
India,Odisha,20.2961,85.8245,04:46,11:34,14:43,17:05,18:18,2025-11-26
India,Odisha,20.2961,85.8245,04:46,11:34,14:43,17:05,18:18,2025-11-27
India,Odisha,20.2961,85.8245,04:47,11:35,14:43,17:05,18:19,2025-11-28
India,Odisha,20.2961,85.8245,04:47,11:35,14:43,17:05,18:19,2025-11-29
India,Odisha,20.2961,85.8245,04:48,11:36,14:44,17:05,18:19,2025-11-30
India,Odisha,20.2961,85.8245,04:48,11:36,14:44,17:06,18:19,2025-12-01
India,Odisha,20.2961,85.8245,04:49,11:36,14:44,17:06,18:19,2025-12-02
India,Odisha,20.2961,85.8245,04:49,11:37,14:44,17:06,18:20,2025-12-03
India,Odisha,20.2961,85.8245,04:50,11:37,14:44,17:06,18:20,2025-12-04
India,Odisha,20.2961,85.8245,04:50,11:37,14:45,17:06,18:20,2025-12-05
India,Odisha,20.2961,85.8245,04:51,11:38,14:45,17:06,18:20,2025-12-06
India,Odisha,20.2961,85.8245,04:52,11:38,14:45,17:07,18:21,2025-12-07
India,Odisha,20.2961,85.8245,04:52,11:39,14:45,17:07,18:21,2025-12-08
India,Odisha,20.2961,85.8245,04:53,11:39,14:46,17:07,18:21,2025-12-09
India,Odisha,20.2961,85.8245,04:53,11:40,14:46,17:08,18:22,2025-12-10
India,Odisha,20.2961,85.8245,04:54,11:40,14:46,17:08,18:22,2025-12-11
India,Odisha,20.2961,85.8245,04:54,11:41,14:47,17:08,18:22,2025-12-12
India,Odisha,20.2961,85.8245,04:55,11:41,14:47,17:09,18:23,2025-12-13
India,Odisha,20.2961,85.8245,04:55,11:42,14:48,17:09,18:23,2025-12-14
India,Odisha,20.2961,85.8245,04:56,11:42,14:48,17:09,18:24,2025-12-15
India,Odisha,20.2961,85.8245,04:57,11:43,14:48,17:10,18:24,2025-12-16
India,Odisha,20.2961,85.8245,04:57,11:43,14:49,17:10,18:24,2025-12-17
India,Odisha,20.2961,85.8245,04:58,11:44,14:49,17:11,18:25,2025-12-18
India,Odisha,20.2961,85.8245,04:58,11:44,14:50,17:11,18:25,2025-12-19
India,Odisha,20.2961,85.8245,04:59,11:45,14:50,17:12,18:26,2025-12-20
India,Odisha,20.2961,85.8245,04:59,11:45,14:51,17:12,18:26,2025-12-21
India,Odisha,20.2961,85.8245,05:00,11:46,14:51,17:13,18:27,2025-12-22
India,Odisha,20.2961,85.8245,05:00,11:46,14:52,17:13,18:27,2025-12-23
India,Odisha,20.2961,85.8245,05:01,11:46,14:52,17:14,18:28,2025-12-24
India,Odisha,20.2961,85.8245,05:01,11:47,14:53,17:14,18:28,2025-12-25
India,Odisha,20.2961,85.8245,05:02,11:47,14:53,17:15,18:29,2025-12-26
India,Odisha,20.2961,85.8245,05:02,11:48,14:54,17:15,18:30,2025-12-27
India,Odisha,20.2961,85.8245,05:02,11:48,14:54,17:16,18:30,2025-12-28
India,Odisha,20.2961,85.8245,05:03,11:49,14:55,17:16,18:31,2025-12-29
India,Odisha,20.2961,85.8245,05:03,11:49,14:56,17:17,18:31,2025-12-30
India,Odisha,20.2961,85.8245,05:04,11:50,14:56,17:18,18:32,2025-12-31
India,Punjab,30.7333,76.7794,05:55,12:27,15:14,17:33,18:54,2025-01-01
India,Punjab,30.7333,76.7794,05:55,12:27,15:15,17:33,18:54,2025-01-02
India,Punjab,30.7333,76.7794,05:55,12:28,15:16,17:34,18:55,2025-01-03
India,Punjab,30.7333,76.7794,05:55,12:28,15:16,17:35,18:56,2025-01-04
India,Punjab,30.7333,76.7794,05:56,12:28,15:17,17:36,18:56,2025-01-05
India,Punjab,30.7333,76.7794,05:56,12:29,15:18,17:36,18:57,2025-01-06
India,Punjab,30.7333,76.7794,05:56,12:29,15:18,17:37,18:58,2025-01-07
India,Punjab,30.7333,76.7794,05:56,12:30,15:19,17:38,18:59,2025-01-08
India,Punjab,30.7333,76.7794,05:56,12:30,15:20,17:39,18:59,2025-01-09
India,Punjab,30.7333,76.7794,05:56,12:31,15:21,17:40,19:00,2025-01-10
India,Punjab,30.7333,76.7794,05:56,12:31,15:22,17:41,19:01,2025-01-11
India,Punjab,30.7333,76.7794,05:56,12:31,15:22,17:41,19:02,2025-01-12
India,Punjab,30.7333,76.7794,05:56,12:32,15:23,17:42,19:02,2025-01-13
India,Punjab,30.7333,76.7794,05:56,12:32,15:24,17:43,19:03,2025-01-14
India,Punjab,30.7333,76.7794,05:56,12:32,15:25,17:44,19:04,2025-01-15
India,Punjab,30.7333,76.7794,05:56,12:33,15:25,17:45,19:05,2025-01-16
India,Punjab,30.7333,76.7794,05:56,12:33,15:26,17:46,19:05,2025-01-17
India,Punjab,30.7333,76.7794,05:56,12:33,15:27,17:47,19:06,2025-01-18
India,Punjab,30.7333,76.7794,05:56,12:34,15:28,17:47,19:07,2025-01-19
India,Punjab,30.7333,76.7794,05:56,12:34,15:28,17:48,19:08,2025-01-20
India,Punjab,30.7333,76.7794,05:55,12:34,15:29,17:49,19:08,2025-01-21
India,Punjab,30.7333,76.7794,05:55,12:35,15:30,17:50,19:09,2025-01-22
India,Punjab,30.7333,76.7794,05:55,12:35,15:31,17:51,19:10,2025-01-23
India,Punjab,30.7333,76.7794,05:55,12:35,15:32,17:52,19:11,2025-01-24
India,Punjab,30.7333,76.7794,05:54,12:35,15:32,17:53,19:11,2025-01-25
India,Punjab,30.7333,76.7794,05:54,12:36,15:33,17:54,19:12,2025-01-26
India,Punjab,30.7333,76.7794,05:54,12:36,15:34,17:55,19:13,2025-01-27
India,Punjab,30.7333,76.7794,05:53,12:36,15:35,17:55,19:14,2025-01-28
India,Punjab,30.7333,76.7794,05:53,12:36,15:35,17:56,19:15,2025-01-29
India,Punjab,30.7333,76.7794,05:52,12:36,15:36,17:57,19:15,2025-01-30
India,Punjab,30.7333,76.7794,05:52,12:36,15:37,17:58,19:16,2025-01-31
India,Punjab,30.7333,76.7794,05:51,12:36,15:37,17:59,19:17,2025-02-01
India,Punjab,30.7333,76.7794,05:51,12:37,15:38,18:00,19:18,2025-02-02
India,Punjab,30.7333,76.7794,05:50,12:37,15:39,18:01,19:18,2025-02-03
India,Punjab,30.7333,76.7794,05:50,12:37,15:40,18:02,19:19,2025-02-04
India,Punjab,30.7333,76.7794,05:49,12:37,15:40,18:03,19:20,2025-02-05
India,Punjab,30.7333,76.7794,05:49,12:37,15:41,18:03,19:21,2025-02-06
India,Punjab,30.7333,76.7794,05:48,12:37,15:42,18:04,19:21,2025-02-07
India,Punjab,30.7333,76.7794,05:47,12:37,15:42,18:05,19:22,2025-02-08
India,Punjab,30.7333,76.7794,05:47,12:37,15:43,18:06,19:23,2025-02-09
India,Punjab,30.7333,76.7794,05:46,12:37,15:43,18:07,19:24,2025-02-10
India,Punjab,30.7333,76.7794,05:45,12:37,15:44,18:08,19:24,2025-02-11
India,Punjab,30.7333,76.7794,05:44,12:37,15:45,18:08,19:25,2025-02-12
India,Punjab,30.7333,76.7794,05:44,12:37,15:45,18:09,19:26,2025-02-13
India,Punjab,30.7333,76.7794,05:43,12:37,15:46,18:10,19:26,2025-02-14
India,Punjab,30.7333,76.7794,05:42,12:37,15:46,18:11,19:27,2025-02-15
India,Punjab,30.7333,76.7794,05:41,12:37,15:47,18:12,19:28,2025-02-16
India,Punjab,30.7333,76.7794,05:40,12:37,15:48,18:12,19:29,2025-02-17
India,Punjab,30.7333,76.7794,05:39,12:37,15:48,18:13,19:29,2025-02-18
India,Punjab,30.7333,76.7794,05:39,12:37,15:49,18:14,19:30,2025-02-19
India,Punjab,30.7333,76.7794,05:38,12:37,15:49,18:15,19:31,2025-02-20
India,Punjab,30.7333,76.7794,05:37,12:36,15:50,18:16,19:31,2025-02-21
India,Punjab,30.7333,76.7794,05:36,12:36,15:50,18:16,19:32,2025-02-22
India,Punjab,30.7333,76.7794,05:35,12:36,15:50,18:17,19:33,2025-02-23
India,Punjab,30.7333,76.7794,05:34,12:36,15:51,18:18,19:34,2025-02-24
India,Punjab,30.7333,76.7794,05:33,12:36,15:51,18:19,19:34,2025-02-25
India,Punjab,30.7333,76.7794,05:32,12:36,15:52,18:19,19:35,2025-02-26
India,Punjab,30.7333,76.7794,05:31,12:35,15:52,18:20,19:36,2025-02-27
India,Punjab,30.7333,76.7794,05:30,12:35,15:53,18:21,19:36,2025-02-28
India,Punjab,30.7333,76.7794,05:29,12:35,15:53,18:22,19:37,2025-03-01
India,Punjab,30.7333,76.7794,05:27,12:35,15:53,18:22,19:38,2025-03-02
India,Punjab,30.7333,76.7794,05:26,12:35,15:54,18:23,19:38,2025-03-03
India,Punjab,30.7333,76.7794,05:25,12:34,15:54,18:24,19:39,2025-03-04
India,Punjab,30.7333,76.7794,05:24,12:34,15:54,18:24,19:40,2025-03-05
India,Punjab,30.7333,76.7794,05:23,12:34,15:55,18:25,19:40,2025-03-06
India,Punjab,30.7333,76.7794,05:22,12:34,15:55,18:26,19:41,2025-03-07
India,Punjab,30.7333,76.7794,05:21,12:34,15:55,18:26,19:42,2025-03-08
India,Punjab,30.7333,76.7794,05:19,12:33,15:55,18:27,19:42,2025-03-09
India,Punjab,30.7333,76.7794,05:18,12:33,15:56,18:28,19:43,2025-03-10
India,Punjab,30.7333,76.7794,05:17,12:33,15:56,18:29,19:44,2025-03-11
India,Punjab,30.7333,76.7794,05:16,12:32,15:56,18:29,19:45,2025-03-12
India,Punjab,30.7333,76.7794,05:15,12:32,15:56,18:30,19:45,2025-03-13
India,Punjab,30.7333,76.7794,05:13,12:32,15:57,18:31,19:46,2025-03-14
India,Punjab,30.7333,76.7794,05:12,12:32,15:57,18:31,19:47,2025-03-15
India,Punjab,30.7333,76.7794,05:11,12:31,15:57,18:32,19:47,2025-03-16
India,Punjab,30.7333,76.7794,05:09,12:31,15:57,18:32,19:48,2025-03-17
India,Punjab,30.7333,76.7794,05:08,12:31,15:57,18:33,19:49,2025-03-18
India,Punjab,30.7333,76.7794,05:07,12:31,15:58,18:34,19:49,2025-03-19
India,Punjab,30.7333,76.7794,05:06,12:30,15:58,18:34,19:50,2025-03-20
India,Punjab,30.7333,76.7794,05:04,12:30,15:58,18:35,19:51,2025-03-21
India,Punjab,30.7333,76.7794,05:03,12:30,15:58,18:36,19:52,2025-03-22
India,Punjab,30.7333,76.7794,05:02,12:29,15:58,18:36,19:52,2025-03-23
India,Punjab,30.7333,76.7794,05:00,12:29,15:58,18:37,19:53,2025-03-24
India,Punjab,30.7333,76.7794,04:59,12:29,15:58,18:38,19:54,2025-03-25
India,Punjab,30.7333,76.7794,04:58,12:28,15:58,18:38,19:54,2025-03-26
India,Punjab,30.7333,76.7794,04:56,12:28,15:58,18:39,19:55,2025-03-27
India,Punjab,30.7333,76.7794,04:55,12:28,15:58,18:40,19:56,2025-03-28
India,Punjab,30.7333,76.7794,04:54,12:28,15:59,18:40,19:57,2025-03-29
India,Punjab,30.7333,76.7794,04:52,12:27,15:59,18:41,19:57,2025-03-30
India,Punjab,30.7333,76.7794,04:51,12:27,15:59,18:41,19:58,2025-03-31
India,Punjab,30.7333,76.7794,04:50,12:27,15:59,18:42,19:59,2025-04-01
India,Punjab,30.7333,76.7794,04:48,12:26,15:59,18:43,20:00,2025-04-02
India,Punjab,30.7333,76.7794,04:47,12:26,15:59,18:43,20:00,2025-04-03
India,Punjab,30.7333,76.7794,04:45,12:26,15:59,18:44,20:01,2025-04-04
India,Punjab,30.7333,76.7794,04:44,12:25,15:59,18:45,20:02,2025-04-05
India,Punjab,30.7333,76.7794,04:43,12:25,15:59,18:45,20:03,2025-04-06
India,Punjab,30.7333,76.7794,04:41,12:25,15:59,18:46,20:03,2025-04-07
India,Punjab,30.7333,76.7794,04:40,12:25,15:59,18:46,20:04,2025-04-08
India,Punjab,30.7333,76.7794,04:39,12:24,15:59,18:47,20:05,2025-04-09
India,Punjab,30.7333,76.7794,04:37,12:24,15:59,18:48,20:06,2025-04-10
India,Punjab,30.7333,76.7794,04:36,12:24,15:59,18:48,20:07,2025-04-11
India,Punjab,30.7333,76.7794,04:35,12:24,15:59,18:49,20:07,2025-04-12
India,Punjab,30.7333,76.7794,04:33,12:23,15:59,18:50,20:08,2025-04-13
India,Punjab,30.7333,76.7794,04:32,12:23,15:59,18:50,20:09,2025-04-14
India,Punjab,30.7333,76.7794,04:31,12:23,15:59,18:51,20:10,2025-04-15
India,Punjab,30.7333,76.7794,04:29,12:23,15:58,18:52,20:11,2025-04-16
India,Punjab,30.7333,76.7794,04:28,12:22,15:58,18:52,20:12,2025-04-17
India,Punjab,30.7333,76.7794,04:27,12:22,15:58,18:53,20:12,2025-04-18
India,Punjab,30.7333,76.7794,04:25,12:22,15:58,18:54,20:13,2025-04-19
India,Punjab,30.7333,76.7794,04:24,12:22,15:58,18:54,20:14,2025-04-20
India,Punjab,30.7333,76.7794,04:23,12:22,15:58,18:55,20:15,2025-04-21
India,Punjab,30.7333,76.7794,04:21,12:21,15:58,18:55,20:16,2025-04-22
India,Punjab,30.7333,76.7794,04:20,12:21,15:58,18:56,20:17,2025-04-23
India,Punjab,30.7333,76.7794,04:19,12:21,15:58,18:57,20:18,2025-04-24
India,Punjab,30.7333,76.7794,04:18,12:21,15:58,18:57,20:19,2025-04-25
India,Punjab,30.7333,76.7794,04:16,12:21,15:58,18:58,20:19,2025-04-26
India,Punjab,30.7333,76.7794,04:15,12:20,15:58,18:59,20:20,2025-04-27
India,Punjab,30.7333,76.7794,04:14,12:20,15:58,18:59,20:21,2025-04-28
India,Punjab,30.7333,76.7794,04:13,12:20,15:58,19:00,20:22,2025-04-29
India,Punjab,30.7333,76.7794,04:12,12:20,15:58,19:01,20:23,2025-04-30
India,Punjab,30.7333,76.7794,04:10,12:20,15:58,19:01,20:24,2025-05-01
India,Punjab,30.7333,76.7794,04:09,12:20,15:58,19:02,20:25,2025-05-02
India,Punjab,30.7333,76.7794,04:08,12:20,15:58,19:03,20:26,2025-05-03
India,Punjab,30.7333,76.7794,04:07,12:20,15:58,19:03,20:27,2025-05-04
India,Punjab,30.7333,76.7794,04:06,12:20,15:58,19:04,20:28,2025-05-05
India,Punjab,30.7333,76.7794,04:05,12:19,15:58,19:05,20:29,2025-05-06
India,Punjab,30.7333,76.7794,04:04,12:19,15:58,19:05,20:30,2025-05-07
India,Punjab,30.7333,76.7794,04:03,12:19,15:58,19:06,20:30,2025-05-08
India,Punjab,30.7333,76.7794,04:02,12:19,15:57,19:07,20:31,2025-05-09
India,Punjab,30.7333,76.7794,04:01,12:19,15:57,19:08,20:32,2025-05-10
India,Punjab,30.7333,76.7794,04:00,12:19,15:57,19:08,20:33,2025-05-11
India,Punjab,30.7333,76.7794,03:59,12:19,15:57,19:09,20:34,2025-05-12
India,Punjab,30.7333,76.7794,03:58,12:19,15:57,19:10,20:35,2025-05-13
India,Punjab,30.7333,76.7794,03:57,12:19,15:57,19:10,20:36,2025-05-14
India,Punjab,30.7333,76.7794,03:56,12:19,15:57,19:11,20:37,2025-05-15
India,Punjab,30.7333,76.7794,03:55,12:19,15:57,19:11,20:38,2025-05-16
India,Punjab,30.7333,76.7794,03:54,12:19,15:57,19:12,20:39,2025-05-17
India,Punjab,30.7333,76.7794,03:53,12:19,15:58,19:13,20:40,2025-05-18
India,Punjab,30.7333,76.7794,03:53,12:19,15:58,19:13,20:40,2025-05-19
India,Punjab,30.7333,76.7794,03:52,12:19,15:58,19:14,20:41,2025-05-20
India,Punjab,30.7333,76.7794,03:51,12:20,15:58,19:15,20:42,2025-05-21
India,Punjab,30.7333,76.7794,03:50,12:20,15:58,19:15,20:43,2025-05-22
India,Punjab,30.7333,76.7794,03:50,12:20,15:58,19:16,20:44,2025-05-23
India,Punjab,30.7333,76.7794,03:49,12:20,15:58,19:17,20:45,2025-05-24
India,Punjab,30.7333,76.7794,03:48,12:20,15:58,19:17,20:46,2025-05-25
India,Punjab,30.7333,76.7794,03:48,12:20,15:58,19:18,20:46,2025-05-26
India,Punjab,30.7333,76.7794,03:47,12:20,15:58,19:18,20:47,2025-05-27
India,Punjab,30.7333,76.7794,03:46,12:20,15:58,19:19,20:48,2025-05-28
India,Punjab,30.7333,76.7794,03:46,12:20,15:58,19:20,20:49,2025-05-29
India,Punjab,30.7333,76.7794,03:45,12:21,15:58,19:20,20:50,2025-05-30
India,Punjab,30.7333,76.7794,03:45,12:21,15:58,19:21,20:50,2025-05-31
India,Punjab,30.7333,76.7794,03:45,12:21,15:59,19:21,20:51,2025-06-01
India,Punjab,30.7333,76.7794,03:44,12:21,15:59,19:22,20:52,2025-06-02
India,Punjab,30.7333,76.7794,03:44,12:21,15:59,19:22,20:52,2025-06-03
India,Punjab,30.7333,76.7794,03:43,12:21,15:59,19:23,20:53,2025-06-04
India,Punjab,30.7333,76.7794,03:43,12:21,15:59,19:23,20:54,2025-06-05
India,Punjab,30.7333,76.7794,03:43,12:22,15:59,19:24,20:54,2025-06-06
India,Punjab,30.7333,76.7794,03:43,12:22,15:59,19:24,20:55,2025-06-07
India,Punjab,30.7333,76.7794,03:42,12:22,15:59,19:25,20:55,2025-06-08
India,Punjab,30.7333,76.7794,03:42,12:22,16:00,19:25,20:56,2025-06-09
India,Punjab,30.7333,76.7794,03:42,12:22,16:00,19:25,20:57,2025-06-10
India,Punjab,30.7333,76.7794,03:42,12:23,16:00,19:26,20:57,2025-06-11
India,Punjab,30.7333,76.7794,03:42,12:23,16:00,19:26,20:58,2025-06-12
India,Punjab,30.7333,76.7794,03:42,12:23,16:00,19:27,20:58,2025-06-13
India,Punjab,30.7333,76.7794,03:42,12:23,16:01,19:27,20:58,2025-06-14
India,Punjab,30.7333,76.7794,03:42,12:24,16:01,19:27,20:59,2025-06-15
India,Punjab,30.7333,76.7794,03:42,12:24,16:01,19:28,20:59,2025-06-16
India,Punjab,30.7333,76.7794,03:42,12:24,16:01,19:28,20:59,2025-06-17
India,Punjab,30.7333,76.7794,03:42,12:24,16:01,19:28,21:00,2025-06-18
India,Punjab,30.7333,76.7794,03:42,12:24,16:02,19:28,21:00,2025-06-19
India,Punjab,30.7333,76.7794,03:43,12:25,16:02,19:29,21:00,2025-06-20
India,Punjab,30.7333,76.7794,03:43,12:25,16:02,19:29,21:01,2025-06-21
India,Punjab,30.7333,76.7794,03:43,12:25,16:02,19:29,21:01,2025-06-22
India,Punjab,30.7333,76.7794,03:43,12:25,16:02,19:29,21:01,2025-06-23
India,Punjab,30.7333,76.7794,03:44,12:25,16:03,19:29,21:01,2025-06-24
India,Punjab,30.7333,76.7794,03:44,12:26,16:03,19:30,21:01,2025-06-25
India,Punjab,30.7333,76.7794,03:44,12:26,16:03,19:30,21:01,2025-06-26
India,Punjab,30.7333,76.7794,03:45,12:26,16:03,19:30,21:01,2025-06-27
India,Punjab,30.7333,76.7794,03:45,12:26,16:04,19:30,21:01,2025-06-28
India,Punjab,30.7333,76.7794,03:46,12:26,16:04,19:30,21:01,2025-06-29
India,Punjab,30.7333,76.7794,03:46,12:27,16:04,19:30,21:01,2025-06-30
India,Punjab,30.7333,76.7794,03:47,12:27,16:04,19:30,21:01,2025-07-01
India,Punjab,30.7333,76.7794,03:47,12:27,16:04,19:30,21:01,2025-07-02
India,Punjab,30.7333,76.7794,03:48,12:27,16:05,19:30,21:01,2025-07-03
India,Punjab,30.7333,76.7794,03:48,12:27,16:05,19:30,21:00,2025-07-04
India,Punjab,30.7333,76.7794,03:49,12:28,16:05,19:30,21:00,2025-07-05
India,Punjab,30.7333,76.7794,03:49,12:28,16:05,19:29,21:00,2025-07-06
India,Punjab,30.7333,76.7794,03:50,12:28,16:06,19:29,21:00,2025-07-07
India,Punjab,30.7333,76.7794,03:51,12:28,16:06,19:29,20:59,2025-07-08
India,Punjab,30.7333,76.7794,03:51,12:28,16:06,19:29,20:59,2025-07-09
India,Punjab,30.7333,76.7794,03:52,12:28,16:06,19:29,20:58,2025-07-10
India,Punjab,30.7333,76.7794,03:53,12:28,16:06,19:28,20:58,2025-07-11
India,Punjab,30.7333,76.7794,03:54,12:29,16:06,19:28,20:58,2025-07-12
India,Punjab,30.7333,76.7794,03:54,12:29,16:07,19:28,20:57,2025-07-13
India,Punjab,30.7333,76.7794,03:55,12:29,16:07,19:27,20:56,2025-07-14
India,Punjab,30.7333,76.7794,03:56,12:29,16:07,19:27,20:56,2025-07-15
India,Punjab,30.7333,76.7794,03:57,12:29,16:07,19:27,20:55,2025-07-16
India,Punjab,30.7333,76.7794,03:58,12:29,16:07,19:26,20:55,2025-07-17
India,Punjab,30.7333,76.7794,03:58,12:29,16:07,19:26,20:54,2025-07-18
India,Punjab,30.7333,76.7794,03:59,12:29,16:07,19:25,20:53,2025-07-19
India,Punjab,30.7333,76.7794,04:00,12:29,16:07,19:25,20:53,2025-07-20
India,Punjab,30.7333,76.7794,04:01,12:29,16:07,19:24,20:52,2025-07-21
India,Punjab,30.7333,76.7794,04:02,12:29,16:07,19:24,20:51,2025-07-22
India,Punjab,30.7333,76.7794,04:03,12:29,16:08,19:23,20:50,2025-07-23
India,Punjab,30.7333,76.7794,04:03,12:29,16:08,19:23,20:50,2025-07-24
India,Punjab,30.7333,76.7794,04:04,12:29,16:08,19:22,20:49,2025-07-25
India,Punjab,30.7333,76.7794,04:05,12:29,16:08,19:22,20:48,2025-07-26
India,Punjab,30.7333,76.7794,04:06,12:29,16:08,19:21,20:47,2025-07-27
India,Punjab,30.7333,76.7794,04:07,12:29,16:08,19:20,20:46,2025-07-28
India,Punjab,30.7333,76.7794,04:08,12:29,16:08,19:20,20:45,2025-07-29
India,Punjab,30.7333,76.7794,04:09,12:29,16:08,19:19,20:44,2025-07-30
India,Punjab,30.7333,76.7794,04:10,12:29,16:07,19:18,20:43,2025-07-31
India,Punjab,30.7333,76.7794,04:11,12:29,16:07,19:17,20:42,2025-08-01
India,Punjab,30.7333,76.7794,04:11,12:29,16:07,19:17,20:41,2025-08-02
India,Punjab,30.7333,76.7794,04:12,12:29,16:07,19:16,20:40,2025-08-03
India,Punjab,30.7333,76.7794,04:13,12:29,16:07,19:15,20:39,2025-08-04
India,Punjab,30.7333,76.7794,04:14,12:29,16:07,19:14,20:38,2025-08-05
India,Punjab,30.7333,76.7794,04:15,12:29,16:07,19:13,20:37,2025-08-06
India,Punjab,30.7333,76.7794,04:16,12:29,16:07,19:13,20:36,2025-08-07
India,Punjab,30.7333,76.7794,04:17,12:28,16:06,19:12,20:35,2025-08-08
India,Punjab,30.7333,76.7794,04:18,12:28,16:06,19:11,20:34,2025-08-09
India,Punjab,30.7333,76.7794,04:19,12:28,16:06,19:10,20:32,2025-08-10
India,Punjab,30.7333,76.7794,04:19,12:28,16:06,19:09,20:31,2025-08-11
India,Punjab,30.7333,76.7794,04:20,12:28,16:06,19:08,20:30,2025-08-12
India,Punjab,30.7333,76.7794,04:21,12:28,16:05,19:07,20:29,2025-08-13
India,Punjab,30.7333,76.7794,04:22,12:27,16:05,19:06,20:28,2025-08-14
India,Punjab,30.7333,76.7794,04:23,12:27,16:05,19:05,20:26,2025-08-15
India,Punjab,30.7333,76.7794,04:24,12:27,16:04,19:04,20:25,2025-08-16
India,Punjab,30.7333,76.7794,04:25,12:27,16:04,19:03,20:24,2025-08-17
India,Punjab,30.7333,76.7794,04:25,12:27,16:04,19:02,20:23,2025-08-18
India,Punjab,30.7333,76.7794,04:26,12:26,16:03,19:01,20:21,2025-08-19
India,Punjab,30.7333,76.7794,04:27,12:26,16:03,19:00,20:20,2025-08-20
India,Punjab,30.7333,76.7794,04:28,12:26,16:03,18:59,20:19,2025-08-21
India,Punjab,30.7333,76.7794,04:29,12:26,16:02,18:57,20:17,2025-08-22
India,Punjab,30.7333,76.7794,04:30,12:25,16:02,18:56,20:16,2025-08-23
India,Punjab,30.7333,76.7794,04:30,12:25,16:01,18:55,20:15,2025-08-24
India,Punjab,30.7333,76.7794,04:31,12:25,16:01,18:54,20:13,2025-08-25
India,Punjab,30.7333,76.7794,04:32,12:25,16:00,18:53,20:12,2025-08-26
India,Punjab,30.7333,76.7794,04:33,12:24,16:00,18:52,20:11,2025-08-27
India,Punjab,30.7333,76.7794,04:34,12:24,15:59,18:51,20:09,2025-08-28
India,Punjab,30.7333,76.7794,04:34,12:24,15:59,18:49,20:08,2025-08-29
India,Punjab,30.7333,76.7794,04:35,12:23,15:58,18:48,20:07,2025-08-30
India,Punjab,30.7333,76.7794,04:36,12:23,15:58,18:47,20:05,2025-08-31
India,Punjab,30.7333,76.7794,04:37,12:23,15:57,18:46,20:04,2025-09-01
India,Punjab,30.7333,76.7794,04:37,12:22,15:57,18:45,20:02,2025-09-02
India,Punjab,30.7333,76.7794,04:38,12:22,15:56,18:43,20:01,2025-09-03
India,Punjab,30.7333,76.7794,04:39,12:22,15:55,18:42,20:00,2025-09-04
India,Punjab,30.7333,76.7794,04:40,12:21,15:55,18:41,19:58,2025-09-05
India,Punjab,30.7333,76.7794,04:40,12:21,15:54,18:40,19:57,2025-09-06
India,Punjab,30.7333,76.7794,04:41,12:21,15:54,18:38,19:56,2025-09-07
India,Punjab,30.7333,76.7794,04:42,12:20,15:53,18:37,19:54,2025-09-08
India,Punjab,30.7333,76.7794,04:42,12:20,15:52,18:36,19:53,2025-09-09
India,Punjab,30.7333,76.7794,04:43,12:20,15:52,18:35,19:51,2025-09-10
India,Punjab,30.7333,76.7794,04:44,12:19,15:51,18:33,19:50,2025-09-11
India,Punjab,30.7333,76.7794,04:44,12:19,15:50,18:32,19:49,2025-09-12
India,Punjab,30.7333,76.7794,04:45,12:19,15:49,18:31,19:47,2025-09-13
India,Punjab,30.7333,76.7794,04:46,12:18,15:49,18:30,19:46,2025-09-14
India,Punjab,30.7333,76.7794,04:47,12:18,15:48,18:28,19:45,2025-09-15
India,Punjab,30.7333,76.7794,04:47,12:18,15:47,18:27,19:43,2025-09-16
India,Punjab,30.7333,76.7794,04:48,12:17,15:47,18:26,19:42,2025-09-17
India,Punjab,30.7333,76.7794,04:49,12:17,15:46,18:24,19:40,2025-09-18
India,Punjab,30.7333,76.7794,04:49,12:16,15:45,18:23,19:39,2025-09-19
India,Punjab,30.7333,76.7794,04:50,12:16,15:44,18:22,19:38,2025-09-20
India,Punjab,30.7333,76.7794,04:50,12:16,15:44,18:21,19:36,2025-09-21
India,Punjab,30.7333,76.7794,04:51,12:15,15:43,18:19,19:35,2025-09-22
India,Punjab,30.7333,76.7794,04:52,12:15,15:42,18:18,19:34,2025-09-23
India,Punjab,30.7333,76.7794,04:52,12:15,15:41,18:17,19:32,2025-09-24
India,Punjab,30.7333,76.7794,04:53,12:14,15:40,18:16,19:31,2025-09-25
India,Punjab,30.7333,76.7794,04:54,12:14,15:40,18:14,19:30,2025-09-26
India,Punjab,30.7333,76.7794,04:54,12:14,15:39,18:13,19:28,2025-09-27
India,Punjab,30.7333,76.7794,04:55,12:13,15:38,18:12,19:27,2025-09-28
India,Punjab,30.7333,76.7794,04:56,12:13,15:37,18:10,19:26,2025-09-29
India,Punjab,30.7333,76.7794,04:56,12:13,15:36,18:09,19:25,2025-09-30
India,Punjab,30.7333,76.7794,04:57,12:12,15:35,18:08,19:23,2025-10-01
India,Punjab,30.7333,76.7794,04:57,12:12,15:35,18:07,19:22,2025-10-02
India,Punjab,30.7333,76.7794,04:58,12:12,15:34,18:06,19:21,2025-10-03
India,Punjab,30.7333,76.7794,04:59,12:11,15:33,18:04,19:20,2025-10-04
India,Punjab,30.7333,76.7794,04:59,12:11,15:32,18:03,19:18,2025-10-05
India,Punjab,30.7333,76.7794,05:00,12:11,15:31,18:02,19:17,2025-10-06
India,Punjab,30.7333,76.7794,05:00,12:11,15:31,18:01,19:16,2025-10-07
India,Punjab,30.7333,76.7794,05:01,12:10,15:30,17:59,19:15,2025-10-08
India,Punjab,30.7333,76.7794,05:02,12:10,15:29,17:58,19:14,2025-10-09
India,Punjab,30.7333,76.7794,05:02,12:10,15:28,17:57,19:13,2025-10-10
India,Punjab,30.7333,76.7794,05:03,12:09,15:27,17:56,19:11,2025-10-11
India,Punjab,30.7333,76.7794,05:04,12:09,15:26,17:55,19:10,2025-10-12
India,Punjab,30.7333,76.7794,05:04,12:09,15:26,17:54,19:09,2025-10-13
India,Punjab,30.7333,76.7794,05:05,12:09,15:25,17:53,19:08,2025-10-14
India,Punjab,30.7333,76.7794,05:05,12:09,15:24,17:51,19:07,2025-10-15
India,Punjab,30.7333,76.7794,05:06,12:08,15:23,17:50,19:06,2025-10-16
India,Punjab,30.7333,76.7794,05:07,12:08,15:22,17:49,19:05,2025-10-17
India,Punjab,30.7333,76.7794,05:07,12:08,15:22,17:48,19:04,2025-10-18
India,Punjab,30.7333,76.7794,05:08,12:08,15:21,17:47,19:03,2025-10-19
India,Punjab,30.7333,76.7794,05:09,12:08,15:20,17:46,19:02,2025-10-20
India,Punjab,30.7333,76.7794,05:09,12:07,15:19,17:45,19:01,2025-10-21
India,Punjab,30.7333,76.7794,05:10,12:07,15:19,17:44,19:00,2025-10-22
India,Punjab,30.7333,76.7794,05:11,12:07,15:18,17:43,18:59,2025-10-23
India,Punjab,30.7333,76.7794,05:11,12:07,15:17,17:42,18:58,2025-10-24
India,Punjab,30.7333,76.7794,05:12,12:07,15:16,17:41,18:57,2025-10-25
India,Punjab,30.7333,76.7794,05:13,12:07,15:16,17:40,18:56,2025-10-26
India,Punjab,30.7333,76.7794,05:13,12:07,15:15,17:39,18:56,2025-10-27
India,Punjab,30.7333,76.7794,05:14,12:07,15:14,17:38,18:55,2025-10-28
India,Punjab,30.7333,76.7794,05:15,12:07,15:14,17:37,18:54,2025-10-29
India,Punjab,30.7333,76.7794,05:15,12:07,15:13,17:36,18:53,2025-10-30
India,Punjab,30.7333,76.7794,05:16,12:06,15:12,17:36,18:52,2025-10-31
India,Punjab,30.7333,76.7794,05:17,12:06,15:12,17:35,18:52,2025-11-01
India,Punjab,30.7333,76.7794,05:17,12:06,15:11,17:34,18:51,2025-11-02
India,Punjab,30.7333,76.7794,05:18,12:06,15:11,17:33,18:50,2025-11-03
India,Punjab,30.7333,76.7794,05:19,12:06,15:10,17:32,18:50,2025-11-04
India,Punjab,30.7333,76.7794,05:19,12:06,15:09,17:32,18:49,2025-11-05
India,Punjab,30.7333,76.7794,05:20,12:07,15:09,17:31,18:48,2025-11-06
India,Punjab,30.7333,76.7794,05:21,12:07,15:08,17:30,18:48,2025-11-07
India,Punjab,30.7333,76.7794,05:21,12:07,15:08,17:29,18:47,2025-11-08
India,Punjab,30.7333,76.7794,05:22,12:07,15:07,17:29,18:47,2025-11-09
India,Punjab,30.7333,76.7794,05:23,12:07,15:07,17:28,18:46,2025-11-10
India,Punjab,30.7333,76.7794,05:24,12:07,15:06,17:28,18:46,2025-11-11
India,Punjab,30.7333,76.7794,05:24,12:07,15:06,17:27,18:45,2025-11-12
India,Punjab,30.7333,76.7794,05:25,12:07,15:06,17:26,18:45,2025-11-13
India,Punjab,30.7333,76.7794,05:26,12:07,15:05,17:26,18:44,2025-11-14
India,Punjab,30.7333,76.7794,05:26,12:08,15:05,17:25,18:44,2025-11-15
India,Punjab,30.7333,76.7794,05:27,12:08,15:04,17:25,18:44,2025-11-16
India,Punjab,30.7333,76.7794,05:28,12:08,15:04,17:24,18:43,2025-11-17
India,Punjab,30.7333,76.7794,05:29,12:08,15:04,17:24,18:43,2025-11-18
India,Punjab,30.7333,76.7794,05:29,12:08,15:04,17:24,18:43,2025-11-19
India,Punjab,30.7333,76.7794,05:30,12:09,15:03,17:23,18:42,2025-11-20
India,Punjab,30.7333,76.7794,05:31,12:09,15:03,17:23,18:42,2025-11-21
India,Punjab,30.7333,76.7794,05:31,12:09,15:03,17:23,18:42,2025-11-22
India,Punjab,30.7333,76.7794,05:32,12:09,15:03,17:22,18:42,2025-11-23
India,Punjab,30.7333,76.7794,05:33,12:10,15:03,17:22,18:42,2025-11-24
India,Punjab,30.7333,76.7794,05:34,12:10,15:02,17:22,18:42,2025-11-25
India,Punjab,30.7333,76.7794,05:34,12:10,15:02,17:22,18:41,2025-11-26
India,Punjab,30.7333,76.7794,05:35,12:11,15:02,17:21,18:41,2025-11-27
India,Punjab,30.7333,76.7794,05:36,12:11,15:02,17:21,18:41,2025-11-28
India,Punjab,30.7333,76.7794,05:37,12:11,15:02,17:21,18:41,2025-11-29
India,Punjab,30.7333,76.7794,05:37,12:12,15:02,17:21,18:41,2025-11-30
India,Punjab,30.7333,76.7794,05:38,12:12,15:02,17:21,18:41,2025-12-01
India,Punjab,30.7333,76.7794,05:39,12:12,15:02,17:21,18:41,2025-12-02
India,Punjab,30.7333,76.7794,05:39,12:13,15:02,17:21,18:42,2025-12-03
India,Punjab,30.7333,76.7794,05:40,12:13,15:02,17:21,18:42,2025-12-04
India,Punjab,30.7333,76.7794,05:41,12:14,15:02,17:21,18:42,2025-12-05
India,Punjab,30.7333,76.7794,05:41,12:14,15:03,17:21,18:42,2025-12-06
India,Punjab,30.7333,76.7794,05:42,12:15,15:03,17:21,18:42,2025-12-07
India,Punjab,30.7333,76.7794,05:43,12:15,15:03,17:21,18:42,2025-12-08
India,Punjab,30.7333,76.7794,05:43,12:15,15:03,17:22,18:43,2025-12-09
India,Punjab,30.7333,76.7794,05:44,12:16,15:03,17:22,18:43,2025-12-10
India,Punjab,30.7333,76.7794,05:45,12:16,15:04,17:22,18:43,2025-12-11
India,Punjab,30.7333,76.7794,05:45,12:17,15:04,17:22,18:43,2025-12-12
India,Punjab,30.7333,76.7794,05:46,12:17,15:04,17:23,18:44,2025-12-13
India,Punjab,30.7333,76.7794,05:47,12:18,15:05,17:23,18:44,2025-12-14
India,Punjab,30.7333,76.7794,05:47,12:18,15:05,17:23,18:44,2025-12-15
India,Punjab,30.7333,76.7794,05:48,12:19,15:05,17:24,18:45,2025-12-16
India,Punjab,30.7333,76.7794,05:48,12:19,15:06,17:24,18:45,2025-12-17
India,Punjab,30.7333,76.7794,05:49,12:20,15:06,17:24,18:46,2025-12-18
India,Punjab,30.7333,76.7794,05:49,12:20,15:07,17:25,18:46,2025-12-19
India,Punjab,30.7333,76.7794,05:50,12:21,15:07,17:25,18:47,2025-12-20
India,Punjab,30.7333,76.7794,05:50,12:21,15:07,17:26,18:47,2025-12-21
India,Punjab,30.7333,76.7794,05:51,12:22,15:08,17:26,18:48,2025-12-22
India,Punjab,30.7333,76.7794,05:51,12:22,15:09,17:27,18:48,2025-12-23
India,Punjab,30.7333,76.7794,05:52,12:23,15:09,17:27,18:49,2025-12-24
India,Punjab,30.7333,76.7794,05:52,12:23,15:10,17:28,18:49,2025-12-25
India,Punjab,30.7333,76.7794,05:53,12:24,15:10,17:29,18:50,2025-12-26
India,Punjab,30.7333,76.7794,05:53,12:24,15:11,17:29,18:50,2025-12-27
India,Punjab,30.7333,76.7794,05:53,12:25,15:11,17:30,18:51,2025-12-28
India,Punjab,30.7333,76.7794,05:54,12:25,15:12,17:30,18:52,2025-12-29
India,Punjab,30.7333,76.7794,05:54,12:26,15:13,17:31,18:52,2025-12-30
India,Punjab,30.7333,76.7794,05:54,12:26,15:13,17:32,18:53,2025-12-31
India,Rajasthan,26.9124,75.7873,05:53,12:31,15:26,17:45,19:03,2025-01-01
India,Rajasthan,26.9124,75.7873,05:54,12:31,15:27,17:46,19:04,2025-01-02
India,Rajasthan,26.9124,75.7873,05:54,12:32,15:27,17:47,19:04,2025-01-03
India,Rajasthan,26.9124,75.7873,05:54,12:32,15:28,17:47,19:05,2025-01-04
India,Rajasthan,26.9124,75.7873,05:55,12:32,15:29,17:48,19:06,2025-01-05
India,Rajasthan,26.9124,75.7873,05:55,12:33,15:29,17:49,19:06,2025-01-06
India,Rajasthan,26.9124,75.7873,05:55,12:33,15:30,17:49,19:07,2025-01-07
India,Rajasthan,26.9124,75.7873,05:55,12:34,15:31,17:50,19:08,2025-01-08
India,Rajasthan,26.9124,75.7873,05:55,12:34,15:31,17:51,19:08,2025-01-09
India,Rajasthan,26.9124,75.7873,05:55,12:35,15:32,17:52,19:09,2025-01-10
India,Rajasthan,26.9124,75.7873,05:56,12:35,15:33,17:52,19:10,2025-01-11
India,Rajasthan,26.9124,75.7873,05:56,12:35,15:33,17:53,19:10,2025-01-12
India,Rajasthan,26.9124,75.7873,05:56,12:36,15:34,17:54,19:11,2025-01-13
India,Rajasthan,26.9124,75.7873,05:56,12:36,15:35,17:55,19:12,2025-01-14
India,Rajasthan,26.9124,75.7873,05:56,12:36,15:36,17:56,19:12,2025-01-15
India,Rajasthan,26.9124,75.7873,05:56,12:37,15:36,17:56,19:13,2025-01-16
India,Rajasthan,26.9124,75.7873,05:56,12:37,15:37,17:57,19:14,2025-01-17
India,Rajasthan,26.9124,75.7873,05:56,12:37,15:38,17:58,19:14,2025-01-18
India,Rajasthan,26.9124,75.7873,05:56,12:38,15:38,17:59,19:15,2025-01-19
India,Rajasthan,26.9124,75.7873,05:55,12:38,15:39,18:00,19:16,2025-01-20
India,Rajasthan,26.9124,75.7873,05:55,12:38,15:40,18:00,19:17,2025-01-21
India,Rajasthan,26.9124,75.7873,05:55,12:39,15:40,18:01,19:17,2025-01-22
India,Rajasthan,26.9124,75.7873,05:55,12:39,15:41,18:02,19:18,2025-01-23
India,Rajasthan,26.9124,75.7873,05:55,12:39,15:42,18:03,19:19,2025-01-24
India,Rajasthan,26.9124,75.7873,05:55,12:39,15:42,18:04,19:19,2025-01-25
India,Rajasthan,26.9124,75.7873,05:54,12:39,15:43,18:04,19:20,2025-01-26
India,Rajasthan,26.9124,75.7873,05:54,12:40,15:44,18:05,19:21,2025-01-27
India,Rajasthan,26.9124,75.7873,05:54,12:40,15:44,18:06,19:21,2025-01-28
India,Rajasthan,26.9124,75.7873,05:54,12:40,15:45,18:07,19:22,2025-01-29
India,Rajasthan,26.9124,75.7873,05:53,12:40,15:46,18:07,19:23,2025-01-30
India,Rajasthan,26.9124,75.7873,05:53,12:40,15:46,18:08,19:23,2025-01-31
India,Rajasthan,26.9124,75.7873,05:52,12:40,15:47,18:09,19:24,2025-02-01
India,Rajasthan,26.9124,75.7873,05:52,12:41,15:48,18:10,19:25,2025-02-02
India,Rajasthan,26.9124,75.7873,05:52,12:41,15:48,18:10,19:25,2025-02-03
India,Rajasthan,26.9124,75.7873,05:51,12:41,15:49,18:11,19:26,2025-02-04
India,Rajasthan,26.9124,75.7873,05:51,12:41,15:49,18:12,19:27,2025-02-05
India,Rajasthan,26.9124,75.7873,05:50,12:41,15:50,18:13,19:27,2025-02-06
India,Rajasthan,26.9124,75.7873,05:50,12:41,15:50,18:13,19:28,2025-02-07
India,Rajasthan,26.9124,75.7873,05:49,12:41,15:51,18:14,19:28,2025-02-08
India,Rajasthan,26.9124,75.7873,05:49,12:41,15:51,18:15,19:29,2025-02-09
India,Rajasthan,26.9124,75.7873,05:48,12:41,15:52,18:16,19:30,2025-02-10
India,Rajasthan,26.9124,75.7873,05:47,12:41,15:52,18:16,19:30,2025-02-11
India,Rajasthan,26.9124,75.7873,05:47,12:41,15:53,18:17,19:31,2025-02-12
India,Rajasthan,26.9124,75.7873,05:46,12:41,15:53,18:18,19:31,2025-02-13
India,Rajasthan,26.9124,75.7873,05:45,12:41,15:54,18:18,19:32,2025-02-14
India,Rajasthan,26.9124,75.7873,05:45,12:41,15:54,18:19,19:33,2025-02-15
India,Rajasthan,26.9124,75.7873,05:44,12:41,15:55,18:20,19:33,2025-02-16
India,Rajasthan,26.9124,75.7873,05:43,12:41,15:55,18:20,19:34,2025-02-17
India,Rajasthan,26.9124,75.7873,05:42,12:41,15:55,18:21,19:34,2025-02-18
India,Rajasthan,26.9124,75.7873,05:42,12:41,15:56,18:22,19:35,2025-02-19
India,Rajasthan,26.9124,75.7873,05:41,12:40,15:56,18:22,19:36,2025-02-20
India,Rajasthan,26.9124,75.7873,05:40,12:40,15:57,18:23,19:36,2025-02-21
India,Rajasthan,26.9124,75.7873,05:39,12:40,15:57,18:24,19:37,2025-02-22
India,Rajasthan,26.9124,75.7873,05:38,12:40,15:57,18:24,19:37,2025-02-23
India,Rajasthan,26.9124,75.7873,05:38,12:40,15:58,18:25,19:38,2025-02-24
India,Rajasthan,26.9124,75.7873,05:37,12:40,15:58,18:26,19:38,2025-02-25
India,Rajasthan,26.9124,75.7873,05:36,12:40,15:58,18:26,19:39,2025-02-26
India,Rajasthan,26.9124,75.7873,05:35,12:39,15:58,18:27,19:40,2025-02-27
India,Rajasthan,26.9124,75.7873,05:34,12:39,15:59,18:27,19:40,2025-02-28
India,Rajasthan,26.9124,75.7873,05:33,12:39,15:59,18:28,19:41,2025-03-01
India,Rajasthan,26.9124,75.7873,05:32,12:39,15:59,18:29,19:41,2025-03-02
India,Rajasthan,26.9124,75.7873,05:31,12:39,15:59,18:29,19:42,2025-03-03
India,Rajasthan,26.9124,75.7873,05:30,12:38,16:00,18:30,19:42,2025-03-04
India,Rajasthan,26.9124,75.7873,05:29,12:38,16:00,18:30,19:43,2025-03-05
India,Rajasthan,26.9124,75.7873,05:28,12:38,16:00,18:31,19:43,2025-03-06
India,Rajasthan,26.9124,75.7873,05:27,12:38,16:00,18:31,19:44,2025-03-07
India,Rajasthan,26.9124,75.7873,05:26,12:38,16:00,18:32,19:44,2025-03-08
India,Rajasthan,26.9124,75.7873,05:25,12:37,16:00,18:32,19:45,2025-03-09
India,Rajasthan,26.9124,75.7873,05:24,12:37,16:00,18:33,19:46,2025-03-10
India,Rajasthan,26.9124,75.7873,05:23,12:37,16:01,18:34,19:46,2025-03-11
India,Rajasthan,26.9124,75.7873,05:22,12:36,16:01,18:34,19:47,2025-03-12
India,Rajasthan,26.9124,75.7873,05:21,12:36,16:01,18:35,19:47,2025-03-13
India,Rajasthan,26.9124,75.7873,05:20,12:36,16:01,18:35,19:48,2025-03-14
India,Rajasthan,26.9124,75.7873,05:18,12:36,16:01,18:36,19:48,2025-03-15
India,Rajasthan,26.9124,75.7873,05:17,12:35,16:01,18:36,19:49,2025-03-16
India,Rajasthan,26.9124,75.7873,05:16,12:35,16:01,18:37,19:49,2025-03-17
India,Rajasthan,26.9124,75.7873,05:15,12:35,16:01,18:37,19:50,2025-03-18
India,Rajasthan,26.9124,75.7873,05:14,12:34,16:01,18:38,19:50,2025-03-19
India,Rajasthan,26.9124,75.7873,05:13,12:34,16:01,18:38,19:51,2025-03-20
India,Rajasthan,26.9124,75.7873,05:12,12:34,16:01,18:39,19:52,2025-03-21
India,Rajasthan,26.9124,75.7873,05:10,12:34,16:01,18:39,19:52,2025-03-22
India,Rajasthan,26.9124,75.7873,05:09,12:33,16:01,18:40,19:53,2025-03-23
India,Rajasthan,26.9124,75.7873,05:08,12:33,16:01,18:40,19:53,2025-03-24
India,Rajasthan,26.9124,75.7873,05:07,12:33,16:01,18:41,19:54,2025-03-25
India,Rajasthan,26.9124,75.7873,05:06,12:32,16:01,18:41,19:54,2025-03-26
India,Rajasthan,26.9124,75.7873,05:05,12:32,16:01,18:42,19:55,2025-03-27
India,Rajasthan,26.9124,75.7873,05:03,12:32,16:01,18:42,19:56,2025-03-28
India,Rajasthan,26.9124,75.7873,05:02,12:31,16:01,18:43,19:56,2025-03-29
India,Rajasthan,26.9124,75.7873,05:01,12:31,16:01,18:43,19:57,2025-03-30
India,Rajasthan,26.9124,75.7873,05:00,12:31,16:00,18:44,19:57,2025-03-31
India,Rajasthan,26.9124,75.7873,04:59,12:31,16:00,18:44,19:58,2025-04-01
India,Rajasthan,26.9124,75.7873,04:57,12:30,16:00,18:45,19:59,2025-04-02
India,Rajasthan,26.9124,75.7873,04:56,12:30,16:00,18:45,19:59,2025-04-03
India,Rajasthan,26.9124,75.7873,04:55,12:30,16:00,18:46,20:00,2025-04-04
India,Rajasthan,26.9124,75.7873,04:54,12:29,16:00,18:46,20:00,2025-04-05
India,Rajasthan,26.9124,75.7873,04:53,12:29,16:00,18:47,20:01,2025-04-06
India,Rajasthan,26.9124,75.7873,04:51,12:29,16:00,18:47,20:02,2025-04-07
India,Rajasthan,26.9124,75.7873,04:50,12:29,15:59,18:48,20:02,2025-04-08
India,Rajasthan,26.9124,75.7873,04:49,12:28,15:59,18:48,20:03,2025-04-09
India,Rajasthan,26.9124,75.7873,04:48,12:28,15:59,18:49,20:04,2025-04-10
India,Rajasthan,26.9124,75.7873,04:47,12:28,15:59,18:49,20:04,2025-04-11
India,Rajasthan,26.9124,75.7873,04:45,12:28,15:59,18:50,20:05,2025-04-12
India,Rajasthan,26.9124,75.7873,04:44,12:27,15:59,18:50,20:05,2025-04-13
India,Rajasthan,26.9124,75.7873,04:43,12:27,15:58,18:51,20:06,2025-04-14
India,Rajasthan,26.9124,75.7873,04:42,12:27,15:58,18:51,20:07,2025-04-15
India,Rajasthan,26.9124,75.7873,04:41,12:27,15:58,18:52,20:08,2025-04-16
India,Rajasthan,26.9124,75.7873,04:40,12:26,15:58,18:52,20:08,2025-04-17
India,Rajasthan,26.9124,75.7873,04:38,12:26,15:58,18:53,20:09,2025-04-18
India,Rajasthan,26.9124,75.7873,04:37,12:26,15:58,18:53,20:10,2025-04-19
India,Rajasthan,26.9124,75.7873,04:36,12:26,15:57,18:54,20:10,2025-04-20
India,Rajasthan,26.9124,75.7873,04:35,12:25,15:57,18:54,20:11,2025-04-21
India,Rajasthan,26.9124,75.7873,04:34,12:25,15:57,18:55,20:12,2025-04-22
India,Rajasthan,26.9124,75.7873,04:33,12:25,15:57,18:55,20:12,2025-04-23
India,Rajasthan,26.9124,75.7873,04:32,12:25,15:57,18:56,20:13,2025-04-24
India,Rajasthan,26.9124,75.7873,04:31,12:25,15:57,18:56,20:14,2025-04-25
India,Rajasthan,26.9124,75.7873,04:30,12:25,15:56,18:57,20:15,2025-04-26
India,Rajasthan,26.9124,75.7873,04:29,12:24,15:56,18:58,20:15,2025-04-27
India,Rajasthan,26.9124,75.7873,04:27,12:24,15:56,18:58,20:16,2025-04-28
India,Rajasthan,26.9124,75.7873,04:26,12:24,15:56,18:59,20:17,2025-04-29
India,Rajasthan,26.9124,75.7873,04:25,12:24,15:56,18:59,20:18,2025-04-30
India,Rajasthan,26.9124,75.7873,04:24,12:24,15:55,19:00,20:18,2025-05-01
India,Rajasthan,26.9124,75.7873,04:23,12:24,15:55,19:00,20:19,2025-05-02
India,Rajasthan,26.9124,75.7873,04:22,12:24,15:55,19:01,20:20,2025-05-03
India,Rajasthan,26.9124,75.7873,04:21,12:24,15:55,19:01,20:21,2025-05-04
India,Rajasthan,26.9124,75.7873,04:20,12:24,15:55,19:02,20:21,2025-05-05
India,Rajasthan,26.9124,75.7873,04:20,12:23,15:55,19:03,20:22,2025-05-06
India,Rajasthan,26.9124,75.7873,04:19,12:23,15:54,19:03,20:23,2025-05-07
India,Rajasthan,26.9124,75.7873,04:18,12:23,15:54,19:04,20:24,2025-05-08
India,Rajasthan,26.9124,75.7873,04:17,12:23,15:54,19:04,20:24,2025-05-09
India,Rajasthan,26.9124,75.7873,04:16,12:23,15:54,19:05,20:25,2025-05-10
India,Rajasthan,26.9124,75.7873,04:15,12:23,15:54,19:05,20:26,2025-05-11
India,Rajasthan,26.9124,75.7873,04:14,12:23,15:54,19:06,20:27,2025-05-12
India,Rajasthan,26.9124,75.7873,04:14,12:23,15:54,19:06,20:28,2025-05-13
India,Rajasthan,26.9124,75.7873,04:13,12:23,15:54,19:07,20:28,2025-05-14
India,Rajasthan,26.9124,75.7873,04:12,12:23,15:53,19:08,20:29,2025-05-15
India,Rajasthan,26.9124,75.7873,04:11,12:23,15:53,19:08,20:30,2025-05-16
India,Rajasthan,26.9124,75.7873,04:11,12:23,15:53,19:09,20:31,2025-05-17
India,Rajasthan,26.9124,75.7873,04:10,12:23,15:53,19:09,20:31,2025-05-18
India,Rajasthan,26.9124,75.7873,04:09,12:23,15:53,19:10,20:32,2025-05-19
India,Rajasthan,26.9124,75.7873,04:09,12:23,15:53,19:10,20:33,2025-05-20
India,Rajasthan,26.9124,75.7873,04:08,12:23,15:53,19:11,20:34,2025-05-21
India,Rajasthan,26.9124,75.7873,04:07,12:24,15:53,19:11,20:34,2025-05-22
India,Rajasthan,26.9124,75.7873,04:07,12:24,15:53,19:12,20:35,2025-05-23
India,Rajasthan,26.9124,75.7873,04:06,12:24,15:53,19:13,20:36,2025-05-24
India,Rajasthan,26.9124,75.7873,04:06,12:24,15:53,19:13,20:37,2025-05-25
India,Rajasthan,26.9124,75.7873,04:05,12:24,15:53,19:14,20:37,2025-05-26
India,Rajasthan,26.9124,75.7873,04:05,12:24,15:53,19:14,20:38,2025-05-27
India,Rajasthan,26.9124,75.7873,04:04,12:24,15:53,19:15,20:39,2025-05-28
India,Rajasthan,26.9124,75.7873,04:04,12:24,15:53,19:15,20:39,2025-05-29
India,Rajasthan,26.9124,75.7873,04:03,12:24,15:53,19:16,20:40,2025-05-30
India,Rajasthan,26.9124,75.7873,04:03,12:25,15:53,19:16,20:41,2025-05-31
India,Rajasthan,26.9124,75.7873,04:03,12:25,15:53,19:17,20:41,2025-06-01
India,Rajasthan,26.9124,75.7873,04:02,12:25,15:53,19:17,20:42,2025-06-02
India,Rajasthan,26.9124,75.7873,04:02,12:25,15:53,19:18,20:42,2025-06-03
India,Rajasthan,26.9124,75.7873,04:02,12:25,15:53,19:18,20:43,2025-06-04
India,Rajasthan,26.9124,75.7873,04:02,12:25,15:53,19:18,20:44,2025-06-05
India,Rajasthan,26.9124,75.7873,04:01,12:26,15:53,19:19,20:44,2025-06-06
India,Rajasthan,26.9124,75.7873,04:01,12:26,15:54,19:19,20:45,2025-06-07
India,Rajasthan,26.9124,75.7873,04:01,12:26,15:54,19:20,20:45,2025-06-08
India,Rajasthan,26.9124,75.7873,04:01,12:26,15:54,19:20,20:46,2025-06-09
India,Rajasthan,26.9124,75.7873,04:01,12:26,15:54,19:21,20:46,2025-06-10
India,Rajasthan,26.9124,75.7873,04:01,12:27,15:54,19:21,20:47,2025-06-11
India,Rajasthan,26.9124,75.7873,04:01,12:27,15:54,19:21,20:47,2025-06-12
India,Rajasthan,26.9124,75.7873,04:01,12:27,15:54,19:22,20:47,2025-06-13
India,Rajasthan,26.9124,75.7873,04:01,12:27,15:55,19:22,20:48,2025-06-14
India,Rajasthan,26.9124,75.7873,04:01,12:27,15:55,19:22,20:48,2025-06-15
India,Rajasthan,26.9124,75.7873,04:01,12:28,15:55,19:23,20:49,2025-06-16
India,Rajasthan,26.9124,75.7873,04:01,12:28,15:55,19:23,20:49,2025-06-17
India,Rajasthan,26.9124,75.7873,04:01,12:28,15:55,19:23,20:49,2025-06-18
India,Rajasthan,26.9124,75.7873,04:02,12:28,15:56,19:23,20:49,2025-06-19
India,Rajasthan,26.9124,75.7873,04:02,12:29,15:56,19:24,20:50,2025-06-20
India,Rajasthan,26.9124,75.7873,04:02,12:29,15:56,19:24,20:50,2025-06-21
India,Rajasthan,26.9124,75.7873,04:02,12:29,15:56,19:24,20:50,2025-06-22
India,Rajasthan,26.9124,75.7873,04:02,12:29,15:56,19:24,20:50,2025-06-23
India,Rajasthan,26.9124,75.7873,04:03,12:29,15:57,19:24,20:50,2025-06-24
India,Rajasthan,26.9124,75.7873,04:03,12:30,15:57,19:24,20:50,2025-06-25
India,Rajasthan,26.9124,75.7873,04:03,12:30,15:57,19:25,20:51,2025-06-26
India,Rajasthan,26.9124,75.7873,04:04,12:30,15:57,19:25,20:51,2025-06-27
India,Rajasthan,26.9124,75.7873,04:04,12:30,15:58,19:25,20:51,2025-06-28
India,Rajasthan,26.9124,75.7873,04:05,12:30,15:58,19:25,20:51,2025-06-29
India,Rajasthan,26.9124,75.7873,04:05,12:31,15:58,19:25,20:51,2025-06-30
India,Rajasthan,26.9124,75.7873,04:05,12:31,15:58,19:25,20:50,2025-07-01
India,Rajasthan,26.9124,75.7873,04:06,12:31,15:59,19:25,20:50,2025-07-02
India,Rajasthan,26.9124,75.7873,04:06,12:31,15:59,19:25,20:50,2025-07-03
India,Rajasthan,26.9124,75.7873,04:07,12:31,15:59,19:25,20:50,2025-07-04
India,Rajasthan,26.9124,75.7873,04:07,12:32,15:59,19:25,20:50,2025-07-05
India,Rajasthan,26.9124,75.7873,04:08,12:32,16:00,19:25,20:50,2025-07-06
India,Rajasthan,26.9124,75.7873,04:09,12:32,16:00,19:25,20:50,2025-07-07
India,Rajasthan,26.9124,75.7873,04:09,12:32,16:00,19:24,20:49,2025-07-08
India,Rajasthan,26.9124,75.7873,04:10,12:32,16:00,19:24,20:49,2025-07-09
India,Rajasthan,26.9124,75.7873,04:10,12:32,16:01,19:24,20:49,2025-07-10
India,Rajasthan,26.9124,75.7873,04:11,12:32,16:01,19:24,20:48,2025-07-11
India,Rajasthan,26.9124,75.7873,04:12,12:33,16:01,19:24,20:48,2025-07-12
India,Rajasthan,26.9124,75.7873,04:12,12:33,16:01,19:23,20:48,2025-07-13
India,Rajasthan,26.9124,75.7873,04:13,12:33,16:02,19:23,20:47,2025-07-14
India,Rajasthan,26.9124,75.7873,04:14,12:33,16:02,19:23,20:47,2025-07-15
India,Rajasthan,26.9124,75.7873,04:14,12:33,16:02,19:23,20:46,2025-07-16
India,Rajasthan,26.9124,75.7873,04:15,12:33,16:02,19:22,20:46,2025-07-17
India,Rajasthan,26.9124,75.7873,04:16,12:33,16:02,19:22,20:45,2025-07-18
India,Rajasthan,26.9124,75.7873,04:16,12:33,16:03,19:22,20:45,2025-07-19
India,Rajasthan,26.9124,75.7873,04:17,12:33,16:03,19:21,20:44,2025-07-20
India,Rajasthan,26.9124,75.7873,04:18,12:33,16:03,19:21,20:43,2025-07-21
India,Rajasthan,26.9124,75.7873,04:19,12:33,16:03,19:20,20:43,2025-07-22
India,Rajasthan,26.9124,75.7873,04:19,12:33,16:03,19:20,20:42,2025-07-23
India,Rajasthan,26.9124,75.7873,04:20,12:33,16:03,19:19,20:41,2025-07-24
India,Rajasthan,26.9124,75.7873,04:21,12:33,16:03,19:19,20:41,2025-07-25
India,Rajasthan,26.9124,75.7873,04:21,12:33,16:04,19:18,20:40,2025-07-26
India,Rajasthan,26.9124,75.7873,04:22,12:33,16:04,19:18,20:39,2025-07-27
India,Rajasthan,26.9124,75.7873,04:23,12:33,16:04,19:17,20:38,2025-07-28
India,Rajasthan,26.9124,75.7873,04:24,12:33,16:04,19:17,20:38,2025-07-29
India,Rajasthan,26.9124,75.7873,04:24,12:33,16:04,19:16,20:37,2025-07-30
India,Rajasthan,26.9124,75.7873,04:25,12:33,16:04,19:15,20:36,2025-07-31
India,Rajasthan,26.9124,75.7873,04:26,12:33,16:04,19:15,20:35,2025-08-01
India,Rajasthan,26.9124,75.7873,04:27,12:33,16:04,19:14,20:34,2025-08-02
India,Rajasthan,26.9124,75.7873,04:27,12:33,16:04,19:13,20:33,2025-08-03
India,Rajasthan,26.9124,75.7873,04:28,12:33,16:04,19:13,20:33,2025-08-04
India,Rajasthan,26.9124,75.7873,04:29,12:33,16:04,19:12,20:32,2025-08-05
India,Rajasthan,26.9124,75.7873,04:30,12:33,16:04,19:11,20:31,2025-08-06
India,Rajasthan,26.9124,75.7873,04:30,12:33,16:04,19:10,20:30,2025-08-07
India,Rajasthan,26.9124,75.7873,04:31,12:32,16:04,19:10,20:29,2025-08-08
India,Rajasthan,26.9124,75.7873,04:32,12:32,16:04,19:09,20:28,2025-08-09
India,Rajasthan,26.9124,75.7873,04:33,12:32,16:04,19:08,20:27,2025-08-10
India,Rajasthan,26.9124,75.7873,04:33,12:32,16:04,19:07,20:26,2025-08-11
India,Rajasthan,26.9124,75.7873,04:34,12:32,16:03,19:06,20:25,2025-08-12
India,Rajasthan,26.9124,75.7873,04:35,12:32,16:03,19:06,20:24,2025-08-13
India,Rajasthan,26.9124,75.7873,04:35,12:31,16:03,19:05,20:23,2025-08-14
India,Rajasthan,26.9124,75.7873,04:36,12:31,16:03,19:04,20:21,2025-08-15
India,Rajasthan,26.9124,75.7873,04:37,12:31,16:03,19:03,20:20,2025-08-16
India,Rajasthan,26.9124,75.7873,04:37,12:31,16:03,19:02,20:19,2025-08-17
India,Rajasthan,26.9124,75.7873,04:38,12:31,16:02,19:01,20:18,2025-08-18
India,Rajasthan,26.9124,75.7873,04:39,12:30,16:02,19:00,20:17,2025-08-19
India,Rajasthan,26.9124,75.7873,04:39,12:30,16:02,18:59,20:16,2025-08-20
India,Rajasthan,26.9124,75.7873,04:40,12:30,16:02,18:58,20:15,2025-08-21
India,Rajasthan,26.9124,75.7873,04:41,12:30,16:01,18:57,20:14,2025-08-22
India,Rajasthan,26.9124,75.7873,04:41,12:29,16:01,18:56,20:12,2025-08-23
India,Rajasthan,26.9124,75.7873,04:42,12:29,16:01,18:55,20:11,2025-08-24
India,Rajasthan,26.9124,75.7873,04:43,12:29,16:00,18:54,20:10,2025-08-25
India,Rajasthan,26.9124,75.7873,04:43,12:29,16:00,18:53,20:09,2025-08-26
India,Rajasthan,26.9124,75.7873,04:44,12:28,16:00,18:52,20:08,2025-08-27
India,Rajasthan,26.9124,75.7873,04:45,12:28,15:59,18:51,20:06,2025-08-28
India,Rajasthan,26.9124,75.7873,04:45,12:28,15:59,18:50,20:05,2025-08-29
India,Rajasthan,26.9124,75.7873,04:46,12:27,15:59,18:49,20:04,2025-08-30
India,Rajasthan,26.9124,75.7873,04:46,12:27,15:58,18:48,20:03,2025-08-31
India,Rajasthan,26.9124,75.7873,04:47,12:27,15:58,18:47,20:02,2025-09-01
India,Rajasthan,26.9124,75.7873,04:48,12:26,15:57,18:46,20:00,2025-09-02
India,Rajasthan,26.9124,75.7873,04:48,12:26,15:57,18:45,19:59,2025-09-03
India,Rajasthan,26.9124,75.7873,04:49,12:26,15:56,18:44,19:58,2025-09-04
India,Rajasthan,26.9124,75.7873,04:49,12:25,15:56,18:42,19:57,2025-09-05
India,Rajasthan,26.9124,75.7873,04:50,12:25,15:55,18:41,19:56,2025-09-06
India,Rajasthan,26.9124,75.7873,04:50,12:25,15:55,18:40,19:54,2025-09-07
India,Rajasthan,26.9124,75.7873,04:51,12:24,15:54,18:39,19:53,2025-09-08
India,Rajasthan,26.9124,75.7873,04:52,12:24,15:54,18:38,19:52,2025-09-09
India,Rajasthan,26.9124,75.7873,04:52,12:24,15:53,18:37,19:51,2025-09-10
India,Rajasthan,26.9124,75.7873,04:53,12:23,15:53,18:36,19:49,2025-09-11
India,Rajasthan,26.9124,75.7873,04:53,12:23,15:52,18:35,19:48,2025-09-12
India,Rajasthan,26.9124,75.7873,04:54,12:23,15:52,18:33,19:47,2025-09-13
India,Rajasthan,26.9124,75.7873,04:54,12:22,15:51,18:32,19:46,2025-09-14
India,Rajasthan,26.9124,75.7873,04:55,12:22,15:51,18:31,19:44,2025-09-15
India,Rajasthan,26.9124,75.7873,04:55,12:22,15:50,18:30,19:43,2025-09-16
India,Rajasthan,26.9124,75.7873,04:56,12:21,15:49,18:29,19:42,2025-09-17
India,Rajasthan,26.9124,75.7873,04:56,12:21,15:49,18:28,19:41,2025-09-18
India,Rajasthan,26.9124,75.7873,04:57,12:20,15:48,18:27,19:40,2025-09-19
India,Rajasthan,26.9124,75.7873,04:57,12:20,15:47,18:25,19:38,2025-09-20
India,Rajasthan,26.9124,75.7873,04:58,12:20,15:47,18:24,19:37,2025-09-21
India,Rajasthan,26.9124,75.7873,04:58,12:19,15:46,18:23,19:36,2025-09-22
India,Rajasthan,26.9124,75.7873,04:59,12:19,15:46,18:22,19:35,2025-09-23
India,Rajasthan,26.9124,75.7873,04:59,12:19,15:45,18:21,19:34,2025-09-24
India,Rajasthan,26.9124,75.7873,05:00,12:18,15:44,18:20,19:32,2025-09-25
India,Rajasthan,26.9124,75.7873,05:00,12:18,15:44,18:19,19:31,2025-09-26
India,Rajasthan,26.9124,75.7873,05:01,12:18,15:43,18:18,19:30,2025-09-27
India,Rajasthan,26.9124,75.7873,05:01,12:17,15:42,18:16,19:29,2025-09-28
India,Rajasthan,26.9124,75.7873,05:02,12:17,15:42,18:15,19:28,2025-09-29
India,Rajasthan,26.9124,75.7873,05:02,12:17,15:41,18:14,19:27,2025-09-30
India,Rajasthan,26.9124,75.7873,05:03,12:16,15:40,18:13,19:26,2025-10-01
India,Rajasthan,26.9124,75.7873,05:03,12:16,15:39,18:12,19:25,2025-10-02
India,Rajasthan,26.9124,75.7873,05:04,12:16,15:39,18:11,19:23,2025-10-03
India,Rajasthan,26.9124,75.7873,05:04,12:15,15:38,18:10,19:22,2025-10-04
India,Rajasthan,26.9124,75.7873,05:04,12:15,15:37,18:09,19:21,2025-10-05
India,Rajasthan,26.9124,75.7873,05:05,12:15,15:37,18:08,19:20,2025-10-06
India,Rajasthan,26.9124,75.7873,05:05,12:15,15:36,18:07,19:19,2025-10-07
India,Rajasthan,26.9124,75.7873,05:06,12:14,15:35,18:05,19:18,2025-10-08
India,Rajasthan,26.9124,75.7873,05:06,12:14,15:35,18:04,19:17,2025-10-09
India,Rajasthan,26.9124,75.7873,05:07,12:14,15:34,18:03,19:16,2025-10-10
India,Rajasthan,26.9124,75.7873,05:07,12:13,15:33,18:02,19:15,2025-10-11
India,Rajasthan,26.9124,75.7873,05:08,12:13,15:33,18:01,19:14,2025-10-12
India,Rajasthan,26.9124,75.7873,05:08,12:13,15:32,18:00,19:13,2025-10-13
India,Rajasthan,26.9124,75.7873,05:09,12:13,15:31,17:59,19:12,2025-10-14
India,Rajasthan,26.9124,75.7873,05:09,12:13,15:31,17:58,19:11,2025-10-15
India,Rajasthan,26.9124,75.7873,05:10,12:12,15:30,17:57,19:10,2025-10-16
India,Rajasthan,26.9124,75.7873,05:10,12:12,15:29,17:56,19:09,2025-10-17
India,Rajasthan,26.9124,75.7873,05:11,12:12,15:29,17:55,19:08,2025-10-18
India,Rajasthan,26.9124,75.7873,05:11,12:12,15:28,17:54,19:08,2025-10-19
India,Rajasthan,26.9124,75.7873,05:12,12:12,15:27,17:54,19:07,2025-10-20
India,Rajasthan,26.9124,75.7873,05:12,12:11,15:27,17:53,19:06,2025-10-21
India,Rajasthan,26.9124,75.7873,05:13,12:11,15:26,17:52,19:05,2025-10-22
India,Rajasthan,26.9124,75.7873,05:13,12:11,15:25,17:51,19:04,2025-10-23
India,Rajasthan,26.9124,75.7873,05:14,12:11,15:25,17:50,19:04,2025-10-24
India,Rajasthan,26.9124,75.7873,05:14,12:11,15:24,17:49,19:03,2025-10-25
India,Rajasthan,26.9124,75.7873,05:15,12:11,15:24,17:48,19:02,2025-10-26
India,Rajasthan,26.9124,75.7873,05:16,12:11,15:23,17:48,19:01,2025-10-27
India,Rajasthan,26.9124,75.7873,05:16,12:11,15:23,17:47,19:01,2025-10-28
India,Rajasthan,26.9124,75.7873,05:17,12:11,15:22,17:46,19:00,2025-10-29
India,Rajasthan,26.9124,75.7873,05:17,12:10,15:21,17:45,18:59,2025-10-30
India,Rajasthan,26.9124,75.7873,05:18,12:10,15:21,17:44,18:59,2025-10-31
India,Rajasthan,26.9124,75.7873,05:18,12:10,15:20,17:44,18:58,2025-11-01
India,Rajasthan,26.9124,75.7873,05:19,12:10,15:20,17:43,18:57,2025-11-02
India,Rajasthan,26.9124,75.7873,05:19,12:10,15:19,17:42,18:57,2025-11-03
India,Rajasthan,26.9124,75.7873,05:20,12:10,15:19,17:42,18:56,2025-11-04
India,Rajasthan,26.9124,75.7873,05:21,12:10,15:19,17:41,18:56,2025-11-05
India,Rajasthan,26.9124,75.7873,05:21,12:10,15:18,17:41,18:55,2025-11-06
India,Rajasthan,26.9124,75.7873,05:22,12:11,15:18,17:40,18:55,2025-11-07
India,Rajasthan,26.9124,75.7873,05:22,12:11,15:17,17:39,18:54,2025-11-08
India,Rajasthan,26.9124,75.7873,05:23,12:11,15:17,17:39,18:54,2025-11-09
India,Rajasthan,26.9124,75.7873,05:24,12:11,15:16,17:38,18:53,2025-11-10
India,Rajasthan,26.9124,75.7873,05:24,12:11,15:16,17:38,18:53,2025-11-11
India,Rajasthan,26.9124,75.7873,05:25,12:11,15:16,17:37,18:53,2025-11-12
India,Rajasthan,26.9124,75.7873,05:25,12:11,15:15,17:37,18:52,2025-11-13
India,Rajasthan,26.9124,75.7873,05:26,12:11,15:15,17:36,18:52,2025-11-14
India,Rajasthan,26.9124,75.7873,05:27,12:12,15:15,17:36,18:52,2025-11-15
India,Rajasthan,26.9124,75.7873,05:27,12:12,15:15,17:36,18:51,2025-11-16
India,Rajasthan,26.9124,75.7873,05:28,12:12,15:14,17:35,18:51,2025-11-17
India,Rajasthan,26.9124,75.7873,05:29,12:12,15:14,17:35,18:51,2025-11-18
India,Rajasthan,26.9124,75.7873,05:29,12:12,15:14,17:35,18:51,2025-11-19
India,Rajasthan,26.9124,75.7873,05:30,12:13,15:14,17:34,18:51,2025-11-20
India,Rajasthan,26.9124,75.7873,05:31,12:13,15:14,17:34,18:50,2025-11-21
India,Rajasthan,26.9124,75.7873,05:31,12:13,15:14,17:34,18:50,2025-11-22
India,Rajasthan,26.9124,75.7873,05:32,12:13,15:13,17:34,18:50,2025-11-23
India,Rajasthan,26.9124,75.7873,05:32,12:14,15:13,17:34,18:50,2025-11-24
India,Rajasthan,26.9124,75.7873,05:33,12:14,15:13,17:33,18:50,2025-11-25
India,Rajasthan,26.9124,75.7873,05:34,12:14,15:13,17:33,18:50,2025-11-26
India,Rajasthan,26.9124,75.7873,05:34,12:15,15:13,17:33,18:50,2025-11-27
India,Rajasthan,26.9124,75.7873,05:35,12:15,15:13,17:33,18:50,2025-11-28
India,Rajasthan,26.9124,75.7873,05:36,12:15,15:13,17:33,18:50,2025-11-29
India,Rajasthan,26.9124,75.7873,05:36,12:16,15:13,17:33,18:50,2025-11-30
India,Rajasthan,26.9124,75.7873,05:37,12:16,15:13,17:33,18:50,2025-12-01
India,Rajasthan,26.9124,75.7873,05:38,12:16,15:13,17:33,18:50,2025-12-02
India,Rajasthan,26.9124,75.7873,05:38,12:17,15:14,17:33,18:51,2025-12-03
India,Rajasthan,26.9124,75.7873,05:39,12:17,15:14,17:33,18:51,2025-12-04
India,Rajasthan,26.9124,75.7873,05:40,12:18,15:14,17:33,18:51,2025-12-05
India,Rajasthan,26.9124,75.7873,05:40,12:18,15:14,17:33,18:51,2025-12-06
India,Rajasthan,26.9124,75.7873,05:41,12:18,15:14,17:34,18:51,2025-12-07
India,Rajasthan,26.9124,75.7873,05:41,12:19,15:15,17:34,18:52,2025-12-08
India,Rajasthan,26.9124,75.7873,05:42,12:19,15:15,17:34,18:52,2025-12-09
India,Rajasthan,26.9124,75.7873,05:43,12:20,15:15,17:34,18:52,2025-12-10
India,Rajasthan,26.9124,75.7873,05:43,12:20,15:15,17:35,18:53,2025-12-11
India,Rajasthan,26.9124,75.7873,05:44,12:21,15:16,17:35,18:53,2025-12-12
India,Rajasthan,26.9124,75.7873,05:45,12:21,15:16,17:35,18:53,2025-12-13
India,Rajasthan,26.9124,75.7873,05:45,12:22,15:16,17:35,18:54,2025-12-14
India,Rajasthan,26.9124,75.7873,05:46,12:22,15:17,17:36,18:54,2025-12-15
India,Rajasthan,26.9124,75.7873,05:46,12:23,15:17,17:36,18:54,2025-12-16
India,Rajasthan,26.9124,75.7873,05:47,12:23,15:18,17:37,18:55,2025-12-17
India,Rajasthan,26.9124,75.7873,05:47,12:24,15:18,17:37,18:55,2025-12-18
India,Rajasthan,26.9124,75.7873,05:48,12:24,15:18,17:38,18:56,2025-12-19
India,Rajasthan,26.9124,75.7873,05:48,12:25,15:19,17:38,18:56,2025-12-20
India,Rajasthan,26.9124,75.7873,05:49,12:25,15:19,17:38,18:57,2025-12-21
India,Rajasthan,26.9124,75.7873,05:49,12:26,15:20,17:39,18:57,2025-12-22
India,Rajasthan,26.9124,75.7873,05:50,12:26,15:20,17:39,18:58,2025-12-23
India,Rajasthan,26.9124,75.7873,05:50,12:27,15:21,17:40,18:58,2025-12-24
India,Rajasthan,26.9124,75.7873,05:51,12:27,15:22,17:41,18:59,2025-12-25
India,Rajasthan,26.9124,75.7873,05:51,12:28,15:22,17:41,18:59,2025-12-26
India,Rajasthan,26.9124,75.7873,05:52,12:28,15:23,17:42,19:00,2025-12-27
India,Rajasthan,26.9124,75.7873,05:52,12:29,15:23,17:42,19:01,2025-12-28
India,Rajasthan,26.9124,75.7873,05:52,12:29,15:24,17:43,19:01,2025-12-29
India,Rajasthan,26.9124,75.7873,05:53,12:30,15:24,17:44,19:02,2025-12-30
India,Rajasthan,26.9124,75.7873,05:53,12:30,15:25,17:44,19:02,2025-12-31
India,Sikkim,27.3389,88.6065,05:03,11:39,14:34,16:53,18:11,2025-01-01
India,Sikkim,27.3389,88.6065,05:03,11:40,14:35,16:54,18:12,2025-01-02
India,Sikkim,27.3389,88.6065,05:03,11:40,14:35,16:54,18:13,2025-01-03
India,Sikkim,27.3389,88.6065,05:04,11:41,14:36,16:55,18:13,2025-01-04
India,Sikkim,27.3389,88.6065,05:04,11:41,14:37,16:56,18:14,2025-01-05
India,Sikkim,27.3389,88.6065,05:04,11:42,14:37,16:57,18:15,2025-01-06
India,Sikkim,27.3389,88.6065,05:04,11:42,14:38,16:57,18:15,2025-01-07
India,Sikkim,27.3389,88.6065,05:04,11:42,14:39,16:58,18:16,2025-01-08
India,Sikkim,27.3389,88.6065,05:05,11:43,14:39,16:59,18:17,2025-01-09
India,Sikkim,27.3389,88.6065,05:05,11:43,14:40,17:00,18:17,2025-01-10
India,Sikkim,27.3389,88.6065,05:05,11:44,14:41,17:00,18:18,2025-01-11
India,Sikkim,27.3389,88.6065,05:05,11:44,14:41,17:01,18:19,2025-01-12
India,Sikkim,27.3389,88.6065,05:05,11:44,14:42,17:02,18:19,2025-01-13
India,Sikkim,27.3389,88.6065,05:05,11:45,14:43,17:03,18:20,2025-01-14
India,Sikkim,27.3389,88.6065,05:05,11:45,14:44,17:04,18:21,2025-01-15
India,Sikkim,27.3389,88.6065,05:05,11:45,14:44,17:04,18:21,2025-01-16
India,Sikkim,27.3389,88.6065,05:05,11:46,14:45,17:05,18:22,2025-01-17
India,Sikkim,27.3389,88.6065,05:05,11:46,14:46,17:06,18:23,2025-01-18
India,Sikkim,27.3389,88.6065,05:05,11:46,14:46,17:07,18:23,2025-01-19
India,Sikkim,27.3389,88.6065,05:05,11:47,14:47,17:08,18:24,2025-01-20
India,Sikkim,27.3389,88.6065,05:05,11:47,14:48,17:08,18:25,2025-01-21
India,Sikkim,27.3389,88.6065,05:04,11:47,14:49,17:09,18:26,2025-01-22
India,Sikkim,27.3389,88.6065,05:04,11:48,14:49,17:10,18:26,2025-01-23
India,Sikkim,27.3389,88.6065,05:04,11:48,14:50,17:11,18:27,2025-01-24
India,Sikkim,27.3389,88.6065,05:04,11:48,14:51,17:12,18:28,2025-01-25
India,Sikkim,27.3389,88.6065,05:04,11:48,14:51,17:12,18:28,2025-01-26
India,Sikkim,27.3389,88.6065,05:03,11:48,14:52,17:13,18:29,2025-01-27
India,Sikkim,27.3389,88.6065,05:03,11:49,14:53,17:14,18:30,2025-01-28
India,Sikkim,27.3389,88.6065,05:03,11:49,14:53,17:15,18:30,2025-01-29
India,Sikkim,27.3389,88.6065,05:02,11:49,14:54,17:16,18:31,2025-01-30
India,Sikkim,27.3389,88.6065,05:02,11:49,14:54,17:16,18:32,2025-01-31
India,Sikkim,27.3389,88.6065,05:01,11:49,14:55,17:17,18:32,2025-02-01
India,Sikkim,27.3389,88.6065,05:01,11:49,14:56,17:18,18:33,2025-02-02
India,Sikkim,27.3389,88.6065,05:01,11:49,14:56,17:19,18:34,2025-02-03
India,Sikkim,27.3389,88.6065,05:00,11:50,14:57,17:19,18:34,2025-02-04
India,Sikkim,27.3389,88.6065,05:00,11:50,14:57,17:20,18:35,2025-02-05
India,Sikkim,27.3389,88.6065,04:59,11:50,14:58,17:21,18:36,2025-02-06
India,Sikkim,27.3389,88.6065,04:59,11:50,14:59,17:22,18:36,2025-02-07
India,Sikkim,27.3389,88.6065,04:58,11:50,14:59,17:22,18:37,2025-02-08
India,Sikkim,27.3389,88.6065,04:57,11:50,15:00,17:23,18:38,2025-02-09
India,Sikkim,27.3389,88.6065,04:57,11:50,15:00,17:24,18:38,2025-02-10
India,Sikkim,27.3389,88.6065,04:56,11:50,15:01,17:25,18:39,2025-02-11
India,Sikkim,27.3389,88.6065,04:56,11:50,15:01,17:25,18:39,2025-02-12
India,Sikkim,27.3389,88.6065,04:55,11:50,15:02,17:26,18:40,2025-02-13
India,Sikkim,27.3389,88.6065,04:54,11:50,15:02,17:27,18:41,2025-02-14
India,Sikkim,27.3389,88.6065,04:54,11:50,15:03,17:27,18:41,2025-02-15
India,Sikkim,27.3389,88.6065,04:53,11:50,15:03,17:28,18:42,2025-02-16
India,Sikkim,27.3389,88.6065,04:52,11:50,15:03,17:29,18:42,2025-02-17
India,Sikkim,27.3389,88.6065,04:51,11:49,15:04,17:29,18:43,2025-02-18
India,Sikkim,27.3389,88.6065,04:50,11:49,15:04,17:30,18:44,2025-02-19
India,Sikkim,27.3389,88.6065,04:50,11:49,15:05,17:31,18:44,2025-02-20
India,Sikkim,27.3389,88.6065,04:49,11:49,15:05,17:31,18:45,2025-02-21
India,Sikkim,27.3389,88.6065,04:48,11:49,15:05,17:32,18:45,2025-02-22
India,Sikkim,27.3389,88.6065,04:47,11:49,15:06,17:33,18:46,2025-02-23
India,Sikkim,27.3389,88.6065,04:46,11:49,15:06,17:33,18:47,2025-02-24
India,Sikkim,27.3389,88.6065,04:45,11:49,15:06,17:34,18:47,2025-02-25
India,Sikkim,27.3389,88.6065,04:44,11:48,15:07,17:35,18:48,2025-02-26
India,Sikkim,27.3389,88.6065,04:44,11:48,15:07,17:35,18:48,2025-02-27
India,Sikkim,27.3389,88.6065,04:43,11:48,15:07,17:36,18:49,2025-02-28
India,Sikkim,27.3389,88.6065,04:42,11:48,15:07,17:36,18:49,2025-03-01
India,Sikkim,27.3389,88.6065,04:41,11:48,15:08,17:37,18:50,2025-03-02
India,Sikkim,27.3389,88.6065,04:40,11:47,15:08,17:38,18:51,2025-03-03
India,Sikkim,27.3389,88.6065,04:39,11:47,15:08,17:38,18:51,2025-03-04
India,Sikkim,27.3389,88.6065,04:38,11:47,15:08,17:39,18:52,2025-03-05
India,Sikkim,27.3389,88.6065,04:37,11:47,15:09,17:39,18:52,2025-03-06
India,Sikkim,27.3389,88.6065,04:36,11:46,15:09,17:40,18:53,2025-03-07
India,Sikkim,27.3389,88.6065,04:35,11:46,15:09,17:40,18:53,2025-03-08
India,Sikkim,27.3389,88.6065,04:34,11:46,15:09,17:41,18:54,2025-03-09
India,Sikkim,27.3389,88.6065,04:32,11:46,15:09,17:42,18:54,2025-03-10
India,Sikkim,27.3389,88.6065,04:31,11:45,15:09,17:42,18:55,2025-03-11
India,Sikkim,27.3389,88.6065,04:30,11:45,15:09,17:43,18:56,2025-03-12
India,Sikkim,27.3389,88.6065,04:29,11:45,15:09,17:43,18:56,2025-03-13
India,Sikkim,27.3389,88.6065,04:28,11:45,15:10,17:44,18:57,2025-03-14
India,Sikkim,27.3389,88.6065,04:27,11:44,15:10,17:44,18:57,2025-03-15
India,Sikkim,27.3389,88.6065,04:26,11:44,15:10,17:45,18:58,2025-03-16
India,Sikkim,27.3389,88.6065,04:25,11:44,15:10,17:45,18:58,2025-03-17
India,Sikkim,27.3389,88.6065,04:23,11:43,15:10,17:46,18:59,2025-03-18
India,Sikkim,27.3389,88.6065,04:22,11:43,15:10,17:46,19:00,2025-03-19
India,Sikkim,27.3389,88.6065,04:21,11:43,15:10,17:47,19:00,2025-03-20
India,Sikkim,27.3389,88.6065,04:20,11:43,15:10,17:47,19:01,2025-03-21
India,Sikkim,27.3389,88.6065,04:19,11:42,15:10,17:48,19:01,2025-03-22
India,Sikkim,27.3389,88.6065,04:18,11:42,15:10,17:49,19:02,2025-03-23
India,Sikkim,27.3389,88.6065,04:16,11:42,15:10,17:49,19:02,2025-03-24
India,Sikkim,27.3389,88.6065,04:15,11:41,15:10,17:50,19:03,2025-03-25
India,Sikkim,27.3389,88.6065,04:14,11:41,15:10,17:50,19:04,2025-03-26
India,Sikkim,27.3389,88.6065,04:13,11:41,15:10,17:51,19:04,2025-03-27
India,Sikkim,27.3389,88.6065,04:12,11:40,15:10,17:51,19:05,2025-03-28
India,Sikkim,27.3389,88.6065,04:10,11:40,15:10,17:52,19:05,2025-03-29
India,Sikkim,27.3389,88.6065,04:09,11:40,15:10,17:52,19:06,2025-03-30
India,Sikkim,27.3389,88.6065,04:08,11:40,15:09,17:53,19:07,2025-03-31
India,Sikkim,27.3389,88.6065,04:07,11:39,15:09,17:53,19:07,2025-04-01
India,Sikkim,27.3389,88.6065,04:06,11:39,15:09,17:54,19:08,2025-04-02
India,Sikkim,27.3389,88.6065,04:04,11:39,15:09,17:54,19:08,2025-04-03
India,Sikkim,27.3389,88.6065,04:03,11:38,15:09,17:55,19:09,2025-04-04
India,Sikkim,27.3389,88.6065,04:02,11:38,15:09,17:55,19:10,2025-04-05
India,Sikkim,27.3389,88.6065,04:01,11:38,15:09,17:56,19:10,2025-04-06
India,Sikkim,27.3389,88.6065,03:59,11:38,15:09,17:56,19:11,2025-04-07
India,Sikkim,27.3389,88.6065,03:58,11:37,15:09,17:57,19:12,2025-04-08
India,Sikkim,27.3389,88.6065,03:57,11:37,15:08,17:57,19:12,2025-04-09
India,Sikkim,27.3389,88.6065,03:56,11:37,15:08,17:58,19:13,2025-04-10
India,Sikkim,27.3389,88.6065,03:55,11:36,15:08,17:58,19:14,2025-04-11
India,Sikkim,27.3389,88.6065,03:53,11:36,15:08,17:59,19:14,2025-04-12
India,Sikkim,27.3389,88.6065,03:52,11:36,15:08,17:59,19:15,2025-04-13
India,Sikkim,27.3389,88.6065,03:51,11:36,15:08,18:00,19:16,2025-04-14
India,Sikkim,27.3389,88.6065,03:50,11:36,15:08,18:00,19:16,2025-04-15
India,Sikkim,27.3389,88.6065,03:49,11:35,15:07,18:01,19:17,2025-04-16
India,Sikkim,27.3389,88.6065,03:47,11:35,15:07,18:01,19:18,2025-04-17
India,Sikkim,27.3389,88.6065,03:46,11:35,15:07,18:02,19:18,2025-04-18
India,Sikkim,27.3389,88.6065,03:45,11:35,15:07,18:02,19:19,2025-04-19
India,Sikkim,27.3389,88.6065,03:44,11:34,15:07,18:03,19:20,2025-04-20
India,Sikkim,27.3389,88.6065,03:43,11:34,15:07,18:04,19:21,2025-04-21
India,Sikkim,27.3389,88.6065,03:42,11:34,15:06,18:04,19:21,2025-04-22
India,Sikkim,27.3389,88.6065,03:41,11:34,15:06,18:05,19:22,2025-04-23
India,Sikkim,27.3389,88.6065,03:39,11:34,15:06,18:05,19:23,2025-04-24
India,Sikkim,27.3389,88.6065,03:38,11:33,15:06,18:06,19:24,2025-04-25
India,Sikkim,27.3389,88.6065,03:37,11:33,15:06,18:06,19:24,2025-04-26
India,Sikkim,27.3389,88.6065,03:36,11:33,15:06,18:07,19:25,2025-04-27
India,Sikkim,27.3389,88.6065,03:35,11:33,15:05,18:07,19:26,2025-04-28
India,Sikkim,27.3389,88.6065,03:34,11:33,15:05,18:08,19:27,2025-04-29
India,Sikkim,27.3389,88.6065,03:33,11:33,15:05,18:09,19:27,2025-04-30
India,Sikkim,27.3389,88.6065,03:32,11:33,15:05,18:09,19:28,2025-05-01
India,Sikkim,27.3389,88.6065,03:31,11:33,15:05,18:10,19:29,2025-05-02
India,Sikkim,27.3389,88.6065,03:30,11:32,15:05,18:10,19:30,2025-05-03
India,Sikkim,27.3389,88.6065,03:29,11:32,15:04,18:11,19:30,2025-05-04
India,Sikkim,27.3389,88.6065,03:28,11:32,15:04,18:11,19:31,2025-05-05
India,Sikkim,27.3389,88.6065,03:27,11:32,15:04,18:12,19:32,2025-05-06
India,Sikkim,27.3389,88.6065,03:26,11:32,15:04,18:13,19:33,2025-05-07
India,Sikkim,27.3389,88.6065,03:25,11:32,15:04,18:13,19:34,2025-05-08
India,Sikkim,27.3389,88.6065,03:24,11:32,15:04,18:14,19:34,2025-05-09
India,Sikkim,27.3389,88.6065,03:24,11:32,15:04,18:14,19:35,2025-05-10
India,Sikkim,27.3389,88.6065,03:23,11:32,15:04,18:15,19:36,2025-05-11
India,Sikkim,27.3389,88.6065,03:22,11:32,15:03,18:15,19:37,2025-05-12
India,Sikkim,27.3389,88.6065,03:21,11:32,15:03,18:16,19:38,2025-05-13
India,Sikkim,27.3389,88.6065,03:20,11:32,15:03,18:17,19:38,2025-05-14
India,Sikkim,27.3389,88.6065,03:19,11:32,15:03,18:17,19:39,2025-05-15
India,Sikkim,27.3389,88.6065,03:19,11:32,15:03,18:18,19:40,2025-05-16
India,Sikkim,27.3389,88.6065,03:18,11:32,15:03,18:18,19:41,2025-05-17
India,Sikkim,27.3389,88.6065,03:17,11:32,15:03,18:19,19:41,2025-05-18
India,Sikkim,27.3389,88.6065,03:17,11:32,15:03,18:19,19:42,2025-05-19
India,Sikkim,27.3389,88.6065,03:16,11:32,15:03,18:20,19:43,2025-05-20
India,Sikkim,27.3389,88.6065,03:15,11:32,15:03,18:21,19:44,2025-05-21
India,Sikkim,27.3389,88.6065,03:15,11:32,15:03,18:21,19:44,2025-05-22
India,Sikkim,27.3389,88.6065,03:14,11:32,15:03,18:22,19:45,2025-05-23
India,Sikkim,27.3389,88.6065,03:14,11:32,15:03,18:22,19:46,2025-05-24
India,Sikkim,27.3389,88.6065,03:13,11:33,15:03,18:23,19:47,2025-05-25
India,Sikkim,27.3389,88.6065,03:12,11:33,15:03,18:23,19:47,2025-05-26
India,Sikkim,27.3389,88.6065,03:12,11:33,15:03,18:24,19:48,2025-05-27
India,Sikkim,27.3389,88.6065,03:12,11:33,15:03,18:24,19:49,2025-05-28
India,Sikkim,27.3389,88.6065,03:11,11:33,15:03,18:25,19:49,2025-05-29
India,Sikkim,27.3389,88.6065,03:11,11:33,15:03,18:25,19:50,2025-05-30
India,Sikkim,27.3389,88.6065,03:10,11:33,15:03,18:26,19:51,2025-05-31
India,Sikkim,27.3389,88.6065,03:10,11:34,15:03,18:26,19:51,2025-06-01
India,Sikkim,27.3389,88.6065,03:10,11:34,15:03,18:27,19:52,2025-06-02
India,Sikkim,27.3389,88.6065,03:09,11:34,15:03,18:27,19:53,2025-06-03
India,Sikkim,27.3389,88.6065,03:09,11:34,15:03,18:28,19:53,2025-06-04
India,Sikkim,27.3389,88.6065,03:09,11:34,15:03,18:28,19:54,2025-06-05
India,Sikkim,27.3389,88.6065,03:09,11:34,15:03,18:29,19:54,2025-06-06
India,Sikkim,27.3389,88.6065,03:09,11:35,15:03,18:29,19:55,2025-06-07
India,Sikkim,27.3389,88.6065,03:08,11:35,15:04,18:29,19:55,2025-06-08
India,Sikkim,27.3389,88.6065,03:08,11:35,15:04,18:30,19:56,2025-06-09
India,Sikkim,27.3389,88.6065,03:08,11:35,15:04,18:30,19:56,2025-06-10
India,Sikkim,27.3389,88.6065,03:08,11:35,15:04,18:31,19:57,2025-06-11
India,Sikkim,27.3389,88.6065,03:08,11:36,15:04,18:31,19:57,2025-06-12
India,Sikkim,27.3389,88.6065,03:08,11:36,15:04,18:31,19:58,2025-06-13
India,Sikkim,27.3389,88.6065,03:08,11:36,15:04,18:32,19:58,2025-06-14
India,Sikkim,27.3389,88.6065,03:08,11:36,15:05,18:32,19:58,2025-06-15
India,Sikkim,27.3389,88.6065,03:08,11:36,15:05,18:32,19:59,2025-06-16
India,Sikkim,27.3389,88.6065,03:08,11:37,15:05,18:33,19:59,2025-06-17
India,Sikkim,27.3389,88.6065,03:09,11:37,15:05,18:33,19:59,2025-06-18
India,Sikkim,27.3389,88.6065,03:09,11:37,15:05,18:33,20:00,2025-06-19
India,Sikkim,27.3389,88.6065,03:09,11:37,15:06,18:33,20:00,2025-06-20
India,Sikkim,27.3389,88.6065,03:09,11:38,15:06,18:34,20:00,2025-06-21
India,Sikkim,27.3389,88.6065,03:09,11:38,15:06,18:34,20:00,2025-06-22
India,Sikkim,27.3389,88.6065,03:10,11:38,15:06,18:34,20:00,2025-06-23
India,Sikkim,27.3389,88.6065,03:10,11:38,15:07,18:34,20:01,2025-06-24
India,Sikkim,27.3389,88.6065,03:10,11:38,15:07,18:34,20:01,2025-06-25
India,Sikkim,27.3389,88.6065,03:11,11:39,15:07,18:34,20:01,2025-06-26
India,Sikkim,27.3389,88.6065,03:11,11:39,15:07,18:34,20:01,2025-06-27
India,Sikkim,27.3389,88.6065,03:11,11:39,15:08,18:34,20:01,2025-06-28
India,Sikkim,27.3389,88.6065,03:12,11:39,15:08,18:35,20:01,2025-06-29
India,Sikkim,27.3389,88.6065,03:12,11:39,15:08,18:35,20:01,2025-06-30
India,Sikkim,27.3389,88.6065,03:13,11:40,15:08,18:35,20:01,2025-07-01
India,Sikkim,27.3389,88.6065,03:13,11:40,15:09,18:35,20:01,2025-07-02
India,Sikkim,27.3389,88.6065,03:14,11:40,15:09,18:35,20:00,2025-07-03
India,Sikkim,27.3389,88.6065,03:14,11:40,15:09,18:35,20:00,2025-07-04
India,Sikkim,27.3389,88.6065,03:15,11:40,15:09,18:34,20:00,2025-07-05
India,Sikkim,27.3389,88.6065,03:15,11:40,15:10,18:34,20:00,2025-07-06
India,Sikkim,27.3389,88.6065,03:16,11:41,15:10,18:34,20:00,2025-07-07
India,Sikkim,27.3389,88.6065,03:16,11:41,15:10,18:34,19:59,2025-07-08
India,Sikkim,27.3389,88.6065,03:17,11:41,15:10,18:34,19:59,2025-07-09
India,Sikkim,27.3389,88.6065,03:18,11:41,15:10,18:34,19:59,2025-07-10
India,Sikkim,27.3389,88.6065,03:18,11:41,15:11,18:34,19:58,2025-07-11
India,Sikkim,27.3389,88.6065,03:19,11:41,15:11,18:33,19:58,2025-07-12
India,Sikkim,27.3389,88.6065,03:20,11:41,15:11,18:33,19:58,2025-07-13
India,Sikkim,27.3389,88.6065,03:20,11:42,15:11,18:33,19:57,2025-07-14
India,Sikkim,27.3389,88.6065,03:21,11:42,15:12,18:32,19:57,2025-07-15
India,Sikkim,27.3389,88.6065,03:22,11:42,15:12,18:32,19:56,2025-07-16
India,Sikkim,27.3389,88.6065,03:22,11:42,15:12,18:32,19:56,2025-07-17
India,Sikkim,27.3389,88.6065,03:23,11:42,15:12,18:31,19:55,2025-07-18
India,Sikkim,27.3389,88.6065,03:24,11:42,15:12,18:31,19:55,2025-07-19
India,Sikkim,27.3389,88.6065,03:24,11:42,15:12,18:31,19:54,2025-07-20
India,Sikkim,27.3389,88.6065,03:25,11:42,15:13,18:30,19:53,2025-07-21
India,Sikkim,27.3389,88.6065,03:26,11:42,15:13,18:30,19:53,2025-07-22
India,Sikkim,27.3389,88.6065,03:27,11:42,15:13,18:29,19:52,2025-07-23
India,Sikkim,27.3389,88.6065,03:27,11:42,15:13,18:29,19:51,2025-07-24
India,Sikkim,27.3389,88.6065,03:28,11:42,15:13,18:28,19:51,2025-07-25
India,Sikkim,27.3389,88.6065,03:29,11:42,15:13,18:28,19:50,2025-07-26
India,Sikkim,27.3389,88.6065,03:30,11:42,15:13,18:27,19:49,2025-07-27
India,Sikkim,27.3389,88.6065,03:30,11:42,15:13,18:27,19:48,2025-07-28
India,Sikkim,27.3389,88.6065,03:31,11:42,15:13,18:26,19:48,2025-07-29
India,Sikkim,27.3389,88.6065,03:32,11:42,15:14,18:25,19:47,2025-07-30
India,Sikkim,27.3389,88.6065,03:33,11:42,15:14,18:25,19:46,2025-07-31
India,Sikkim,27.3389,88.6065,03:33,11:42,15:14,18:24,19:45,2025-08-01
India,Sikkim,27.3389,88.6065,03:34,11:42,15:14,18:23,19:44,2025-08-02
India,Sikkim,27.3389,88.6065,03:35,11:42,15:14,18:23,19:43,2025-08-03
India,Sikkim,27.3389,88.6065,03:36,11:42,15:14,18:22,19:42,2025-08-04
India,Sikkim,27.3389,88.6065,03:37,11:42,15:14,18:21,19:41,2025-08-05
India,Sikkim,27.3389,88.6065,03:37,11:41,15:13,18:21,19:40,2025-08-06
India,Sikkim,27.3389,88.6065,03:38,11:41,15:13,18:20,19:39,2025-08-07
India,Sikkim,27.3389,88.6065,03:39,11:41,15:13,18:19,19:38,2025-08-08
India,Sikkim,27.3389,88.6065,03:40,11:41,15:13,18:18,19:37,2025-08-09
India,Sikkim,27.3389,88.6065,03:40,11:41,15:13,18:17,19:36,2025-08-10
India,Sikkim,27.3389,88.6065,03:41,11:41,15:13,18:17,19:35,2025-08-11
India,Sikkim,27.3389,88.6065,03:42,11:41,15:13,18:16,19:34,2025-08-12
India,Sikkim,27.3389,88.6065,03:42,11:40,15:13,18:15,19:33,2025-08-13
India,Sikkim,27.3389,88.6065,03:43,11:40,15:13,18:14,19:32,2025-08-14
India,Sikkim,27.3389,88.6065,03:44,11:40,15:12,18:13,19:31,2025-08-15
India,Sikkim,27.3389,88.6065,03:45,11:40,15:12,18:12,19:30,2025-08-16
India,Sikkim,27.3389,88.6065,03:45,11:40,15:12,18:11,19:29,2025-08-17
India,Sikkim,27.3389,88.6065,03:46,11:39,15:12,18:10,19:28,2025-08-18
India,Sikkim,27.3389,88.6065,03:47,11:39,15:11,18:09,19:27,2025-08-19
India,Sikkim,27.3389,88.6065,03:47,11:39,15:11,18:08,19:25,2025-08-20
India,Sikkim,27.3389,88.6065,03:48,11:39,15:11,18:07,19:24,2025-08-21
India,Sikkim,27.3389,88.6065,03:49,11:38,15:11,18:06,19:23,2025-08-22
India,Sikkim,27.3389,88.6065,03:49,11:38,15:10,18:05,19:22,2025-08-23
India,Sikkim,27.3389,88.6065,03:50,11:38,15:10,18:04,19:21,2025-08-24
India,Sikkim,27.3389,88.6065,03:51,11:38,15:10,18:03,19:19,2025-08-25
India,Sikkim,27.3389,88.6065,03:51,11:37,15:09,18:02,19:18,2025-08-26
India,Sikkim,27.3389,88.6065,03:52,11:37,15:09,18:01,19:17,2025-08-27
India,Sikkim,27.3389,88.6065,03:53,11:37,15:09,18:00,19:16,2025-08-28
India,Sikkim,27.3389,88.6065,03:53,11:36,15:08,17:59,19:15,2025-08-29
India,Sikkim,27.3389,88.6065,03:54,11:36,15:08,17:58,19:13,2025-08-30
India,Sikkim,27.3389,88.6065,03:54,11:36,15:07,17:57,19:12,2025-08-31
India,Sikkim,27.3389,88.6065,03:55,11:35,15:07,17:56,19:11,2025-09-01
India,Sikkim,27.3389,88.6065,03:56,11:35,15:06,17:55,19:10,2025-09-02
India,Sikkim,27.3389,88.6065,03:56,11:35,15:06,17:54,19:08,2025-09-03
India,Sikkim,27.3389,88.6065,03:57,11:34,15:05,17:53,19:07,2025-09-04
India,Sikkim,27.3389,88.6065,03:57,11:34,15:05,17:51,19:06,2025-09-05
India,Sikkim,27.3389,88.6065,03:58,11:34,15:04,17:50,19:05,2025-09-06
India,Sikkim,27.3389,88.6065,03:59,11:33,15:04,17:49,19:04,2025-09-07
India,Sikkim,27.3389,88.6065,03:59,11:33,15:03,17:48,19:02,2025-09-08
India,Sikkim,27.3389,88.6065,04:00,11:33,15:03,17:47,19:01,2025-09-09
India,Sikkim,27.3389,88.6065,04:00,11:32,15:02,17:46,19:00,2025-09-10
India,Sikkim,27.3389,88.6065,04:01,11:32,15:02,17:45,18:59,2025-09-11
India,Sikkim,27.3389,88.6065,04:01,11:32,15:01,17:43,18:57,2025-09-12
India,Sikkim,27.3389,88.6065,04:02,11:31,15:01,17:42,18:56,2025-09-13
India,Sikkim,27.3389,88.6065,04:02,11:31,15:00,17:41,18:55,2025-09-14
India,Sikkim,27.3389,88.6065,04:03,11:31,14:59,17:40,18:54,2025-09-15
India,Sikkim,27.3389,88.6065,04:04,11:30,14:59,17:39,18:52,2025-09-16
India,Sikkim,27.3389,88.6065,04:04,11:30,14:58,17:38,18:51,2025-09-17
India,Sikkim,27.3389,88.6065,04:05,11:30,14:58,17:37,18:50,2025-09-18
India,Sikkim,27.3389,88.6065,04:05,11:29,14:57,17:35,18:49,2025-09-19
India,Sikkim,27.3389,88.6065,04:06,11:29,14:56,17:34,18:47,2025-09-20
India,Sikkim,27.3389,88.6065,04:06,11:28,14:56,17:33,18:46,2025-09-21
India,Sikkim,27.3389,88.6065,04:07,11:28,14:55,17:32,18:45,2025-09-22
India,Sikkim,27.3389,88.6065,04:07,11:28,14:54,17:31,18:44,2025-09-23
India,Sikkim,27.3389,88.6065,04:08,11:27,14:54,17:30,18:43,2025-09-24
India,Sikkim,27.3389,88.6065,04:08,11:27,14:53,17:28,18:41,2025-09-25
India,Sikkim,27.3389,88.6065,04:09,11:27,14:52,17:27,18:40,2025-09-26
India,Sikkim,27.3389,88.6065,04:09,11:26,14:52,17:26,18:39,2025-09-27
India,Sikkim,27.3389,88.6065,04:10,11:26,14:51,17:25,18:38,2025-09-28
India,Sikkim,27.3389,88.6065,04:10,11:26,14:50,17:24,18:37,2025-09-29
India,Sikkim,27.3389,88.6065,04:11,11:25,14:50,17:23,18:36,2025-09-30
India,Sikkim,27.3389,88.6065,04:11,11:25,14:49,17:22,18:34,2025-10-01
India,Sikkim,27.3389,88.6065,04:12,11:25,14:48,17:20,18:33,2025-10-02
India,Sikkim,27.3389,88.6065,04:12,11:24,14:47,17:19,18:32,2025-10-03
India,Sikkim,27.3389,88.6065,04:13,11:24,14:47,17:18,18:31,2025-10-04
India,Sikkim,27.3389,88.6065,04:13,11:24,14:46,17:17,18:30,2025-10-05
India,Sikkim,27.3389,88.6065,04:14,11:24,14:45,17:16,18:29,2025-10-06
India,Sikkim,27.3389,88.6065,04:14,11:23,14:45,17:15,18:28,2025-10-07
India,Sikkim,27.3389,88.6065,04:15,11:23,14:44,17:14,18:27,2025-10-08
India,Sikkim,27.3389,88.6065,04:15,11:23,14:43,17:13,18:26,2025-10-09
India,Sikkim,27.3389,88.6065,04:16,11:22,14:43,17:12,18:25,2025-10-10
India,Sikkim,27.3389,88.6065,04:16,11:22,14:42,17:11,18:24,2025-10-11
India,Sikkim,27.3389,88.6065,04:17,11:22,14:41,17:10,18:23,2025-10-12
India,Sikkim,27.3389,88.6065,04:17,11:22,14:40,17:09,18:22,2025-10-13
India,Sikkim,27.3389,88.6065,04:18,11:21,14:40,17:08,18:21,2025-10-14
India,Sikkim,27.3389,88.6065,04:18,11:21,14:39,17:07,18:20,2025-10-15
India,Sikkim,27.3389,88.6065,04:19,11:21,14:38,17:06,18:19,2025-10-16
India,Sikkim,27.3389,88.6065,04:19,11:21,14:38,17:05,18:18,2025-10-17
India,Sikkim,27.3389,88.6065,04:20,11:21,14:37,17:04,18:17,2025-10-18
India,Sikkim,27.3389,88.6065,04:20,11:20,14:36,17:03,18:16,2025-10-19
India,Sikkim,27.3389,88.6065,04:21,11:20,14:36,17:02,18:15,2025-10-20
India,Sikkim,27.3389,88.6065,04:21,11:20,14:35,17:01,18:14,2025-10-21
India,Sikkim,27.3389,88.6065,04:22,11:20,14:34,17:00,18:14,2025-10-22
India,Sikkim,27.3389,88.6065,04:22,11:20,14:34,16:59,18:13,2025-10-23
India,Sikkim,27.3389,88.6065,04:23,11:20,14:33,16:58,18:12,2025-10-24
India,Sikkim,27.3389,88.6065,04:23,11:20,14:33,16:57,18:11,2025-10-25
India,Sikkim,27.3389,88.6065,04:24,11:19,14:32,16:57,18:11,2025-10-26
India,Sikkim,27.3389,88.6065,04:24,11:19,14:31,16:56,18:10,2025-10-27
India,Sikkim,27.3389,88.6065,04:25,11:19,14:31,16:55,18:09,2025-10-28
India,Sikkim,27.3389,88.6065,04:26,11:19,14:30,16:54,18:08,2025-10-29
India,Sikkim,27.3389,88.6065,04:26,11:19,14:30,16:53,18:08,2025-10-30
India,Sikkim,27.3389,88.6065,04:27,11:19,14:29,16:53,18:07,2025-10-31
India,Sikkim,27.3389,88.6065,04:27,11:19,14:29,16:52,18:06,2025-11-01
India,Sikkim,27.3389,88.6065,04:28,11:19,14:28,16:51,18:06,2025-11-02
India,Sikkim,27.3389,88.6065,04:28,11:19,14:28,16:51,18:05,2025-11-03
India,Sikkim,27.3389,88.6065,04:29,11:19,14:27,16:50,18:05,2025-11-04
India,Sikkim,27.3389,88.6065,04:30,11:19,14:27,16:49,18:04,2025-11-05
India,Sikkim,27.3389,88.6065,04:30,11:19,14:26,16:49,18:04,2025-11-06
India,Sikkim,27.3389,88.6065,04:31,11:19,14:26,16:48,18:03,2025-11-07
India,Sikkim,27.3389,88.6065,04:31,11:19,14:25,16:47,18:03,2025-11-08
India,Sikkim,27.3389,88.6065,04:32,11:19,14:25,16:47,18:02,2025-11-09
India,Sikkim,27.3389,88.6065,04:33,11:20,14:25,16:46,18:02,2025-11-10
India,Sikkim,27.3389,88.6065,04:33,11:20,14:24,16:46,18:01,2025-11-11
India,Sikkim,27.3389,88.6065,04:34,11:20,14:24,16:45,18:01,2025-11-12
India,Sikkim,27.3389,88.6065,04:35,11:20,14:24,16:45,18:01,2025-11-13
India,Sikkim,27.3389,88.6065,04:35,11:20,14:23,16:44,18:00,2025-11-14
India,Sikkim,27.3389,88.6065,04:36,11:20,14:23,16:44,18:00,2025-11-15
India,Sikkim,27.3389,88.6065,04:36,11:20,14:23,16:44,18:00,2025-11-16
India,Sikkim,27.3389,88.6065,04:37,11:21,14:22,16:43,17:59,2025-11-17
India,Sikkim,27.3389,88.6065,04:38,11:21,14:22,16:43,17:59,2025-11-18
India,Sikkim,27.3389,88.6065,04:38,11:21,14:22,16:43,17:59,2025-11-19
India,Sikkim,27.3389,88.6065,04:39,11:21,14:22,16:42,17:59,2025-11-20
India,Sikkim,27.3389,88.6065,04:40,11:22,14:22,16:42,17:59,2025-11-21
India,Sikkim,27.3389,88.6065,04:40,11:22,14:22,16:42,17:59,2025-11-22
India,Sikkim,27.3389,88.6065,04:41,11:22,14:21,16:42,17:58,2025-11-23
India,Sikkim,27.3389,88.6065,04:42,11:22,14:21,16:41,17:58,2025-11-24
India,Sikkim,27.3389,88.6065,04:42,11:23,14:21,16:41,17:58,2025-11-25
India,Sikkim,27.3389,88.6065,04:43,11:23,14:21,16:41,17:58,2025-11-26
India,Sikkim,27.3389,88.6065,04:44,11:23,14:21,16:41,17:58,2025-11-27
India,Sikkim,27.3389,88.6065,04:44,11:24,14:21,16:41,17:58,2025-11-28
India,Sikkim,27.3389,88.6065,04:45,11:24,14:21,16:41,17:58,2025-11-29
India,Sikkim,27.3389,88.6065,04:46,11:24,14:21,16:41,17:58,2025-11-30
India,Sikkim,27.3389,88.6065,04:46,11:25,14:21,16:41,17:59,2025-12-01
India,Sikkim,27.3389,88.6065,04:47,11:25,14:21,16:41,17:59,2025-12-02
India,Sikkim,27.3389,88.6065,04:48,11:26,14:22,16:41,17:59,2025-12-03
India,Sikkim,27.3389,88.6065,04:48,11:26,14:22,16:41,17:59,2025-12-04
India,Sikkim,27.3389,88.6065,04:49,11:26,14:22,16:41,17:59,2025-12-05
India,Sikkim,27.3389,88.6065,04:50,11:27,14:22,16:41,17:59,2025-12-06
India,Sikkim,27.3389,88.6065,04:50,11:27,14:22,16:41,18:00,2025-12-07
India,Sikkim,27.3389,88.6065,04:51,11:28,14:22,16:42,18:00,2025-12-08
India,Sikkim,27.3389,88.6065,04:51,11:28,14:23,16:42,18:00,2025-12-09
India,Sikkim,27.3389,88.6065,04:52,11:29,14:23,16:42,18:00,2025-12-10
India,Sikkim,27.3389,88.6065,04:53,11:29,14:23,16:42,18:01,2025-12-11
India,Sikkim,27.3389,88.6065,04:53,11:29,14:24,16:43,18:01,2025-12-12
India,Sikkim,27.3389,88.6065,04:54,11:30,14:24,16:43,18:01,2025-12-13
India,Sikkim,27.3389,88.6065,04:54,11:30,14:24,16:43,18:02,2025-12-14
India,Sikkim,27.3389,88.6065,04:55,11:31,14:25,16:44,18:02,2025-12-15
India,Sikkim,27.3389,88.6065,04:56,11:31,14:25,16:44,18:03,2025-12-16
India,Sikkim,27.3389,88.6065,04:56,11:32,14:25,16:44,18:03,2025-12-17
India,Sikkim,27.3389,88.6065,04:57,11:32,14:26,16:45,18:03,2025-12-18
India,Sikkim,27.3389,88.6065,04:57,11:33,14:26,16:45,18:04,2025-12-19
India,Sikkim,27.3389,88.6065,04:58,11:33,14:27,16:46,18:04,2025-12-20
India,Sikkim,27.3389,88.6065,04:58,11:34,14:27,16:46,18:05,2025-12-21
India,Sikkim,27.3389,88.6065,04:59,11:34,14:28,16:47,18:05,2025-12-22
India,Sikkim,27.3389,88.6065,04:59,11:35,14:28,16:47,18:06,2025-12-23
India,Sikkim,27.3389,88.6065,05:00,11:35,14:29,16:48,18:06,2025-12-24
India,Sikkim,27.3389,88.6065,05:00,11:36,14:29,16:48,18:07,2025-12-25
India,Sikkim,27.3389,88.6065,05:00,11:36,14:30,16:49,18:07,2025-12-26
India,Sikkim,27.3389,88.6065,05:01,11:37,14:31,16:50,18:08,2025-12-27
India,Sikkim,27.3389,88.6065,05:01,11:37,14:31,16:50,18:09,2025-12-28
India,Sikkim,27.3389,88.6065,05:02,11:38,14:32,16:51,18:09,2025-12-29
India,Sikkim,27.3389,88.6065,05:02,11:38,14:32,16:51,18:10,2025-12-30
India,Sikkim,27.3389,88.6065,05:02,11:39,14:33,16:52,18:10,2025-12-31
India,Tamil Nadu,13.0827,80.2707,05:16,12:13,15:28,17:54,19:05,2025-01-01
India,Tamil Nadu,13.0827,80.2707,05:16,12:13,15:29,17:54,19:06,2025-01-02
India,Tamil Nadu,13.0827,80.2707,05:17,12:14,15:30,17:55,19:06,2025-01-03
India,Tamil Nadu,13.0827,80.2707,05:17,12:14,15:30,17:56,19:07,2025-01-04
India,Tamil Nadu,13.0827,80.2707,05:17,12:15,15:31,17:56,19:07,2025-01-05
India,Tamil Nadu,13.0827,80.2707,05:18,12:15,15:31,17:57,19:08,2025-01-06
India,Tamil Nadu,13.0827,80.2707,05:18,12:15,15:32,17:57,19:08,2025-01-07
India,Tamil Nadu,13.0827,80.2707,05:18,12:16,15:32,17:58,19:09,2025-01-08
India,Tamil Nadu,13.0827,80.2707,05:19,12:16,15:33,17:58,19:09,2025-01-09
India,Tamil Nadu,13.0827,80.2707,05:19,12:17,15:33,17:59,19:10,2025-01-10
India,Tamil Nadu,13.0827,80.2707,05:19,12:17,15:34,18:00,19:10,2025-01-11
India,Tamil Nadu,13.0827,80.2707,05:20,12:17,15:34,18:00,19:11,2025-01-12
India,Tamil Nadu,13.0827,80.2707,05:20,12:18,15:35,18:01,19:11,2025-01-13
India,Tamil Nadu,13.0827,80.2707,05:20,12:18,15:35,18:01,19:12,2025-01-14
India,Tamil Nadu,13.0827,80.2707,05:20,12:18,15:36,18:02,19:12,2025-01-15
India,Tamil Nadu,13.0827,80.2707,05:21,12:19,15:36,18:02,19:13,2025-01-16
India,Tamil Nadu,13.0827,80.2707,05:21,12:19,15:36,18:03,19:13,2025-01-17
India,Tamil Nadu,13.0827,80.2707,05:21,12:19,15:37,18:03,19:14,2025-01-18
India,Tamil Nadu,13.0827,80.2707,05:21,12:20,15:37,18:04,19:14,2025-01-19
India,Tamil Nadu,13.0827,80.2707,05:21,12:20,15:38,18:04,19:14,2025-01-20
India,Tamil Nadu,13.0827,80.2707,05:22,12:20,15:38,18:05,19:15,2025-01-21
India,Tamil Nadu,13.0827,80.2707,05:22,12:21,15:39,18:05,19:15,2025-01-22
India,Tamil Nadu,13.0827,80.2707,05:22,12:21,15:39,18:06,19:16,2025-01-23
India,Tamil Nadu,13.0827,80.2707,05:22,12:21,15:39,18:06,19:16,2025-01-24
India,Tamil Nadu,13.0827,80.2707,05:22,12:21,15:40,18:07,19:16,2025-01-25
India,Tamil Nadu,13.0827,80.2707,05:22,12:22,15:40,18:07,19:17,2025-01-26
India,Tamil Nadu,13.0827,80.2707,05:22,12:22,15:40,18:08,19:17,2025-01-27
India,Tamil Nadu,13.0827,80.2707,05:22,12:22,15:41,18:08,19:18,2025-01-28
India,Tamil Nadu,13.0827,80.2707,05:22,12:22,15:41,18:09,19:18,2025-01-29
India,Tamil Nadu,13.0827,80.2707,05:22,12:22,15:41,18:09,19:18,2025-01-30
India,Tamil Nadu,13.0827,80.2707,05:22,12:22,15:42,18:10,19:19,2025-01-31
India,Tamil Nadu,13.0827,80.2707,05:22,12:23,15:42,18:10,19:19,2025-02-01
India,Tamil Nadu,13.0827,80.2707,05:22,12:23,15:42,18:10,19:19,2025-02-02
India,Tamil Nadu,13.0827,80.2707,05:22,12:23,15:42,18:11,19:19,2025-02-03
India,Tamil Nadu,13.0827,80.2707,05:22,12:23,15:42,18:11,19:20,2025-02-04
India,Tamil Nadu,13.0827,80.2707,05:22,12:23,15:43,18:12,19:20,2025-02-05
India,Tamil Nadu,13.0827,80.2707,05:21,12:23,15:43,18:12,19:20,2025-02-06
India,Tamil Nadu,13.0827,80.2707,05:21,12:23,15:43,18:12,19:21,2025-02-07
India,Tamil Nadu,13.0827,80.2707,05:21,12:23,15:43,18:13,19:21,2025-02-08
India,Tamil Nadu,13.0827,80.2707,05:21,12:23,15:43,18:13,19:21,2025-02-09
India,Tamil Nadu,13.0827,80.2707,05:21,12:23,15:43,18:13,19:21,2025-02-10
India,Tamil Nadu,13.0827,80.2707,05:21,12:23,15:43,18:14,19:22,2025-02-11
India,Tamil Nadu,13.0827,80.2707,05:20,12:23,15:44,18:14,19:22,2025-02-12
India,Tamil Nadu,13.0827,80.2707,05:20,12:23,15:44,18:14,19:22,2025-02-13
India,Tamil Nadu,13.0827,80.2707,05:20,12:23,15:44,18:14,19:22,2025-02-14
India,Tamil Nadu,13.0827,80.2707,05:19,12:23,15:44,18:15,19:22,2025-02-15
India,Tamil Nadu,13.0827,80.2707,05:19,12:23,15:44,18:15,19:23,2025-02-16
India,Tamil Nadu,13.0827,80.2707,05:19,12:23,15:44,18:15,19:23,2025-02-17
India,Tamil Nadu,13.0827,80.2707,05:18,12:23,15:44,18:16,19:23,2025-02-18
India,Tamil Nadu,13.0827,80.2707,05:18,12:23,15:44,18:16,19:23,2025-02-19
India,Tamil Nadu,13.0827,80.2707,05:18,12:23,15:43,18:16,19:23,2025-02-20
India,Tamil Nadu,13.0827,80.2707,05:17,12:22,15:43,18:16,19:23,2025-02-21
India,Tamil Nadu,13.0827,80.2707,05:17,12:22,15:43,18:16,19:24,2025-02-22
India,Tamil Nadu,13.0827,80.2707,05:17,12:22,15:43,18:17,19:24,2025-02-23
India,Tamil Nadu,13.0827,80.2707,05:16,12:22,15:43,18:17,19:24,2025-02-24
India,Tamil Nadu,13.0827,80.2707,05:16,12:22,15:43,18:17,19:24,2025-02-25
India,Tamil Nadu,13.0827,80.2707,05:15,12:22,15:43,18:17,19:24,2025-02-26
India,Tamil Nadu,13.0827,80.2707,05:15,12:22,15:43,18:17,19:24,2025-02-27
India,Tamil Nadu,13.0827,80.2707,05:14,12:21,15:42,18:18,19:24,2025-02-28
India,Tamil Nadu,13.0827,80.2707,05:14,12:21,15:42,18:18,19:24,2025-03-01
India,Tamil Nadu,13.0827,80.2707,05:13,12:21,15:42,18:18,19:25,2025-03-02
India,Tamil Nadu,13.0827,80.2707,05:13,12:21,15:42,18:18,19:25,2025-03-03
India,Tamil Nadu,13.0827,80.2707,05:12,12:21,15:41,18:18,19:25,2025-03-04
India,Tamil Nadu,13.0827,80.2707,05:12,12:20,15:41,18:18,19:25,2025-03-05
India,Tamil Nadu,13.0827,80.2707,05:11,12:20,15:41,18:18,19:25,2025-03-06
India,Tamil Nadu,13.0827,80.2707,05:10,12:20,15:40,18:19,19:25,2025-03-07
India,Tamil Nadu,13.0827,80.2707,05:10,12:20,15:40,18:19,19:25,2025-03-08
India,Tamil Nadu,13.0827,80.2707,05:09,12:19,15:40,18:19,19:25,2025-03-09
India,Tamil Nadu,13.0827,80.2707,05:09,12:19,15:39,18:19,19:25,2025-03-10
India,Tamil Nadu,13.0827,80.2707,05:08,12:19,15:39,18:19,19:25,2025-03-11
India,Tamil Nadu,13.0827,80.2707,05:07,12:19,15:39,18:19,19:26,2025-03-12
India,Tamil Nadu,13.0827,80.2707,05:07,12:18,15:38,18:19,19:26,2025-03-13
India,Tamil Nadu,13.0827,80.2707,05:06,12:18,15:38,18:19,19:26,2025-03-14
India,Tamil Nadu,13.0827,80.2707,05:05,12:18,15:37,18:19,19:26,2025-03-15
India,Tamil Nadu,13.0827,80.2707,05:05,12:17,15:37,18:19,19:26,2025-03-16
India,Tamil Nadu,13.0827,80.2707,05:04,12:17,15:36,18:20,19:26,2025-03-17
India,Tamil Nadu,13.0827,80.2707,05:03,12:17,15:36,18:20,19:26,2025-03-18
India,Tamil Nadu,13.0827,80.2707,05:03,12:17,15:35,18:20,19:26,2025-03-19
India,Tamil Nadu,13.0827,80.2707,05:02,12:16,15:35,18:20,19:26,2025-03-20
India,Tamil Nadu,13.0827,80.2707,05:01,12:16,15:34,18:20,19:26,2025-03-21
India,Tamil Nadu,13.0827,80.2707,05:01,12:16,15:34,18:20,19:26,2025-03-22
India,Tamil Nadu,13.0827,80.2707,05:00,12:15,15:33,18:20,19:27,2025-03-23
India,Tamil Nadu,13.0827,80.2707,04:59,12:15,15:33,18:20,19:27,2025-03-24
India,Tamil Nadu,13.0827,80.2707,04:59,12:15,15:32,18:20,19:27,2025-03-25
India,Tamil Nadu,13.0827,80.2707,04:58,12:14,15:32,18:20,19:27,2025-03-26
India,Tamil Nadu,13.0827,80.2707,04:57,12:14,15:31,18:20,19:27,2025-03-27
India,Tamil Nadu,13.0827,80.2707,04:56,12:14,15:30,18:20,19:27,2025-03-28
India,Tamil Nadu,13.0827,80.2707,04:56,12:14,15:30,18:20,19:27,2025-03-29
India,Tamil Nadu,13.0827,80.2707,04:55,12:13,15:29,18:20,19:27,2025-03-30
India,Tamil Nadu,13.0827,80.2707,04:54,12:13,15:29,18:21,19:27,2025-03-31
India,Tamil Nadu,13.0827,80.2707,04:54,12:13,15:28,18:21,19:28,2025-04-01
India,Tamil Nadu,13.0827,80.2707,04:53,12:12,15:27,18:21,19:28,2025-04-02
India,Tamil Nadu,13.0827,80.2707,04:52,12:12,15:27,18:21,19:28,2025-04-03
India,Tamil Nadu,13.0827,80.2707,04:51,12:12,15:26,18:21,19:28,2025-04-04
India,Tamil Nadu,13.0827,80.2707,04:51,12:11,15:25,18:21,19:28,2025-04-05
India,Tamil Nadu,13.0827,80.2707,04:50,12:11,15:25,18:21,19:28,2025-04-06
India,Tamil Nadu,13.0827,80.2707,04:49,12:11,15:24,18:21,19:28,2025-04-07
India,Tamil Nadu,13.0827,80.2707,04:49,12:11,15:23,18:21,19:29,2025-04-08
India,Tamil Nadu,13.0827,80.2707,04:48,12:10,15:23,18:21,19:29,2025-04-09
India,Tamil Nadu,13.0827,80.2707,04:47,12:10,15:22,18:21,19:29,2025-04-10
India,Tamil Nadu,13.0827,80.2707,04:46,12:10,15:21,18:21,19:29,2025-04-11
India,Tamil Nadu,13.0827,80.2707,04:46,12:10,15:21,18:21,19:29,2025-04-12
India,Tamil Nadu,13.0827,80.2707,04:45,12:09,15:20,18:22,19:29,2025-04-13
India,Tamil Nadu,13.0827,80.2707,04:44,12:09,15:19,18:22,19:30,2025-04-14
India,Tamil Nadu,13.0827,80.2707,04:44,12:09,15:18,18:22,19:30,2025-04-15
India,Tamil Nadu,13.0827,80.2707,04:43,12:09,15:18,18:22,19:30,2025-04-16
India,Tamil Nadu,13.0827,80.2707,04:42,12:08,15:17,18:22,19:30,2025-04-17
India,Tamil Nadu,13.0827,80.2707,04:42,12:08,15:16,18:22,19:30,2025-04-18
India,Tamil Nadu,13.0827,80.2707,04:41,12:08,15:16,18:22,19:31,2025-04-19
India,Tamil Nadu,13.0827,80.2707,04:40,12:08,15:15,18:22,19:31,2025-04-20
India,Tamil Nadu,13.0827,80.2707,04:40,12:08,15:14,18:22,19:31,2025-04-21
India,Tamil Nadu,13.0827,80.2707,04:39,12:07,15:13,18:23,19:31,2025-04-22
India,Tamil Nadu,13.0827,80.2707,04:38,12:07,15:13,18:23,19:32,2025-04-23
India,Tamil Nadu,13.0827,80.2707,04:38,12:07,15:12,18:23,19:32,2025-04-24
India,Tamil Nadu,13.0827,80.2707,04:37,12:07,15:13,18:23,19:32,2025-04-25
India,Tamil Nadu,13.0827,80.2707,04:36,12:07,15:13,18:23,19:33,2025-04-26
India,Tamil Nadu,13.0827,80.2707,04:36,12:06,15:14,18:23,19:33,2025-04-27
India,Tamil Nadu,13.0827,80.2707,04:35,12:06,15:15,18:24,19:33,2025-04-28
India,Tamil Nadu,13.0827,80.2707,04:35,12:06,15:15,18:24,19:33,2025-04-29
India,Tamil Nadu,13.0827,80.2707,04:34,12:06,15:16,18:24,19:34,2025-04-30
India,Tamil Nadu,13.0827,80.2707,04:34,12:06,15:16,18:24,19:34,2025-05-01
India,Tamil Nadu,13.0827,80.2707,04:33,12:06,15:17,18:24,19:34,2025-05-02
India,Tamil Nadu,13.0827,80.2707,04:32,12:06,15:17,18:25,19:35,2025-05-03
India,Tamil Nadu,13.0827,80.2707,04:32,12:06,15:18,18:25,19:35,2025-05-04
India,Tamil Nadu,13.0827,80.2707,04:31,12:06,15:18,18:25,19:35,2025-05-05
India,Tamil Nadu,13.0827,80.2707,04:31,12:06,15:19,18:25,19:36,2025-05-06
India,Tamil Nadu,13.0827,80.2707,04:30,12:05,15:20,18:25,19:36,2025-05-07
India,Tamil Nadu,13.0827,80.2707,04:30,12:05,15:20,18:26,19:36,2025-05-08
India,Tamil Nadu,13.0827,80.2707,04:29,12:05,15:21,18:26,19:37,2025-05-09
India,Tamil Nadu,13.0827,80.2707,04:29,12:05,15:21,18:26,19:37,2025-05-10
India,Tamil Nadu,13.0827,80.2707,04:29,12:05,15:22,18:26,19:38,2025-05-11
India,Tamil Nadu,13.0827,80.2707,04:28,12:05,15:22,18:27,19:38,2025-05-12
India,Tamil Nadu,13.0827,80.2707,04:28,12:05,15:23,18:27,19:38,2025-05-13
India,Tamil Nadu,13.0827,80.2707,04:27,12:05,15:23,18:27,19:39,2025-05-14
India,Tamil Nadu,13.0827,80.2707,04:27,12:05,15:24,18:27,19:39,2025-05-15
India,Tamil Nadu,13.0827,80.2707,04:27,12:05,15:24,18:28,19:39,2025-05-16
India,Tamil Nadu,13.0827,80.2707,04:26,12:05,15:24,18:28,19:40,2025-05-17
India,Tamil Nadu,13.0827,80.2707,04:26,12:05,15:25,18:28,19:40,2025-05-18
India,Tamil Nadu,13.0827,80.2707,04:26,12:05,15:25,18:28,19:41,2025-05-19
India,Tamil Nadu,13.0827,80.2707,04:25,12:05,15:26,18:29,19:41,2025-05-20
India,Tamil Nadu,13.0827,80.2707,04:25,12:06,15:26,18:29,19:41,2025-05-21
India,Tamil Nadu,13.0827,80.2707,04:25,12:06,15:27,18:29,19:42,2025-05-22
India,Tamil Nadu,13.0827,80.2707,04:25,12:06,15:27,18:30,19:42,2025-05-23
India,Tamil Nadu,13.0827,80.2707,04:24,12:06,15:28,18:30,19:43,2025-05-24
India,Tamil Nadu,13.0827,80.2707,04:24,12:06,15:28,18:30,19:43,2025-05-25
India,Tamil Nadu,13.0827,80.2707,04:24,12:06,15:28,18:30,19:43,2025-05-26
India,Tamil Nadu,13.0827,80.2707,04:24,12:06,15:29,18:31,19:44,2025-05-27
India,Tamil Nadu,13.0827,80.2707,04:24,12:06,15:29,18:31,19:44,2025-05-28
India,Tamil Nadu,13.0827,80.2707,04:23,12:06,15:30,18:31,19:45,2025-05-29
India,Tamil Nadu,13.0827,80.2707,04:23,12:07,15:30,18:32,19:45,2025-05-30
India,Tamil Nadu,13.0827,80.2707,04:23,12:07,15:30,18:32,19:45,2025-05-31
India,Tamil Nadu,13.0827,80.2707,04:23,12:07,15:31,18:32,19:46,2025-06-01
India,Tamil Nadu,13.0827,80.2707,04:23,12:07,15:31,18:33,19:46,2025-06-02
India,Tamil Nadu,13.0827,80.2707,04:23,12:07,15:32,18:33,19:47,2025-06-03
India,Tamil Nadu,13.0827,80.2707,04:23,12:07,15:32,18:33,19:47,2025-06-04
India,Tamil Nadu,13.0827,80.2707,04:23,12:08,15:32,18:33,19:47,2025-06-05
India,Tamil Nadu,13.0827,80.2707,04:23,12:08,15:33,18:34,19:48,2025-06-06
India,Tamil Nadu,13.0827,80.2707,04:23,12:08,15:33,18:34,19:48,2025-06-07
India,Tamil Nadu,13.0827,80.2707,04:23,12:08,15:33,18:34,19:48,2025-06-08
India,Tamil Nadu,13.0827,80.2707,04:23,12:08,15:34,18:35,19:49,2025-06-09
India,Tamil Nadu,13.0827,80.2707,04:23,12:08,15:34,18:35,19:49,2025-06-10
India,Tamil Nadu,13.0827,80.2707,04:23,12:09,15:34,18:35,19:49,2025-06-11
India,Tamil Nadu,13.0827,80.2707,04:23,12:09,15:35,18:36,19:50,2025-06-12
India,Tamil Nadu,13.0827,80.2707,04:23,12:09,15:35,18:36,19:50,2025-06-13
India,Tamil Nadu,13.0827,80.2707,04:24,12:09,15:35,18:36,19:50,2025-06-14
India,Tamil Nadu,13.0827,80.2707,04:24,12:10,15:36,18:36,19:51,2025-06-15
India,Tamil Nadu,13.0827,80.2707,04:24,12:10,15:36,18:37,19:51,2025-06-16
India,Tamil Nadu,13.0827,80.2707,04:24,12:10,15:36,18:37,19:51,2025-06-17
India,Tamil Nadu,13.0827,80.2707,04:24,12:10,15:36,18:37,19:51,2025-06-18
India,Tamil Nadu,13.0827,80.2707,04:24,12:10,15:37,18:37,19:52,2025-06-19
India,Tamil Nadu,13.0827,80.2707,04:25,12:11,15:37,18:38,19:52,2025-06-20
India,Tamil Nadu,13.0827,80.2707,04:25,12:11,15:37,18:38,19:52,2025-06-21
India,Tamil Nadu,13.0827,80.2707,04:25,12:11,15:37,18:38,19:52,2025-06-22
India,Tamil Nadu,13.0827,80.2707,04:25,12:11,15:37,18:38,19:53,2025-06-23
India,Tamil Nadu,13.0827,80.2707,04:25,12:11,15:38,18:38,19:53,2025-06-24
India,Tamil Nadu,13.0827,80.2707,04:26,12:12,15:38,18:38,19:53,2025-06-25
India,Tamil Nadu,13.0827,80.2707,04:26,12:12,15:38,18:39,19:53,2025-06-26
India,Tamil Nadu,13.0827,80.2707,04:26,12:12,15:38,18:39,19:53,2025-06-27
India,Tamil Nadu,13.0827,80.2707,04:27,12:12,15:38,18:39,19:53,2025-06-28
India,Tamil Nadu,13.0827,80.2707,04:27,12:13,15:38,18:39,19:53,2025-06-29
India,Tamil Nadu,13.0827,80.2707,04:27,12:13,15:38,18:39,19:53,2025-06-30
India,Tamil Nadu,13.0827,80.2707,04:28,12:13,15:38,18:39,19:54,2025-07-01
India,Tamil Nadu,13.0827,80.2707,04:28,12:13,15:39,18:39,19:54,2025-07-02
India,Tamil Nadu,13.0827,80.2707,04:28,12:13,15:39,18:40,19:54,2025-07-03
India,Tamil Nadu,13.0827,80.2707,04:29,12:13,15:39,18:40,19:54,2025-07-04
India,Tamil Nadu,13.0827,80.2707,04:29,12:14,15:39,18:40,19:54,2025-07-05
India,Tamil Nadu,13.0827,80.2707,04:29,12:14,15:39,18:40,19:54,2025-07-06
India,Tamil Nadu,13.0827,80.2707,04:30,12:14,15:39,18:40,19:54,2025-07-07
India,Tamil Nadu,13.0827,80.2707,04:30,12:14,15:39,18:40,19:54,2025-07-08
India,Tamil Nadu,13.0827,80.2707,04:30,12:14,15:38,18:40,19:53,2025-07-09
India,Tamil Nadu,13.0827,80.2707,04:31,12:14,15:38,18:40,19:53,2025-07-10
India,Tamil Nadu,13.0827,80.2707,04:31,12:15,15:38,18:40,19:53,2025-07-11
India,Tamil Nadu,13.0827,80.2707,04:32,12:15,15:38,18:40,19:53,2025-07-12
India,Tamil Nadu,13.0827,80.2707,04:32,12:15,15:38,18:40,19:53,2025-07-13
India,Tamil Nadu,13.0827,80.2707,04:32,12:15,15:38,18:40,19:53,2025-07-14
India,Tamil Nadu,13.0827,80.2707,04:33,12:15,15:38,18:40,19:53,2025-07-15
India,Tamil Nadu,13.0827,80.2707,04:33,12:15,15:37,18:39,19:52,2025-07-16
India,Tamil Nadu,13.0827,80.2707,04:33,12:15,15:37,18:39,19:52,2025-07-17
India,Tamil Nadu,13.0827,80.2707,04:34,12:15,15:37,18:39,19:52,2025-07-18
India,Tamil Nadu,13.0827,80.2707,04:34,12:15,15:37,18:39,19:52,2025-07-19
India,Tamil Nadu,13.0827,80.2707,04:35,12:15,15:36,18:39,19:52,2025-07-20
India,Tamil Nadu,13.0827,80.2707,04:35,12:15,15:36,18:39,19:51,2025-07-21
India,Tamil Nadu,13.0827,80.2707,04:35,12:15,15:36,18:39,19:51,2025-07-22
India,Tamil Nadu,13.0827,80.2707,04:36,12:15,15:35,18:38,19:51,2025-07-23
India,Tamil Nadu,13.0827,80.2707,04:36,12:15,15:35,18:38,19:50,2025-07-24
India,Tamil Nadu,13.0827,80.2707,04:36,12:15,15:35,18:38,19:50,2025-07-25
India,Tamil Nadu,13.0827,80.2707,04:37,12:15,15:34,18:38,19:50,2025-07-26
India,Tamil Nadu,13.0827,80.2707,04:37,12:15,15:34,18:37,19:49,2025-07-27
India,Tamil Nadu,13.0827,80.2707,04:38,12:15,15:33,18:37,19:49,2025-07-28
India,Tamil Nadu,13.0827,80.2707,04:38,12:15,15:33,18:37,19:48,2025-07-29
India,Tamil Nadu,13.0827,80.2707,04:38,12:15,15:32,18:37,19:48,2025-07-30
India,Tamil Nadu,13.0827,80.2707,04:39,12:15,15:32,18:36,19:48,2025-07-31
India,Tamil Nadu,13.0827,80.2707,04:39,12:15,15:31,18:36,19:47,2025-08-01
India,Tamil Nadu,13.0827,80.2707,04:39,12:15,15:30,18:36,19:47,2025-08-02
India,Tamil Nadu,13.0827,80.2707,04:40,12:15,15:30,18:35,19:46,2025-08-03
India,Tamil Nadu,13.0827,80.2707,04:40,12:15,15:29,18:35,19:46,2025-08-04
India,Tamil Nadu,13.0827,80.2707,04:40,12:15,15:28,18:35,19:45,2025-08-05
India,Tamil Nadu,13.0827,80.2707,04:41,12:15,15:28,18:34,19:45,2025-08-06
India,Tamil Nadu,13.0827,80.2707,04:41,12:15,15:27,18:34,19:44,2025-08-07
India,Tamil Nadu,13.0827,80.2707,04:41,12:15,15:26,18:33,19:43,2025-08-08
India,Tamil Nadu,13.0827,80.2707,04:41,12:14,15:25,18:33,19:43,2025-08-09
India,Tamil Nadu,13.0827,80.2707,04:42,12:14,15:25,18:32,19:42,2025-08-10
India,Tamil Nadu,13.0827,80.2707,04:42,12:14,15:24,18:32,19:42,2025-08-11
India,Tamil Nadu,13.0827,80.2707,04:42,12:14,15:23,18:31,19:41,2025-08-12
India,Tamil Nadu,13.0827,80.2707,04:43,12:14,15:22,18:31,19:41,2025-08-13
India,Tamil Nadu,13.0827,80.2707,04:43,12:14,15:21,18:30,19:40,2025-08-14
India,Tamil Nadu,13.0827,80.2707,04:43,12:13,15:20,18:30,19:39,2025-08-15
India,Tamil Nadu,13.0827,80.2707,04:43,12:13,15:19,18:29,19:39,2025-08-16
India,Tamil Nadu,13.0827,80.2707,04:44,12:13,15:18,18:29,19:38,2025-08-17
India,Tamil Nadu,13.0827,80.2707,04:44,12:13,15:18,18:28,19:37,2025-08-18
India,Tamil Nadu,13.0827,80.2707,04:44,12:12,15:18,18:28,19:37,2025-08-19
India,Tamil Nadu,13.0827,80.2707,04:44,12:12,15:19,18:27,19:36,2025-08-20
India,Tamil Nadu,13.0827,80.2707,04:44,12:12,15:19,18:27,19:35,2025-08-21
India,Tamil Nadu,13.0827,80.2707,04:45,12:12,15:19,18:26,19:35,2025-08-22
India,Tamil Nadu,13.0827,80.2707,04:45,12:11,15:19,18:25,19:34,2025-08-23
India,Tamil Nadu,13.0827,80.2707,04:45,12:11,15:20,18:25,19:33,2025-08-24
India,Tamil Nadu,13.0827,80.2707,04:45,12:11,15:20,18:24,19:32,2025-08-25
India,Tamil Nadu,13.0827,80.2707,04:45,12:11,15:20,18:24,19:32,2025-08-26
India,Tamil Nadu,13.0827,80.2707,04:45,12:10,15:20,18:23,19:31,2025-08-27
India,Tamil Nadu,13.0827,80.2707,04:46,12:10,15:20,18:22,19:30,2025-08-28
India,Tamil Nadu,13.0827,80.2707,04:46,12:10,15:21,18:22,19:29,2025-08-29
India,Tamil Nadu,13.0827,80.2707,04:46,12:09,15:21,18:21,19:29,2025-08-30
India,Tamil Nadu,13.0827,80.2707,04:46,12:09,15:21,18:20,19:28,2025-08-31
India,Tamil Nadu,13.0827,80.2707,04:46,12:09,15:21,18:20,19:27,2025-09-01
India,Tamil Nadu,13.0827,80.2707,04:46,12:08,15:21,18:19,19:26,2025-09-02
India,Tamil Nadu,13.0827,80.2707,04:46,12:08,15:21,18:18,19:26,2025-09-03
India,Tamil Nadu,13.0827,80.2707,04:46,12:08,15:21,18:18,19:25,2025-09-04
India,Tamil Nadu,13.0827,80.2707,04:47,12:07,15:21,18:17,19:24,2025-09-05
India,Tamil Nadu,13.0827,80.2707,04:47,12:07,15:21,18:16,19:23,2025-09-06
India,Tamil Nadu,13.0827,80.2707,04:47,12:07,15:21,18:16,19:23,2025-09-07
India,Tamil Nadu,13.0827,80.2707,04:47,12:06,15:21,18:15,19:22,2025-09-08
India,Tamil Nadu,13.0827,80.2707,04:47,12:06,15:21,18:14,19:21,2025-09-09
India,Tamil Nadu,13.0827,80.2707,04:47,12:06,15:21,18:13,19:20,2025-09-10
India,Tamil Nadu,13.0827,80.2707,04:47,12:05,15:21,18:13,19:20,2025-09-11
India,Tamil Nadu,13.0827,80.2707,04:47,12:05,15:21,18:12,19:19,2025-09-12
India,Tamil Nadu,13.0827,80.2707,04:47,12:05,15:21,18:11,19:18,2025-09-13
India,Tamil Nadu,13.0827,80.2707,04:47,12:04,15:21,18:11,19:17,2025-09-14
India,Tamil Nadu,13.0827,80.2707,04:47,12:04,15:21,18:10,19:17,2025-09-15
India,Tamil Nadu,13.0827,80.2707,04:47,12:04,15:21,18:09,19:16,2025-09-16
India,Tamil Nadu,13.0827,80.2707,04:47,12:03,15:21,18:08,19:15,2025-09-17
India,Tamil Nadu,13.0827,80.2707,04:47,12:03,15:21,18:08,19:14,2025-09-18
India,Tamil Nadu,13.0827,80.2707,04:47,12:03,15:21,18:07,19:14,2025-09-19
India,Tamil Nadu,13.0827,80.2707,04:47,12:02,15:20,18:06,19:13,2025-09-20
India,Tamil Nadu,13.0827,80.2707,04:47,12:02,15:20,18:06,19:12,2025-09-21
India,Tamil Nadu,13.0827,80.2707,04:47,12:01,15:20,18:05,19:11,2025-09-22
India,Tamil Nadu,13.0827,80.2707,04:47,12:01,15:20,18:04,19:11,2025-09-23
India,Tamil Nadu,13.0827,80.2707,04:48,12:01,15:20,18:03,19:10,2025-09-24
India,Tamil Nadu,13.0827,80.2707,04:48,12:00,15:20,18:03,19:09,2025-09-25
India,Tamil Nadu,13.0827,80.2707,04:48,12:00,15:20,18:02,19:08,2025-09-26
India,Tamil Nadu,13.0827,80.2707,04:48,12:00,15:19,18:01,19:08,2025-09-27
India,Tamil Nadu,13.0827,80.2707,04:48,11:59,15:19,18:01,19:07,2025-09-28
India,Tamil Nadu,13.0827,80.2707,04:48,11:59,15:19,18:00,19:06,2025-09-29
India,Tamil Nadu,13.0827,80.2707,04:48,11:59,15:19,17:59,19:06,2025-09-30
India,Tamil Nadu,13.0827,80.2707,04:48,11:58,15:19,17:59,19:05,2025-10-01
India,Tamil Nadu,13.0827,80.2707,04:48,11:58,15:18,17:58,19:04,2025-10-02
India,Tamil Nadu,13.0827,80.2707,04:48,11:58,15:18,17:57,19:04,2025-10-03
India,Tamil Nadu,13.0827,80.2707,04:48,11:57,15:18,17:57,19:03,2025-10-04
India,Tamil Nadu,13.0827,80.2707,04:48,11:57,15:18,17:56,19:02,2025-10-05
India,Tamil Nadu,13.0827,80.2707,04:48,11:57,15:18,17:55,19:02,2025-10-06
India,Tamil Nadu,13.0827,80.2707,04:48,11:57,15:17,17:55,19:01,2025-10-07
India,Tamil Nadu,13.0827,80.2707,04:48,11:56,15:17,17:54,19:01,2025-10-08
India,Tamil Nadu,13.0827,80.2707,04:48,11:56,15:17,17:53,19:00,2025-10-09
India,Tamil Nadu,13.0827,80.2707,04:48,11:56,15:17,17:53,18:59,2025-10-10
India,Tamil Nadu,13.0827,80.2707,04:48,11:56,15:16,17:52,18:59,2025-10-11
India,Tamil Nadu,13.0827,80.2707,04:48,11:55,15:16,17:52,18:58,2025-10-12
India,Tamil Nadu,13.0827,80.2707,04:48,11:55,15:16,17:51,18:58,2025-10-13
India,Tamil Nadu,13.0827,80.2707,04:48,11:55,15:16,17:50,18:57,2025-10-14
India,Tamil Nadu,13.0827,80.2707,04:48,11:55,15:16,17:50,18:57,2025-10-15
India,Tamil Nadu,13.0827,80.2707,04:48,11:54,15:15,17:49,18:56,2025-10-16
India,Tamil Nadu,13.0827,80.2707,04:48,11:54,15:15,17:49,18:56,2025-10-17
India,Tamil Nadu,13.0827,80.2707,04:49,11:54,15:15,17:48,18:55,2025-10-18
India,Tamil Nadu,13.0827,80.2707,04:49,11:54,15:15,17:48,18:55,2025-10-19
India,Tamil Nadu,13.0827,80.2707,04:49,11:54,15:15,17:47,18:54,2025-10-20
India,Tamil Nadu,13.0827,80.2707,04:49,11:53,15:14,17:47,18:54,2025-10-21
India,Tamil Nadu,13.0827,80.2707,04:49,11:53,15:14,17:46,18:53,2025-10-22
India,Tamil Nadu,13.0827,80.2707,04:49,11:53,15:14,17:46,18:53,2025-10-23
India,Tamil Nadu,13.0827,80.2707,04:49,11:53,15:14,17:45,18:53,2025-10-24
India,Tamil Nadu,13.0827,80.2707,04:49,11:53,15:14,17:45,18:52,2025-10-25
India,Tamil Nadu,13.0827,80.2707,04:49,11:53,15:13,17:44,18:52,2025-10-26
India,Tamil Nadu,13.0827,80.2707,04:50,11:53,15:13,17:44,18:52,2025-10-27
India,Tamil Nadu,13.0827,80.2707,04:50,11:53,15:13,17:44,18:51,2025-10-28
India,Tamil Nadu,13.0827,80.2707,04:50,11:53,15:13,17:43,18:51,2025-10-29
India,Tamil Nadu,13.0827,80.2707,04:50,11:53,15:13,17:43,18:51,2025-10-30
India,Tamil Nadu,13.0827,80.2707,04:50,11:53,15:13,17:42,18:51,2025-10-31
India,Tamil Nadu,13.0827,80.2707,04:51,11:52,15:13,17:42,18:50,2025-11-01
India,Tamil Nadu,13.0827,80.2707,04:51,11:52,15:12,17:42,18:50,2025-11-02
India,Tamil Nadu,13.0827,80.2707,04:51,11:52,15:12,17:41,18:50,2025-11-03
India,Tamil Nadu,13.0827,80.2707,04:51,11:52,15:12,17:41,18:50,2025-11-04
India,Tamil Nadu,13.0827,80.2707,04:51,11:53,15:12,17:41,18:49,2025-11-05
India,Tamil Nadu,13.0827,80.2707,04:52,11:53,15:12,17:41,18:49,2025-11-06
India,Tamil Nadu,13.0827,80.2707,04:52,11:53,15:12,17:40,18:49,2025-11-07
India,Tamil Nadu,13.0827,80.2707,04:52,11:53,15:12,17:40,18:49,2025-11-08
India,Tamil Nadu,13.0827,80.2707,04:52,11:53,15:12,17:40,18:49,2025-11-09
India,Tamil Nadu,13.0827,80.2707,04:53,11:53,15:12,17:40,18:49,2025-11-10
India,Tamil Nadu,13.0827,80.2707,04:53,11:53,15:12,17:40,18:49,2025-11-11
India,Tamil Nadu,13.0827,80.2707,04:53,11:53,15:12,17:40,18:49,2025-11-12
India,Tamil Nadu,13.0827,80.2707,04:54,11:53,15:12,17:39,18:49,2025-11-13
India,Tamil Nadu,13.0827,80.2707,04:54,11:53,15:12,17:39,18:49,2025-11-14
India,Tamil Nadu,13.0827,80.2707,04:54,11:54,15:12,17:39,18:49,2025-11-15
India,Tamil Nadu,13.0827,80.2707,04:54,11:54,15:12,17:39,18:49,2025-11-16
India,Tamil Nadu,13.0827,80.2707,04:55,11:54,15:12,17:39,18:49,2025-11-17
India,Tamil Nadu,13.0827,80.2707,04:55,11:54,15:12,17:39,18:49,2025-11-18
India,Tamil Nadu,13.0827,80.2707,04:56,11:54,15:12,17:39,18:49,2025-11-19
India,Tamil Nadu,13.0827,80.2707,04:56,11:55,15:12,17:39,18:49,2025-11-20
India,Tamil Nadu,13.0827,80.2707,04:56,11:55,15:13,17:39,18:49,2025-11-21
India,Tamil Nadu,13.0827,80.2707,04:57,11:55,15:13,17:39,18:49,2025-11-22
India,Tamil Nadu,13.0827,80.2707,04:57,11:55,15:13,17:39,18:49,2025-11-23
India,Tamil Nadu,13.0827,80.2707,04:57,11:56,15:13,17:39,18:50,2025-11-24
India,Tamil Nadu,13.0827,80.2707,04:58,11:56,15:13,17:39,18:50,2025-11-25
India,Tamil Nadu,13.0827,80.2707,04:58,11:56,15:13,17:39,18:50,2025-11-26
India,Tamil Nadu,13.0827,80.2707,04:59,11:57,15:14,17:40,18:50,2025-11-27
India,Tamil Nadu,13.0827,80.2707,04:59,11:57,15:14,17:40,18:51,2025-11-28
India,Tamil Nadu,13.0827,80.2707,05:00,11:57,15:14,17:40,18:51,2025-11-29
India,Tamil Nadu,13.0827,80.2707,05:00,11:58,15:14,17:40,18:51,2025-11-30
India,Tamil Nadu,13.0827,80.2707,05:01,11:58,15:15,17:40,18:51,2025-12-01
India,Tamil Nadu,13.0827,80.2707,05:01,11:58,15:15,17:41,18:52,2025-12-02
India,Tamil Nadu,13.0827,80.2707,05:01,11:59,15:15,17:41,18:52,2025-12-03
India,Tamil Nadu,13.0827,80.2707,05:02,11:59,15:15,17:41,18:52,2025-12-04
India,Tamil Nadu,13.0827,80.2707,05:02,12:00,15:16,17:41,18:53,2025-12-05
India,Tamil Nadu,13.0827,80.2707,05:03,12:00,15:16,17:42,18:53,2025-12-06
India,Tamil Nadu,13.0827,80.2707,05:03,12:01,15:16,17:42,18:53,2025-12-07
India,Tamil Nadu,13.0827,80.2707,05:04,12:01,15:17,17:42,18:54,2025-12-08
India,Tamil Nadu,13.0827,80.2707,05:04,12:01,15:17,17:43,18:54,2025-12-09
India,Tamil Nadu,13.0827,80.2707,05:05,12:02,15:18,17:43,18:55,2025-12-10
India,Tamil Nadu,13.0827,80.2707,05:05,12:02,15:18,17:43,18:55,2025-12-11
India,Tamil Nadu,13.0827,80.2707,05:06,12:03,15:18,17:44,18:55,2025-12-12
India,Tamil Nadu,13.0827,80.2707,05:06,12:03,15:19,17:44,18:56,2025-12-13
India,Tamil Nadu,13.0827,80.2707,05:07,12:04,15:19,17:45,18:56,2025-12-14
India,Tamil Nadu,13.0827,80.2707,05:07,12:04,15:20,17:45,18:57,2025-12-15
India,Tamil Nadu,13.0827,80.2707,05:08,12:05,15:20,17:45,18:57,2025-12-16
India,Tamil Nadu,13.0827,80.2707,05:08,12:05,15:21,17:46,18:58,2025-12-17
India,Tamil Nadu,13.0827,80.2707,05:09,12:06,15:21,17:46,18:58,2025-12-18
India,Tamil Nadu,13.0827,80.2707,05:09,12:06,15:22,17:47,18:59,2025-12-19
India,Tamil Nadu,13.0827,80.2707,05:10,12:07,15:22,17:47,18:59,2025-12-20
India,Tamil Nadu,13.0827,80.2707,05:10,12:07,15:23,17:48,19:00,2025-12-21
India,Tamil Nadu,13.0827,80.2707,05:11,12:08,15:23,17:48,19:00,2025-12-22
India,Tamil Nadu,13.0827,80.2707,05:11,12:08,15:24,17:49,19:01,2025-12-23
India,Tamil Nadu,13.0827,80.2707,05:12,12:09,15:24,17:49,19:01,2025-12-24
India,Tamil Nadu,13.0827,80.2707,05:12,12:09,15:25,17:50,19:02,2025-12-25
India,Tamil Nadu,13.0827,80.2707,05:13,12:10,15:25,17:50,19:02,2025-12-26
India,Tamil Nadu,13.0827,80.2707,05:13,12:10,15:26,17:51,19:03,2025-12-27
India,Tamil Nadu,13.0827,80.2707,05:14,12:11,15:26,17:52,19:03,2025-12-28
India,Tamil Nadu,13.0827,80.2707,05:14,12:11,15:27,17:52,19:04,2025-12-29
India,Tamil Nadu,13.0827,80.2707,05:15,12:12,15:27,17:53,19:04,2025-12-30
India,Tamil Nadu,13.0827,80.2707,05:15,12:12,15:28,17:53,19:05,2025-12-31
India,Telangana,17.385,78.4867,05:29,12:20,15:30,17:53,19:06,2025-01-01
India,Telangana,17.385,78.4867,05:30,12:20,15:31,17:54,19:07,2025-01-02
India,Telangana,17.385,78.4867,05:30,12:21,15:32,17:54,19:07,2025-01-03
India,Telangana,17.385,78.4867,05:30,12:21,15:32,17:55,19:08,2025-01-04
India,Telangana,17.385,78.4867,05:31,12:22,15:33,17:56,19:08,2025-01-05
India,Telangana,17.385,78.4867,05:31,12:22,15:33,17:56,19:09,2025-01-06
India,Telangana,17.385,78.4867,05:31,12:23,15:34,17:57,19:09,2025-01-07
India,Telangana,17.385,78.4867,05:32,12:23,15:34,17:57,19:10,2025-01-08
India,Telangana,17.385,78.4867,05:32,12:23,15:35,17:58,19:10,2025-01-09
India,Telangana,17.385,78.4867,05:32,12:24,15:36,17:59,19:11,2025-01-10
India,Telangana,17.385,78.4867,05:32,12:24,15:36,17:59,19:12,2025-01-11
India,Telangana,17.385,78.4867,05:33,12:25,15:37,18:00,19:12,2025-01-12
India,Telangana,17.385,78.4867,05:33,12:25,15:37,18:01,19:13,2025-01-13
India,Telangana,17.385,78.4867,05:33,12:25,15:38,18:01,19:13,2025-01-14
India,Telangana,17.385,78.4867,05:33,12:26,15:38,18:02,19:14,2025-01-15
India,Telangana,17.385,78.4867,05:33,12:26,15:39,18:02,19:14,2025-01-16
India,Telangana,17.385,78.4867,05:34,12:26,15:39,18:03,19:15,2025-01-17
India,Telangana,17.385,78.4867,05:34,12:27,15:40,18:04,19:15,2025-01-18
India,Telangana,17.385,78.4867,05:34,12:27,15:40,18:04,19:16,2025-01-19
India,Telangana,17.385,78.4867,05:34,12:27,15:41,18:05,19:16,2025-01-20
India,Telangana,17.385,78.4867,05:34,12:27,15:41,18:05,19:17,2025-01-21
India,Telangana,17.385,78.4867,05:34,12:28,15:42,18:06,19:17,2025-01-22
India,Telangana,17.385,78.4867,05:34,12:28,15:42,18:07,19:18,2025-01-23
India,Telangana,17.385,78.4867,05:34,12:28,15:43,18:07,19:18,2025-01-24
India,Telangana,17.385,78.4867,05:34,12:28,15:43,18:08,19:19,2025-01-25
India,Telangana,17.385,78.4867,05:34,12:29,15:44,18:08,19:19,2025-01-26
India,Telangana,17.385,78.4867,05:34,12:29,15:44,18:09,19:20,2025-01-27
India,Telangana,17.385,78.4867,05:34,12:29,15:45,18:09,19:20,2025-01-28
India,Telangana,17.385,78.4867,05:34,12:29,15:45,18:10,19:20,2025-01-29
India,Telangana,17.385,78.4867,05:34,12:29,15:45,18:10,19:21,2025-01-30
India,Telangana,17.385,78.4867,05:33,12:30,15:46,18:11,19:21,2025-01-31
India,Telangana,17.385,78.4867,05:33,12:30,15:46,18:12,19:22,2025-02-01
India,Telangana,17.385,78.4867,05:33,12:30,15:46,18:12,19:22,2025-02-02
India,Telangana,17.385,78.4867,05:33,12:30,15:47,18:13,19:23,2025-02-03
India,Telangana,17.385,78.4867,05:33,12:30,15:47,18:13,19:23,2025-02-04
India,Telangana,17.385,78.4867,05:33,12:30,15:47,18:14,19:23,2025-02-05
India,Telangana,17.385,78.4867,05:32,12:30,15:48,18:14,19:24,2025-02-06
India,Telangana,17.385,78.4867,05:32,12:30,15:48,18:14,19:24,2025-02-07
India,Telangana,17.385,78.4867,05:32,12:30,15:48,18:15,19:24,2025-02-08
India,Telangana,17.385,78.4867,05:31,12:30,15:48,18:15,19:25,2025-02-09
India,Telangana,17.385,78.4867,05:31,12:30,15:49,18:16,19:25,2025-02-10
India,Telangana,17.385,78.4867,05:31,12:30,15:49,18:16,19:25,2025-02-11
India,Telangana,17.385,78.4867,05:30,12:30,15:49,18:17,19:26,2025-02-12
India,Telangana,17.385,78.4867,05:30,12:30,15:49,18:17,19:26,2025-02-13
India,Telangana,17.385,78.4867,05:30,12:30,15:49,18:17,19:26,2025-02-14
India,Telangana,17.385,78.4867,05:29,12:30,15:50,18:18,19:27,2025-02-15
India,Telangana,17.385,78.4867,05:29,12:30,15:50,18:18,19:27,2025-02-16
India,Telangana,17.385,78.4867,05:28,12:30,15:50,18:19,19:27,2025-02-17
India,Telangana,17.385,78.4867,05:28,12:30,15:50,18:19,19:28,2025-02-18
India,Telangana,17.385,78.4867,05:27,12:30,15:50,18:19,19:28,2025-02-19
India,Telangana,17.385,78.4867,05:27,12:30,15:50,18:20,19:28,2025-02-20
India,Telangana,17.385,78.4867,05:26,12:30,15:50,18:20,19:29,2025-02-21
India,Telangana,17.385,78.4867,05:26,12:29,15:50,18:20,19:29,2025-02-22
India,Telangana,17.385,78.4867,05:25,12:29,15:50,18:21,19:29,2025-02-23
India,Telangana,17.385,78.4867,05:25,12:29,15:50,18:21,19:29,2025-02-24
India,Telangana,17.385,78.4867,05:24,12:29,15:50,18:21,19:30,2025-02-25
India,Telangana,17.385,78.4867,05:24,12:29,15:50,18:22,19:30,2025-02-26
India,Telangana,17.385,78.4867,05:23,12:29,15:50,18:22,19:30,2025-02-27
India,Telangana,17.385,78.4867,05:22,12:28,15:50,18:22,19:30,2025-02-28
India,Telangana,17.385,78.4867,05:22,12:28,15:50,18:23,19:31,2025-03-01
India,Telangana,17.385,78.4867,05:21,12:28,15:50,18:23,19:31,2025-03-02
India,Telangana,17.385,78.4867,05:20,12:28,15:50,18:23,19:31,2025-03-03
India,Telangana,17.385,78.4867,05:20,12:28,15:50,18:23,19:31,2025-03-04
India,Telangana,17.385,78.4867,05:19,12:27,15:49,18:24,19:32,2025-03-05
India,Telangana,17.385,78.4867,05:18,12:27,15:49,18:24,19:32,2025-03-06
India,Telangana,17.385,78.4867,05:18,12:27,15:49,18:24,19:32,2025-03-07
India,Telangana,17.385,78.4867,05:17,12:27,15:49,18:24,19:32,2025-03-08
India,Telangana,17.385,78.4867,05:16,12:26,15:49,18:25,19:32,2025-03-09
India,Telangana,17.385,78.4867,05:15,12:26,15:49,18:25,19:33,2025-03-10
India,Telangana,17.385,78.4867,05:15,12:26,15:48,18:25,19:33,2025-03-11
India,Telangana,17.385,78.4867,05:14,12:26,15:48,18:25,19:33,2025-03-12
India,Telangana,17.385,78.4867,05:13,12:25,15:48,18:26,19:33,2025-03-13
India,Telangana,17.385,78.4867,05:12,12:25,15:48,18:26,19:34,2025-03-14
India,Telangana,17.385,78.4867,05:12,12:25,15:47,18:26,19:34,2025-03-15
India,Telangana,17.385,78.4867,05:11,12:25,15:47,18:26,19:34,2025-03-16
India,Telangana,17.385,78.4867,05:10,12:24,15:47,18:26,19:34,2025-03-17
India,Telangana,17.385,78.4867,05:09,12:24,15:46,18:27,19:34,2025-03-18
India,Telangana,17.385,78.4867,05:08,12:24,15:46,18:27,19:35,2025-03-19
India,Telangana,17.385,78.4867,05:08,12:23,15:46,18:27,19:35,2025-03-20
India,Telangana,17.385,78.4867,05:07,12:23,15:45,18:27,19:35,2025-03-21
India,Telangana,17.385,78.4867,05:06,12:23,15:45,18:27,19:35,2025-03-22
India,Telangana,17.385,78.4867,05:05,12:22,15:45,18:28,19:36,2025-03-23
India,Telangana,17.385,78.4867,05:04,12:22,15:44,18:28,19:36,2025-03-24
India,Telangana,17.385,78.4867,05:03,12:22,15:44,18:28,19:36,2025-03-25
India,Telangana,17.385,78.4867,05:03,12:22,15:43,18:28,19:36,2025-03-26
India,Telangana,17.385,78.4867,05:02,12:21,15:43,18:28,19:37,2025-03-27
India,Telangana,17.385,78.4867,05:01,12:21,15:43,18:29,19:37,2025-03-28
India,Telangana,17.385,78.4867,05:00,12:21,15:42,18:29,19:37,2025-03-29
India,Telangana,17.385,78.4867,04:59,12:20,15:42,18:29,19:37,2025-03-30
India,Telangana,17.385,78.4867,04:58,12:20,15:41,18:29,19:38,2025-03-31
India,Telangana,17.385,78.4867,04:57,12:20,15:41,18:29,19:38,2025-04-01
India,Telangana,17.385,78.4867,04:57,12:19,15:40,18:30,19:38,2025-04-02
India,Telangana,17.385,78.4867,04:56,12:19,15:40,18:30,19:38,2025-04-03
India,Telangana,17.385,78.4867,04:55,12:19,15:39,18:30,19:39,2025-04-04
India,Telangana,17.385,78.4867,04:54,12:19,15:39,18:30,19:39,2025-04-05
India,Telangana,17.385,78.4867,04:53,12:18,15:38,18:30,19:39,2025-04-06
India,Telangana,17.385,78.4867,04:52,12:18,15:38,18:31,19:39,2025-04-07
India,Telangana,17.385,78.4867,04:51,12:18,15:37,18:31,19:40,2025-04-08
India,Telangana,17.385,78.4867,04:51,12:18,15:37,18:31,19:40,2025-04-09
India,Telangana,17.385,78.4867,04:50,12:17,15:36,18:31,19:40,2025-04-10
India,Telangana,17.385,78.4867,04:49,12:17,15:36,18:31,19:41,2025-04-11
India,Telangana,17.385,78.4867,04:48,12:17,15:35,18:32,19:41,2025-04-12
India,Telangana,17.385,78.4867,04:47,12:16,15:35,18:32,19:41,2025-04-13
India,Telangana,17.385,78.4867,04:46,12:16,15:34,18:32,19:42,2025-04-14
India,Telangana,17.385,78.4867,04:46,12:16,15:34,18:32,19:42,2025-04-15
India,Telangana,17.385,78.4867,04:45,12:16,15:33,18:32,19:42,2025-04-16
India,Telangana,17.385,78.4867,04:44,12:16,15:33,18:33,19:43,2025-04-17
India,Telangana,17.385,78.4867,04:43,12:15,15:32,18:33,19:43,2025-04-18
India,Telangana,17.385,78.4867,04:42,12:15,15:32,18:33,19:43,2025-04-19
India,Telangana,17.385,78.4867,04:42,12:15,15:31,18:33,19:44,2025-04-20
India,Telangana,17.385,78.4867,04:41,12:15,15:31,18:34,19:44,2025-04-21
India,Telangana,17.385,78.4867,04:40,12:14,15:30,18:34,19:45,2025-04-22
India,Telangana,17.385,78.4867,04:39,12:14,15:29,18:34,19:45,2025-04-23
India,Telangana,17.385,78.4867,04:38,12:14,15:29,18:34,19:45,2025-04-24
India,Telangana,17.385,78.4867,04:38,12:14,15:28,18:35,19:46,2025-04-25
India,Telangana,17.385,78.4867,04:37,12:14,15:28,18:35,19:46,2025-04-26
India,Telangana,17.385,78.4867,04:36,12:14,15:27,18:35,19:47,2025-04-27
India,Telangana,17.385,78.4867,04:36,12:13,15:27,18:36,19:47,2025-04-28
India,Telangana,17.385,78.4867,04:35,12:13,15:26,18:36,19:47,2025-04-29
India,Telangana,17.385,78.4867,04:34,12:13,15:26,18:36,19:48,2025-04-30
India,Telangana,17.385,78.4867,04:33,12:13,15:25,18:36,19:48,2025-05-01
India,Telangana,17.385,78.4867,04:33,12:13,15:25,18:37,19:49,2025-05-02
India,Telangana,17.385,78.4867,04:32,12:13,15:24,18:37,19:49,2025-05-03
India,Telangana,17.385,78.4867,04:31,12:13,15:24,18:37,19:50,2025-05-04
India,Telangana,17.385,78.4867,04:31,12:13,15:23,18:38,19:50,2025-05-05
India,Telangana,17.385,78.4867,04:30,12:13,15:23,18:38,19:51,2025-05-06
India,Telangana,17.385,78.4867,04:30,12:13,15:22,18:38,19:51,2025-05-07
India,Telangana,17.385,78.4867,04:29,12:13,15:22,18:39,19:51,2025-05-08
India,Telangana,17.385,78.4867,04:28,12:12,15:22,18:39,19:52,2025-05-09
India,Telangana,17.385,78.4867,04:28,12:12,15:23,18:39,19:52,2025-05-10
India,Telangana,17.385,78.4867,04:27,12:12,15:23,18:40,19:53,2025-05-11
India,Telangana,17.385,78.4867,04:27,12:12,15:24,18:40,19:53,2025-05-12
India,Telangana,17.385,78.4867,04:26,12:12,15:25,18:40,19:54,2025-05-13
India,Telangana,17.385,78.4867,04:26,12:12,15:25,18:41,19:54,2025-05-14
India,Telangana,17.385,78.4867,04:25,12:12,15:26,18:41,19:55,2025-05-15
India,Telangana,17.385,78.4867,04:25,12:12,15:26,18:41,19:55,2025-05-16
India,Telangana,17.385,78.4867,04:24,12:12,15:27,18:42,19:56,2025-05-17
India,Telangana,17.385,78.4867,04:24,12:13,15:28,18:42,19:56,2025-05-18
India,Telangana,17.385,78.4867,04:24,12:13,15:28,18:42,19:57,2025-05-19
India,Telangana,17.385,78.4867,04:23,12:13,15:29,18:43,19:57,2025-05-20
India,Telangana,17.385,78.4867,04:23,12:13,15:29,18:43,19:58,2025-05-21
India,Telangana,17.385,78.4867,04:22,12:13,15:30,18:43,19:58,2025-05-22
India,Telangana,17.385,78.4867,04:22,12:13,15:30,18:44,19:59,2025-05-23
India,Telangana,17.385,78.4867,04:22,12:13,15:31,18:44,19:59,2025-05-24
India,Telangana,17.385,78.4867,04:22,12:13,15:31,18:45,20:00,2025-05-25
India,Telangana,17.385,78.4867,04:21,12:13,15:32,18:45,20:00,2025-05-26
India,Telangana,17.385,78.4867,04:21,12:13,15:32,18:45,20:01,2025-05-27
India,Telangana,17.385,78.4867,04:21,12:13,15:33,18:46,20:01,2025-05-28
India,Telangana,17.385,78.4867,04:21,12:14,15:33,18:46,20:02,2025-05-29
India,Telangana,17.385,78.4867,04:20,12:14,15:34,18:46,20:02,2025-05-30
India,Telangana,17.385,78.4867,04:20,12:14,15:34,18:47,20:03,2025-05-31
India,Telangana,17.385,78.4867,04:20,12:14,15:35,18:47,20:03,2025-06-01
India,Telangana,17.385,78.4867,04:20,12:14,15:35,18:47,20:04,2025-06-02
India,Telangana,17.385,78.4867,04:20,12:14,15:36,18:48,20:04,2025-06-03
India,Telangana,17.385,78.4867,04:20,12:14,15:36,18:48,20:04,2025-06-04
India,Telangana,17.385,78.4867,04:20,12:15,15:37,18:48,20:05,2025-06-05
India,Telangana,17.385,78.4867,04:20,12:15,15:37,18:49,20:05,2025-06-06
India,Telangana,17.385,78.4867,04:19,12:15,15:37,18:49,20:06,2025-06-07
India,Telangana,17.385,78.4867,04:19,12:15,15:38,18:49,20:06,2025-06-08
India,Telangana,17.385,78.4867,04:19,12:15,15:38,18:50,20:06,2025-06-09
India,Telangana,17.385,78.4867,04:20,12:16,15:39,18:50,20:07,2025-06-10
India,Telangana,17.385,78.4867,04:20,12:16,15:39,18:50,20:07,2025-06-11
India,Telangana,17.385,78.4867,04:20,12:16,15:39,18:51,20:08,2025-06-12
India,Telangana,17.385,78.4867,04:20,12:16,15:40,18:51,20:08,2025-06-13
India,Telangana,17.385,78.4867,04:20,12:16,15:40,18:51,20:08,2025-06-14
India,Telangana,17.385,78.4867,04:20,12:17,15:40,18:52,20:08,2025-06-15
India,Telangana,17.385,78.4867,04:20,12:17,15:40,18:52,20:09,2025-06-16
India,Telangana,17.385,78.4867,04:20,12:17,15:41,18:52,20:09,2025-06-17
India,Telangana,17.385,78.4867,04:20,12:17,15:41,18:52,20:09,2025-06-18
India,Telangana,17.385,78.4867,04:21,12:18,15:41,18:53,20:10,2025-06-19
India,Telangana,17.385,78.4867,04:21,12:18,15:41,18:53,20:10,2025-06-20
India,Telangana,17.385,78.4867,04:21,12:18,15:42,18:53,20:10,2025-06-21
India,Telangana,17.385,78.4867,04:21,12:18,15:42,18:53,20:10,2025-06-22
India,Telangana,17.385,78.4867,04:21,12:18,15:42,18:53,20:10,2025-06-23
India,Telangana,17.385,78.4867,04:22,12:19,15:42,18:54,20:11,2025-06-24
India,Telangana,17.385,78.4867,04:22,12:19,15:42,18:54,20:11,2025-06-25
India,Telangana,17.385,78.4867,04:22,12:19,15:43,18:54,20:11,2025-06-26
India,Telangana,17.385,78.4867,04:23,12:19,15:43,18:54,20:11,2025-06-27
India,Telangana,17.385,78.4867,04:23,12:19,15:43,18:54,20:11,2025-06-28
India,Telangana,17.385,78.4867,04:23,12:20,15:43,18:54,20:11,2025-06-29
India,Telangana,17.385,78.4867,04:24,12:20,15:43,18:54,20:11,2025-06-30
India,Telangana,17.385,78.4867,04:24,12:20,15:43,18:55,20:11,2025-07-01
India,Telangana,17.385,78.4867,04:24,12:20,15:43,18:55,20:11,2025-07-02
India,Telangana,17.385,78.4867,04:25,12:20,15:43,18:55,20:11,2025-07-03
India,Telangana,17.385,78.4867,04:25,12:21,15:43,18:55,20:11,2025-07-04
India,Telangana,17.385,78.4867,04:25,12:21,15:43,18:55,20:11,2025-07-05
India,Telangana,17.385,78.4867,04:26,12:21,15:43,18:55,20:11,2025-07-06
India,Telangana,17.385,78.4867,04:26,12:21,15:43,18:55,20:11,2025-07-07
India,Telangana,17.385,78.4867,04:27,12:21,15:43,18:55,20:11,2025-07-08
India,Telangana,17.385,78.4867,04:27,12:21,15:42,18:55,20:11,2025-07-09
India,Telangana,17.385,78.4867,04:28,12:22,15:42,18:55,20:11,2025-07-10
India,Telangana,17.385,78.4867,04:28,12:22,15:42,18:55,20:10,2025-07-11
India,Telangana,17.385,78.4867,04:28,12:22,15:42,18:54,20:10,2025-07-12
India,Telangana,17.385,78.4867,04:29,12:22,15:42,18:54,20:10,2025-07-13
India,Telangana,17.385,78.4867,04:29,12:22,15:42,18:54,20:10,2025-07-14
India,Telangana,17.385,78.4867,04:30,12:22,15:41,18:54,20:10,2025-07-15
India,Telangana,17.385,78.4867,04:30,12:22,15:41,18:54,20:09,2025-07-16
India,Telangana,17.385,78.4867,04:31,12:22,15:41,18:54,20:09,2025-07-17
India,Telangana,17.385,78.4867,04:31,12:22,15:40,18:54,20:09,2025-07-18
India,Telangana,17.385,78.4867,04:32,12:22,15:40,18:53,20:08,2025-07-19
India,Telangana,17.385,78.4867,04:32,12:22,15:40,18:53,20:08,2025-07-20
India,Telangana,17.385,78.4867,04:33,12:23,15:39,18:53,20:08,2025-07-21
India,Telangana,17.385,78.4867,04:33,12:23,15:39,18:53,20:07,2025-07-22
India,Telangana,17.385,78.4867,04:34,12:23,15:38,18:52,20:07,2025-07-23
India,Telangana,17.385,78.4867,04:34,12:23,15:38,18:52,20:06,2025-07-24
India,Telangana,17.385,78.4867,04:35,12:23,15:37,18:52,20:06,2025-07-25
India,Telangana,17.385,78.4867,04:35,12:23,15:37,18:51,20:05,2025-07-26
India,Telangana,17.385,78.4867,04:35,12:23,15:36,18:51,20:05,2025-07-27
India,Telangana,17.385,78.4867,04:36,12:23,15:35,18:51,20:04,2025-07-28
India,Telangana,17.385,78.4867,04:36,12:23,15:35,18:50,20:04,2025-07-29
India,Telangana,17.385,78.4867,04:37,12:22,15:34,18:50,20:03,2025-07-30
India,Telangana,17.385,78.4867,04:37,12:22,15:33,18:50,20:03,2025-07-31
India,Telangana,17.385,78.4867,04:38,12:22,15:33,18:49,20:02,2025-08-01
India,Telangana,17.385,78.4867,04:38,12:22,15:32,18:49,20:02,2025-08-02
India,Telangana,17.385,78.4867,04:39,12:22,15:31,18:48,20:01,2025-08-03
India,Telangana,17.385,78.4867,04:39,12:22,15:32,18:48,20:01,2025-08-04
India,Telangana,17.385,78.4867,04:40,12:22,15:32,18:47,20:00,2025-08-05
India,Telangana,17.385,78.4867,04:40,12:22,15:32,18:47,19:59,2025-08-06
India,Telangana,17.385,78.4867,04:40,12:22,15:33,18:46,19:59,2025-08-07
India,Telangana,17.385,78.4867,04:41,12:22,15:33,18:46,19:58,2025-08-08
India,Telangana,17.385,78.4867,04:41,12:22,15:33,18:45,19:57,2025-08-09
India,Telangana,17.385,78.4867,04:42,12:21,15:33,18:45,19:57,2025-08-10
India,Telangana,17.385,78.4867,04:42,12:21,15:34,18:44,19:56,2025-08-11
India,Telangana,17.385,78.4867,04:42,12:21,15:34,18:44,19:55,2025-08-12
India,Telangana,17.385,78.4867,04:43,12:21,15:34,18:43,19:54,2025-08-13
India,Telangana,17.385,78.4867,04:43,12:21,15:34,18:42,19:54,2025-08-14
India,Telangana,17.385,78.4867,04:44,12:20,15:34,18:42,19:53,2025-08-15
India,Telangana,17.385,78.4867,04:44,12:20,15:35,18:41,19:52,2025-08-16
India,Telangana,17.385,78.4867,04:44,12:20,15:35,18:40,19:51,2025-08-17
India,Telangana,17.385,78.4867,04:45,12:20,15:35,18:40,19:51,2025-08-18
India,Telangana,17.385,78.4867,04:45,12:20,15:35,18:39,19:50,2025-08-19
India,Telangana,17.385,78.4867,04:45,12:19,15:35,18:38,19:49,2025-08-20
India,Telangana,17.385,78.4867,04:46,12:19,15:35,18:38,19:48,2025-08-21
India,Telangana,17.385,78.4867,04:46,12:19,15:35,18:37,19:47,2025-08-22
India,Telangana,17.385,78.4867,04:46,12:19,15:35,18:36,19:46,2025-08-23
India,Telangana,17.385,78.4867,04:47,12:18,15:35,18:36,19:46,2025-08-24
India,Telangana,17.385,78.4867,04:47,12:18,15:35,18:35,19:45,2025-08-25
India,Telangana,17.385,78.4867,04:47,12:18,15:35,18:34,19:44,2025-08-26
India,Telangana,17.385,78.4867,04:47,12:17,15:35,18:33,19:43,2025-08-27
India,Telangana,17.385,78.4867,04:48,12:17,15:35,18:33,19:42,2025-08-28
India,Telangana,17.385,78.4867,04:48,12:17,15:35,18:32,19:41,2025-08-29
India,Telangana,17.385,78.4867,04:48,12:17,15:35,18:31,19:40,2025-08-30
India,Telangana,17.385,78.4867,04:49,12:16,15:35,18:30,19:40,2025-08-31
India,Telangana,17.385,78.4867,04:49,12:16,15:35,18:30,19:39,2025-09-01
India,Telangana,17.385,78.4867,04:49,12:16,15:35,18:29,19:38,2025-09-02
India,Telangana,17.385,78.4867,04:49,12:15,15:35,18:28,19:37,2025-09-03
India,Telangana,17.385,78.4867,04:50,12:15,15:35,18:27,19:36,2025-09-04
India,Telangana,17.385,78.4867,04:50,12:15,15:35,18:26,19:35,2025-09-05
India,Telangana,17.385,78.4867,04:50,12:14,15:35,18:26,19:34,2025-09-06
India,Telangana,17.385,78.4867,04:50,12:14,15:35,18:25,19:33,2025-09-07
India,Telangana,17.385,78.4867,04:50,12:14,15:34,18:24,19:32,2025-09-08
India,Telangana,17.385,78.4867,04:51,12:13,15:34,18:23,19:32,2025-09-09
India,Telangana,17.385,78.4867,04:51,12:13,15:34,18:22,19:31,2025-09-10
India,Telangana,17.385,78.4867,04:51,12:13,15:34,18:21,19:30,2025-09-11
India,Telangana,17.385,78.4867,04:51,12:12,15:34,18:21,19:29,2025-09-12
India,Telangana,17.385,78.4867,04:51,12:12,15:33,18:20,19:28,2025-09-13
India,Telangana,17.385,78.4867,04:52,12:11,15:33,18:19,19:27,2025-09-14
India,Telangana,17.385,78.4867,04:52,12:11,15:33,18:18,19:26,2025-09-15
India,Telangana,17.385,78.4867,04:52,12:11,15:33,18:17,19:25,2025-09-16
India,Telangana,17.385,78.4867,04:52,12:10,15:32,18:16,19:24,2025-09-17
India,Telangana,17.385,78.4867,04:52,12:10,15:32,18:15,19:23,2025-09-18
India,Telangana,17.385,78.4867,04:52,12:10,15:32,18:15,19:23,2025-09-19
India,Telangana,17.385,78.4867,04:53,12:09,15:32,18:14,19:22,2025-09-20
India,Telangana,17.385,78.4867,04:53,12:09,15:31,18:13,19:21,2025-09-21
India,Telangana,17.385,78.4867,04:53,12:09,15:31,18:12,19:20,2025-09-22
India,Telangana,17.385,78.4867,04:53,12:08,15:31,18:11,19:19,2025-09-23
India,Telangana,17.385,78.4867,04:53,12:08,15:30,18:10,19:18,2025-09-24
India,Telangana,17.385,78.4867,04:53,12:08,15:30,18:10,19:17,2025-09-25
India,Telangana,17.385,78.4867,04:54,12:07,15:30,18:09,19:17,2025-09-26
India,Telangana,17.385,78.4867,04:54,12:07,15:29,18:08,19:16,2025-09-27
India,Telangana,17.385,78.4867,04:54,12:07,15:29,18:07,19:15,2025-09-28
India,Telangana,17.385,78.4867,04:54,12:06,15:29,18:06,19:14,2025-09-29
India,Telangana,17.385,78.4867,04:54,12:06,15:28,18:05,19:13,2025-09-30
India,Telangana,17.385,78.4867,04:54,12:06,15:28,18:05,19:12,2025-10-01
India,Telangana,17.385,78.4867,04:55,12:05,15:28,18:04,19:12,2025-10-02
India,Telangana,17.385,78.4867,04:55,12:05,15:27,18:03,19:11,2025-10-03
India,Telangana,17.385,78.4867,04:55,12:05,15:27,18:02,19:10,2025-10-04
India,Telangana,17.385,78.4867,04:55,12:04,15:27,18:02,19:09,2025-10-05
India,Telangana,17.385,78.4867,04:55,12:04,15:26,18:01,19:09,2025-10-06
India,Telangana,17.385,78.4867,04:55,12:04,15:26,18:00,19:08,2025-10-07
India,Telangana,17.385,78.4867,04:56,12:03,15:25,17:59,19:07,2025-10-08
India,Telangana,17.385,78.4867,04:56,12:03,15:25,17:58,19:06,2025-10-09
India,Telangana,17.385,78.4867,04:56,12:03,15:25,17:58,19:06,2025-10-10
India,Telangana,17.385,78.4867,04:56,12:03,15:24,17:57,19:05,2025-10-11
India,Telangana,17.385,78.4867,04:56,12:02,15:24,17:56,19:04,2025-10-12
India,Telangana,17.385,78.4867,04:56,12:02,15:24,17:56,19:04,2025-10-13
India,Telangana,17.385,78.4867,04:57,12:02,15:23,17:55,19:03,2025-10-14
India,Telangana,17.385,78.4867,04:57,12:02,15:23,17:54,19:02,2025-10-15
India,Telangana,17.385,78.4867,04:57,12:02,15:23,17:53,19:02,2025-10-16
India,Telangana,17.385,78.4867,04:57,12:01,15:22,17:53,19:01,2025-10-17
India,Telangana,17.385,78.4867,04:57,12:01,15:22,17:52,19:01,2025-10-18
India,Telangana,17.385,78.4867,04:58,12:01,15:21,17:52,19:00,2025-10-19
India,Telangana,17.385,78.4867,04:58,12:01,15:21,17:51,18:59,2025-10-20
India,Telangana,17.385,78.4867,04:58,12:01,15:21,17:50,18:59,2025-10-21
India,Telangana,17.385,78.4867,04:58,12:00,15:20,17:50,18:58,2025-10-22
India,Telangana,17.385,78.4867,04:59,12:00,15:20,17:49,18:58,2025-10-23
India,Telangana,17.385,78.4867,04:59,12:00,15:20,17:48,18:57,2025-10-24
India,Telangana,17.385,78.4867,04:59,12:00,15:20,17:48,18:57,2025-10-25
India,Telangana,17.385,78.4867,04:59,12:00,15:19,17:47,18:56,2025-10-26
India,Telangana,17.385,78.4867,05:00,12:00,15:19,17:47,18:56,2025-10-27
India,Telangana,17.385,78.4867,05:00,12:00,15:19,17:46,18:55,2025-10-28
India,Telangana,17.385,78.4867,05:00,12:00,15:18,17:46,18:55,2025-10-29
India,Telangana,17.385,78.4867,05:00,12:00,15:18,17:45,18:55,2025-10-30
India,Telangana,17.385,78.4867,05:01,12:00,15:18,17:45,18:54,2025-10-31
India,Telangana,17.385,78.4867,05:01,12:00,15:18,17:44,18:54,2025-11-01
India,Telangana,17.385,78.4867,05:01,12:00,15:17,17:44,18:54,2025-11-02
India,Telangana,17.385,78.4867,05:02,12:00,15:17,17:44,18:53,2025-11-03
India,Telangana,17.385,78.4867,05:02,12:00,15:17,17:43,18:53,2025-11-04
India,Telangana,17.385,78.4867,05:02,12:00,15:17,17:43,18:53,2025-11-05
India,Telangana,17.385,78.4867,05:03,12:00,15:17,17:42,18:52,2025-11-06
India,Telangana,17.385,78.4867,05:03,12:00,15:16,17:42,18:52,2025-11-07
India,Telangana,17.385,78.4867,05:03,12:00,15:16,17:42,18:52,2025-11-08
India,Telangana,17.385,78.4867,05:04,12:00,15:16,17:42,18:52,2025-11-09
India,Telangana,17.385,78.4867,05:04,12:00,15:16,17:41,18:52,2025-11-10
India,Telangana,17.385,78.4867,05:05,12:00,15:16,17:41,18:51,2025-11-11
India,Telangana,17.385,78.4867,05:05,12:00,15:16,17:41,18:51,2025-11-12
India,Telangana,17.385,78.4867,05:05,12:00,15:16,17:41,18:51,2025-11-13
India,Telangana,17.385,78.4867,05:06,12:01,15:16,17:40,18:51,2025-11-14
India,Telangana,17.385,78.4867,05:06,12:01,15:16,17:40,18:51,2025-11-15
India,Telangana,17.385,78.4867,05:07,12:01,15:16,17:40,18:51,2025-11-16
India,Telangana,17.385,78.4867,05:07,12:01,15:16,17:40,18:51,2025-11-17
India,Telangana,17.385,78.4867,05:07,12:01,15:16,17:40,18:51,2025-11-18
India,Telangana,17.385,78.4867,05:08,12:02,15:16,17:40,18:51,2025-11-19
India,Telangana,17.385,78.4867,05:08,12:02,15:16,17:40,18:51,2025-11-20
India,Telangana,17.385,78.4867,05:09,12:02,15:16,17:39,18:51,2025-11-21
India,Telangana,17.385,78.4867,05:09,12:02,15:16,17:39,18:51,2025-11-22
India,Telangana,17.385,78.4867,05:10,12:03,15:16,17:39,18:51,2025-11-23
India,Telangana,17.385,78.4867,05:10,12:03,15:16,17:39,18:51,2025-11-24
India,Telangana,17.385,78.4867,05:11,12:03,15:16,17:39,18:51,2025-11-25
India,Telangana,17.385,78.4867,05:11,12:03,15:16,17:40,18:51,2025-11-26
India,Telangana,17.385,78.4867,05:12,12:04,15:16,17:40,18:52,2025-11-27
India,Telangana,17.385,78.4867,05:12,12:04,15:16,17:40,18:52,2025-11-28
India,Telangana,17.385,78.4867,05:13,12:05,15:17,17:40,18:52,2025-11-29
India,Telangana,17.385,78.4867,05:13,12:05,15:17,17:40,18:52,2025-11-30
India,Telangana,17.385,78.4867,05:14,12:05,15:17,17:40,18:52,2025-12-01
India,Telangana,17.385,78.4867,05:14,12:06,15:17,17:40,18:53,2025-12-02
India,Telangana,17.385,78.4867,05:15,12:06,15:17,17:40,18:53,2025-12-03
India,Telangana,17.385,78.4867,05:15,12:06,15:18,17:41,18:53,2025-12-04
India,Telangana,17.385,78.4867,05:16,12:07,15:18,17:41,18:53,2025-12-05
India,Telangana,17.385,78.4867,05:16,12:07,15:18,17:41,18:54,2025-12-06
India,Telangana,17.385,78.4867,05:17,12:08,15:19,17:41,18:54,2025-12-07
India,Telangana,17.385,78.4867,05:17,12:08,15:19,17:42,18:54,2025-12-08
India,Telangana,17.385,78.4867,05:18,12:09,15:19,17:42,18:55,2025-12-09
India,Telangana,17.385,78.4867,05:18,12:09,15:20,17:42,18:55,2025-12-10
India,Telangana,17.385,78.4867,05:19,12:09,15:20,17:43,18:56,2025-12-11
India,Telangana,17.385,78.4867,05:20,12:10,15:20,17:43,18:56,2025-12-12
India,Telangana,17.385,78.4867,05:20,12:10,15:21,17:43,18:56,2025-12-13
India,Telangana,17.385,78.4867,05:21,12:11,15:21,17:44,18:57,2025-12-14
India,Telangana,17.385,78.4867,05:21,12:11,15:22,17:44,18:57,2025-12-15
India,Telangana,17.385,78.4867,05:22,12:12,15:22,17:45,18:58,2025-12-16
India,Telangana,17.385,78.4867,05:22,12:12,15:22,17:45,18:58,2025-12-17
India,Telangana,17.385,78.4867,05:23,12:13,15:23,17:46,18:59,2025-12-18
India,Telangana,17.385,78.4867,05:23,12:13,15:23,17:46,18:59,2025-12-19
India,Telangana,17.385,78.4867,05:24,12:14,15:24,17:46,19:00,2025-12-20
India,Telangana,17.385,78.4867,05:24,12:14,15:24,17:47,19:00,2025-12-21
India,Telangana,17.385,78.4867,05:25,12:15,15:25,17:47,19:01,2025-12-22
India,Telangana,17.385,78.4867,05:25,12:15,15:25,17:48,19:01,2025-12-23
India,Telangana,17.385,78.4867,05:26,12:16,15:26,17:49,19:02,2025-12-24
India,Telangana,17.385,78.4867,05:26,12:16,15:26,17:49,19:02,2025-12-25
India,Telangana,17.385,78.4867,05:27,12:17,15:27,17:50,19:03,2025-12-26
India,Telangana,17.385,78.4867,05:27,12:17,15:27,17:50,19:03,2025-12-27
India,Telangana,17.385,78.4867,05:27,12:18,15:28,17:51,19:04,2025-12-28
India,Telangana,17.385,78.4867,05:28,12:18,15:29,17:51,19:04,2025-12-29
India,Telangana,17.385,78.4867,05:28,12:19,15:29,17:52,19:05,2025-12-30
India,Telangana,17.385,78.4867,05:29,12:19,15:30,17:52,19:05,2025-12-31
India,Tripura,23.8315,91.2868,04:47,11:29,14:29,16:50,18:06,2025-01-01
India,Tripura,23.8315,91.2868,04:48,11:29,14:30,16:50,18:06,2025-01-02
India,Tripura,23.8315,91.2868,04:48,11:30,14:31,16:51,18:07,2025-01-03
India,Tripura,23.8315,91.2868,04:48,11:30,14:31,16:52,18:07,2025-01-04
India,Tripura,23.8315,91.2868,04:48,11:30,14:32,16:52,18:08,2025-01-05
India,Tripura,23.8315,91.2868,04:49,11:31,14:33,16:53,18:09,2025-01-06
India,Tripura,23.8315,91.2868,04:49,11:31,14:33,16:54,18:09,2025-01-07
India,Tripura,23.8315,91.2868,04:49,11:32,14:34,16:54,18:10,2025-01-08
India,Tripura,23.8315,91.2868,04:49,11:32,14:35,16:55,18:10,2025-01-09
India,Tripura,23.8315,91.2868,04:49,11:33,14:35,16:56,18:11,2025-01-10
India,Tripura,23.8315,91.2868,04:50,11:33,14:36,16:57,18:12,2025-01-11
India,Tripura,23.8315,91.2868,04:50,11:33,14:37,16:57,18:12,2025-01-12
India,Tripura,23.8315,91.2868,04:50,11:34,14:37,16:58,18:13,2025-01-13
India,Tripura,23.8315,91.2868,04:50,11:34,14:38,16:59,18:14,2025-01-14
India,Tripura,23.8315,91.2868,04:50,11:34,14:39,16:59,18:14,2025-01-15
India,Tripura,23.8315,91.2868,04:50,11:35,14:39,17:00,18:15,2025-01-16
India,Tripura,23.8315,91.2868,04:50,11:35,14:40,17:01,18:16,2025-01-17
India,Tripura,23.8315,91.2868,04:50,11:35,14:40,17:02,18:16,2025-01-18
India,Tripura,23.8315,91.2868,04:50,11:36,14:41,17:02,18:17,2025-01-19
India,Tripura,23.8315,91.2868,04:50,11:36,14:42,17:03,18:17,2025-01-20
India,Tripura,23.8315,91.2868,04:50,11:36,14:42,17:04,18:18,2025-01-21
India,Tripura,23.8315,91.2868,04:50,11:37,14:43,17:04,18:19,2025-01-22
India,Tripura,23.8315,91.2868,04:50,11:37,14:44,17:05,18:19,2025-01-23
India,Tripura,23.8315,91.2868,04:50,11:37,14:44,17:06,18:20,2025-01-24
India,Tripura,23.8315,91.2868,04:50,11:37,14:45,17:07,18:20,2025-01-25
India,Tripura,23.8315,91.2868,04:49,11:37,14:45,17:07,18:21,2025-01-26
India,Tripura,23.8315,91.2868,04:49,11:38,14:46,17:08,18:22,2025-01-27
India,Tripura,23.8315,91.2868,04:49,11:38,14:47,17:09,18:22,2025-01-28
India,Tripura,23.8315,91.2868,04:49,11:38,14:47,17:09,18:23,2025-01-29
India,Tripura,23.8315,91.2868,04:48,11:38,14:48,17:10,18:23,2025-01-30
India,Tripura,23.8315,91.2868,04:48,11:38,14:48,17:11,18:24,2025-01-31
India,Tripura,23.8315,91.2868,04:48,11:38,14:49,17:12,18:25,2025-02-01
India,Tripura,23.8315,91.2868,04:48,11:39,14:49,17:12,18:25,2025-02-02
India,Tripura,23.8315,91.2868,04:47,11:39,14:50,17:13,18:26,2025-02-03
India,Tripura,23.8315,91.2868,04:47,11:39,14:50,17:14,18:26,2025-02-04
India,Tripura,23.8315,91.2868,04:46,11:39,14:51,17:14,18:27,2025-02-05
India,Tripura,23.8315,91.2868,04:46,11:39,14:51,17:15,18:27,2025-02-06
India,Tripura,23.8315,91.2868,04:46,11:39,14:52,17:15,18:28,2025-02-07
India,Tripura,23.8315,91.2868,04:45,11:39,14:52,17:16,18:29,2025-02-08
India,Tripura,23.8315,91.2868,04:45,11:39,14:52,17:17,18:29,2025-02-09
India,Tripura,23.8315,91.2868,04:44,11:39,14:53,17:17,18:30,2025-02-10
India,Tripura,23.8315,91.2868,04:44,11:39,14:53,17:18,18:30,2025-02-11
India,Tripura,23.8315,91.2868,04:43,11:39,14:54,17:19,18:31,2025-02-12
India,Tripura,23.8315,91.2868,04:42,11:39,14:54,17:19,18:31,2025-02-13
India,Tripura,23.8315,91.2868,04:42,11:39,14:54,17:20,18:32,2025-02-14
India,Tripura,23.8315,91.2868,04:41,11:39,14:55,17:20,18:32,2025-02-15
India,Tripura,23.8315,91.2868,04:41,11:39,14:55,17:21,18:33,2025-02-16
India,Tripura,23.8315,91.2868,04:40,11:39,14:55,17:22,18:33,2025-02-17
India,Tripura,23.8315,91.2868,04:39,11:39,14:56,17:22,18:34,2025-02-18
India,Tripura,23.8315,91.2868,04:39,11:39,14:56,17:23,18:34,2025-02-19
India,Tripura,23.8315,91.2868,04:38,11:38,14:56,17:23,18:35,2025-02-20
India,Tripura,23.8315,91.2868,04:37,11:38,14:57,17:24,18:35,2025-02-21
India,Tripura,23.8315,91.2868,04:37,11:38,14:57,17:24,18:36,2025-02-22
India,Tripura,23.8315,91.2868,04:36,11:38,14:57,17:25,18:36,2025-02-23
India,Tripura,23.8315,91.2868,04:35,11:38,14:57,17:25,18:36,2025-02-24
India,Tripura,23.8315,91.2868,04:34,11:38,14:57,17:26,18:37,2025-02-25
India,Tripura,23.8315,91.2868,04:34,11:38,14:58,17:26,18:37,2025-02-26
India,Tripura,23.8315,91.2868,04:33,11:37,14:58,17:27,18:38,2025-02-27
India,Tripura,23.8315,91.2868,04:32,11:37,14:58,17:27,18:38,2025-02-28
India,Tripura,23.8315,91.2868,04:31,11:37,14:58,17:28,18:39,2025-03-01
India,Tripura,23.8315,91.2868,04:30,11:37,14:58,17:28,18:39,2025-03-02
India,Tripura,23.8315,91.2868,04:29,11:37,14:58,17:29,18:40,2025-03-03
India,Tripura,23.8315,91.2868,04:28,11:36,14:58,17:29,18:40,2025-03-04
India,Tripura,23.8315,91.2868,04:28,11:36,14:58,17:30,18:40,2025-03-05
India,Tripura,23.8315,91.2868,04:27,11:36,14:58,17:30,18:41,2025-03-06
India,Tripura,23.8315,91.2868,04:26,11:36,14:59,17:31,18:41,2025-03-07
India,Tripura,23.8315,91.2868,04:25,11:35,14:59,17:31,18:42,2025-03-08
India,Tripura,23.8315,91.2868,04:24,11:35,14:59,17:31,18:42,2025-03-09
India,Tripura,23.8315,91.2868,04:23,11:35,14:59,17:32,18:43,2025-03-10
India,Tripura,23.8315,91.2868,04:22,11:35,14:59,17:32,18:43,2025-03-11
India,Tripura,23.8315,91.2868,04:21,11:34,14:59,17:33,18:44,2025-03-12
India,Tripura,23.8315,91.2868,04:20,11:34,14:59,17:33,18:44,2025-03-13
India,Tripura,23.8315,91.2868,04:19,11:34,14:59,17:34,18:44,2025-03-14
India,Tripura,23.8315,91.2868,04:18,11:34,14:59,17:34,18:45,2025-03-15
India,Tripura,23.8315,91.2868,04:17,11:33,14:58,17:34,18:45,2025-03-16
India,Tripura,23.8315,91.2868,04:16,11:33,14:58,17:35,18:46,2025-03-17
India,Tripura,23.8315,91.2868,04:15,11:33,14:58,17:35,18:46,2025-03-18
India,Tripura,23.8315,91.2868,04:14,11:32,14:58,17:36,18:47,2025-03-19
India,Tripura,23.8315,91.2868,04:13,11:32,14:58,17:36,18:47,2025-03-20
India,Tripura,23.8315,91.2868,04:12,11:32,14:58,17:36,18:47,2025-03-21
India,Tripura,23.8315,91.2868,04:11,11:32,14:58,17:37,18:48,2025-03-22
India,Tripura,23.8315,91.2868,04:10,11:31,14:58,17:37,18:48,2025-03-23
India,Tripura,23.8315,91.2868,04:09,11:31,14:58,17:38,18:49,2025-03-24
India,Tripura,23.8315,91.2868,04:08,11:31,14:57,17:38,18:49,2025-03-25
India,Tripura,23.8315,91.2868,04:07,11:30,14:57,17:38,18:50,2025-03-26
India,Tripura,23.8315,91.2868,04:06,11:30,14:57,17:39,18:50,2025-03-27
India,Tripura,23.8315,91.2868,04:04,11:30,14:57,17:39,18:51,2025-03-28
India,Tripura,23.8315,91.2868,04:03,11:29,14:57,17:40,18:51,2025-03-29
India,Tripura,23.8315,91.2868,04:02,11:29,14:56,17:40,18:52,2025-03-30
India,Tripura,23.8315,91.2868,04:01,11:29,14:56,17:40,18:52,2025-03-31
India,Tripura,23.8315,91.2868,04:00,11:29,14:56,17:41,18:53,2025-04-01
India,Tripura,23.8315,91.2868,03:59,11:28,14:56,17:41,18:53,2025-04-02
India,Tripura,23.8315,91.2868,03:58,11:28,14:56,17:42,18:54,2025-04-03
India,Tripura,23.8315,91.2868,03:57,11:28,14:55,17:42,18:54,2025-04-04
India,Tripura,23.8315,91.2868,03:56,11:27,14:55,17:42,18:55,2025-04-05
India,Tripura,23.8315,91.2868,03:55,11:27,14:55,17:43,18:55,2025-04-06
India,Tripura,23.8315,91.2868,03:54,11:27,14:55,17:43,18:56,2025-04-07
India,Tripura,23.8315,91.2868,03:53,11:27,14:54,17:44,18:56,2025-04-08
India,Tripura,23.8315,91.2868,03:51,11:26,14:54,17:44,18:57,2025-04-09
India,Tripura,23.8315,91.2868,03:50,11:26,14:54,17:44,18:57,2025-04-10
India,Tripura,23.8315,91.2868,03:49,11:26,14:54,17:45,18:58,2025-04-11
India,Tripura,23.8315,91.2868,03:48,11:26,14:53,17:45,18:58,2025-04-12
India,Tripura,23.8315,91.2868,03:47,11:25,14:53,17:46,18:59,2025-04-13
India,Tripura,23.8315,91.2868,03:46,11:25,14:53,17:46,18:59,2025-04-14
India,Tripura,23.8315,91.2868,03:45,11:25,14:52,17:46,19:00,2025-04-15
India,Tripura,23.8315,91.2868,03:44,11:25,14:52,17:47,19:00,2025-04-16
India,Tripura,23.8315,91.2868,03:43,11:24,14:52,17:47,19:01,2025-04-17
India,Tripura,23.8315,91.2868,03:42,11:24,14:52,17:48,19:02,2025-04-18
India,Tripura,23.8315,91.2868,03:41,11:24,14:51,17:48,19:02,2025-04-19
India,Tripura,23.8315,91.2868,03:40,11:24,14:51,17:49,19:03,2025-04-20
India,Tripura,23.8315,91.2868,03:39,11:23,14:51,17:49,19:03,2025-04-21
India,Tripura,23.8315,91.2868,03:38,11:23,14:50,17:49,19:04,2025-04-22
India,Tripura,23.8315,91.2868,03:37,11:23,14:50,17:50,19:04,2025-04-23
India,Tripura,23.8315,91.2868,03:36,11:23,14:50,17:50,19:05,2025-04-24
India,Tripura,23.8315,91.2868,03:35,11:23,14:50,17:51,19:06,2025-04-25
India,Tripura,23.8315,91.2868,03:34,11:23,14:49,17:51,19:06,2025-04-26
India,Tripura,23.8315,91.2868,03:33,11:22,14:49,17:52,19:07,2025-04-27
India,Tripura,23.8315,91.2868,03:32,11:22,14:49,17:52,19:08,2025-04-28
India,Tripura,23.8315,91.2868,03:31,11:22,14:48,17:53,19:08,2025-04-29
India,Tripura,23.8315,91.2868,03:30,11:22,14:48,17:53,19:09,2025-04-30
India,Tripura,23.8315,91.2868,03:29,11:22,14:48,17:54,19:09,2025-05-01
India,Tripura,23.8315,91.2868,03:29,11:22,14:48,17:54,19:10,2025-05-02
India,Tripura,23.8315,91.2868,03:28,11:22,14:47,17:54,19:11,2025-05-03
India,Tripura,23.8315,91.2868,03:27,11:22,14:47,17:55,19:11,2025-05-04
India,Tripura,23.8315,91.2868,03:26,11:22,14:47,17:55,19:12,2025-05-05
India,Tripura,23.8315,91.2868,03:25,11:21,14:46,17:56,19:13,2025-05-06
India,Tripura,23.8315,91.2868,03:24,11:21,14:46,17:56,19:13,2025-05-07
India,Tripura,23.8315,91.2868,03:24,11:21,14:46,17:57,19:14,2025-05-08
India,Tripura,23.8315,91.2868,03:23,11:21,14:46,17:57,19:15,2025-05-09
India,Tripura,23.8315,91.2868,03:22,11:21,14:46,17:58,19:15,2025-05-10
India,Tripura,23.8315,91.2868,03:21,11:21,14:45,17:58,19:16,2025-05-11
India,Tripura,23.8315,91.2868,03:21,11:21,14:45,17:59,19:17,2025-05-12
India,Tripura,23.8315,91.2868,03:20,11:21,14:45,17:59,19:17,2025-05-13
India,Tripura,23.8315,91.2868,03:19,11:21,14:45,18:00,19:18,2025-05-14
India,Tripura,23.8315,91.2868,03:19,11:21,14:44,18:00,19:19,2025-05-15
India,Tripura,23.8315,91.2868,03:18,11:21,14:44,18:01,19:19,2025-05-16
India,Tripura,23.8315,91.2868,03:17,11:21,14:44,18:01,19:20,2025-05-17
India,Tripura,23.8315,91.2868,03:17,11:21,14:44,18:02,19:21,2025-05-18
India,Tripura,23.8315,91.2868,03:16,11:21,14:44,18:02,19:21,2025-05-19
India,Tripura,23.8315,91.2868,03:16,11:21,14:44,18:03,19:22,2025-05-20
India,Tripura,23.8315,91.2868,03:15,11:22,14:44,18:03,19:23,2025-05-21
India,Tripura,23.8315,91.2868,03:15,11:22,14:43,18:04,19:23,2025-05-22
India,Tripura,23.8315,91.2868,03:14,11:22,14:43,18:04,19:24,2025-05-23
India,Tripura,23.8315,91.2868,03:14,11:22,14:43,18:05,19:25,2025-05-24
India,Tripura,23.8315,91.2868,03:13,11:22,14:43,18:05,19:25,2025-05-25
India,Tripura,23.8315,91.2868,03:13,11:22,14:43,18:06,19:26,2025-05-26
India,Tripura,23.8315,91.2868,03:12,11:22,14:43,18:06,19:27,2025-05-27
India,Tripura,23.8315,91.2868,03:12,11:22,14:43,18:06,19:27,2025-05-28
India,Tripura,23.8315,91.2868,03:12,11:22,14:43,18:07,19:28,2025-05-29
India,Tripura,23.8315,91.2868,03:11,11:22,14:43,18:07,19:28,2025-05-30
India,Tripura,23.8315,91.2868,03:11,11:23,14:43,18:08,19:29,2025-05-31
India,Tripura,23.8315,91.2868,03:11,11:23,14:43,18:08,19:29,2025-06-01
India,Tripura,23.8315,91.2868,03:11,11:23,14:43,18:09,19:30,2025-06-02
India,Tripura,23.8315,91.2868,03:10,11:23,14:43,18:09,19:31,2025-06-03
India,Tripura,23.8315,91.2868,03:10,11:23,14:43,18:10,19:31,2025-06-04
India,Tripura,23.8315,91.2868,03:10,11:23,14:43,18:10,19:32,2025-06-05
India,Tripura,23.8315,91.2868,03:10,11:24,14:43,18:10,19:32,2025-06-06
India,Tripura,23.8315,91.2868,03:10,11:24,14:43,18:11,19:33,2025-06-07
India,Tripura,23.8315,91.2868,03:10,11:24,14:43,18:11,19:33,2025-06-08
India,Tripura,23.8315,91.2868,03:10,11:24,14:43,18:11,19:34,2025-06-09
India,Tripura,23.8315,91.2868,03:10,11:24,14:43,18:12,19:34,2025-06-10
India,Tripura,23.8315,91.2868,03:09,11:25,14:43,18:12,19:34,2025-06-11
India,Tripura,23.8315,91.2868,03:10,11:25,14:44,18:13,19:35,2025-06-12
India,Tripura,23.8315,91.2868,03:10,11:25,14:44,18:13,19:35,2025-06-13
India,Tripura,23.8315,91.2868,03:10,11:25,14:44,18:13,19:36,2025-06-14
India,Tripura,23.8315,91.2868,03:10,11:25,14:44,18:13,19:36,2025-06-15
India,Tripura,23.8315,91.2868,03:10,11:26,14:44,18:14,19:36,2025-06-16
India,Tripura,23.8315,91.2868,03:10,11:26,14:44,18:14,19:36,2025-06-17
India,Tripura,23.8315,91.2868,03:10,11:26,14:45,18:14,19:37,2025-06-18
India,Tripura,23.8315,91.2868,03:10,11:26,14:45,18:15,19:37,2025-06-19
India,Tripura,23.8315,91.2868,03:10,11:27,14:45,18:15,19:37,2025-06-20
India,Tripura,23.8315,91.2868,03:11,11:27,14:45,18:15,19:37,2025-06-21
India,Tripura,23.8315,91.2868,03:11,11:27,14:45,18:15,19:38,2025-06-22
India,Tripura,23.8315,91.2868,03:11,11:27,14:46,18:15,19:38,2025-06-23
India,Tripura,23.8315,91.2868,03:11,11:27,14:46,18:16,19:38,2025-06-24
India,Tripura,23.8315,91.2868,03:12,11:28,14:46,18:16,19:38,2025-06-25
India,Tripura,23.8315,91.2868,03:12,11:28,14:46,18:16,19:38,2025-06-26
India,Tripura,23.8315,91.2868,03:12,11:28,14:47,18:16,19:38,2025-06-27
India,Tripura,23.8315,91.2868,03:13,11:28,14:47,18:16,19:38,2025-06-28
India,Tripura,23.8315,91.2868,03:13,11:28,14:47,18:16,19:38,2025-06-29
India,Tripura,23.8315,91.2868,03:14,11:29,14:47,18:16,19:38,2025-06-30
India,Tripura,23.8315,91.2868,03:14,11:29,14:48,18:16,19:38,2025-07-01
India,Tripura,23.8315,91.2868,03:14,11:29,14:48,18:16,19:38,2025-07-02
India,Tripura,23.8315,91.2868,03:15,11:29,14:48,18:16,19:38,2025-07-03
India,Tripura,23.8315,91.2868,03:15,11:29,14:49,18:16,19:38,2025-07-04
India,Tripura,23.8315,91.2868,03:16,11:30,14:49,18:16,19:38,2025-07-05
India,Tripura,23.8315,91.2868,03:16,11:30,14:49,18:16,19:38,2025-07-06
India,Tripura,23.8315,91.2868,03:17,11:30,14:50,18:16,19:38,2025-07-07
India,Tripura,23.8315,91.2868,03:17,11:30,14:50,18:16,19:37,2025-07-08
India,Tripura,23.8315,91.2868,03:18,11:30,14:50,18:16,19:37,2025-07-09
India,Tripura,23.8315,91.2868,03:18,11:30,14:50,18:16,19:37,2025-07-10
India,Tripura,23.8315,91.2868,03:19,11:30,14:51,18:16,19:37,2025-07-11
India,Tripura,23.8315,91.2868,03:20,11:31,14:51,18:15,19:36,2025-07-12
India,Tripura,23.8315,91.2868,03:20,11:31,14:51,18:15,19:36,2025-07-13
India,Tripura,23.8315,91.2868,03:21,11:31,14:52,18:15,19:36,2025-07-14
India,Tripura,23.8315,91.2868,03:21,11:31,14:52,18:15,19:35,2025-07-15
India,Tripura,23.8315,91.2868,03:22,11:31,14:52,18:14,19:35,2025-07-16
India,Tripura,23.8315,91.2868,03:23,11:31,14:52,18:14,19:34,2025-07-17
India,Tripura,23.8315,91.2868,03:23,11:31,14:53,18:14,19:34,2025-07-18
India,Tripura,23.8315,91.2868,03:24,11:31,14:53,18:14,19:33,2025-07-19
India,Tripura,23.8315,91.2868,03:24,11:31,14:53,18:13,19:33,2025-07-20
India,Tripura,23.8315,91.2868,03:25,11:31,14:53,18:13,19:32,2025-07-21
India,Tripura,23.8315,91.2868,03:26,11:31,14:54,18:13,19:32,2025-07-22
India,Tripura,23.8315,91.2868,03:26,11:31,14:54,18:12,19:31,2025-07-23
India,Tripura,23.8315,91.2868,03:27,11:31,14:54,18:12,19:31,2025-07-24
India,Tripura,23.8315,91.2868,03:28,11:31,14:54,18:11,19:30,2025-07-25
India,Tripura,23.8315,91.2868,03:28,11:31,14:54,18:11,19:30,2025-07-26
India,Tripura,23.8315,91.2868,03:29,11:31,14:55,18:10,19:29,2025-07-27
India,Tripura,23.8315,91.2868,03:29,11:31,14:55,18:10,19:28,2025-07-28
India,Tripura,23.8315,91.2868,03:30,11:31,14:55,18:09,19:27,2025-07-29
India,Tripura,23.8315,91.2868,03:31,11:31,14:55,18:09,19:27,2025-07-30
India,Tripura,23.8315,91.2868,03:31,11:31,14:55,18:08,19:26,2025-07-31
India,Tripura,23.8315,91.2868,03:32,11:31,14:55,18:08,19:25,2025-08-01
India,Tripura,23.8315,91.2868,03:33,11:31,14:56,18:07,19:25,2025-08-02
India,Tripura,23.8315,91.2868,03:33,11:31,14:56,18:06,19:24,2025-08-03
India,Tripura,23.8315,91.2868,03:34,11:31,14:56,18:06,19:23,2025-08-04
India,Tripura,23.8315,91.2868,03:35,11:31,14:56,18:05,19:22,2025-08-05
India,Tripura,23.8315,91.2868,03:35,11:31,14:56,18:05,19:21,2025-08-06
India,Tripura,23.8315,91.2868,03:36,11:31,14:56,18:04,19:20,2025-08-07
India,Tripura,23.8315,91.2868,03:36,11:30,14:56,18:03,19:20,2025-08-08
India,Tripura,23.8315,91.2868,03:37,11:30,14:56,18:02,19:19,2025-08-09
India,Tripura,23.8315,91.2868,03:38,11:30,14:56,18:02,19:18,2025-08-10
India,Tripura,23.8315,91.2868,03:38,11:30,14:56,18:01,19:17,2025-08-11
India,Tripura,23.8315,91.2868,03:39,11:30,14:56,18:00,19:16,2025-08-12
India,Tripura,23.8315,91.2868,03:39,11:30,14:56,18:00,19:15,2025-08-13
India,Tripura,23.8315,91.2868,03:40,11:29,14:56,17:59,19:14,2025-08-14
India,Tripura,23.8315,91.2868,03:41,11:29,14:56,17:58,19:13,2025-08-15
India,Tripura,23.8315,91.2868,03:41,11:29,14:56,17:57,19:12,2025-08-16
India,Tripura,23.8315,91.2868,03:42,11:29,14:56,17:56,19:11,2025-08-17
India,Tripura,23.8315,91.2868,03:42,11:29,14:56,17:55,19:10,2025-08-18
India,Tripura,23.8315,91.2868,03:43,11:28,14:55,17:55,19:09,2025-08-19
India,Tripura,23.8315,91.2868,03:43,11:28,14:55,17:54,19:08,2025-08-20
India,Tripura,23.8315,91.2868,03:44,11:28,14:55,17:53,19:07,2025-08-21
India,Tripura,23.8315,91.2868,03:45,11:28,14:55,17:52,19:06,2025-08-22
India,Tripura,23.8315,91.2868,03:45,11:27,14:55,17:51,19:05,2025-08-23
India,Tripura,23.8315,91.2868,03:46,11:27,14:55,17:50,19:04,2025-08-24
India,Tripura,23.8315,91.2868,03:46,11:27,14:54,17:49,19:03,2025-08-25
India,Tripura,23.8315,91.2868,03:47,11:27,14:54,17:48,19:02,2025-08-26
India,Tripura,23.8315,91.2868,03:47,11:26,14:54,17:47,19:01,2025-08-27
India,Tripura,23.8315,91.2868,03:48,11:26,14:54,17:46,19:00,2025-08-28
India,Tripura,23.8315,91.2868,03:48,11:26,14:53,17:46,18:58,2025-08-29
India,Tripura,23.8315,91.2868,03:49,11:25,14:53,17:45,18:57,2025-08-30
India,Tripura,23.8315,91.2868,03:49,11:25,14:53,17:44,18:56,2025-08-31
India,Tripura,23.8315,91.2868,03:50,11:25,14:52,17:43,18:55,2025-09-01
India,Tripura,23.8315,91.2868,03:50,11:24,14:52,17:42,18:54,2025-09-02
India,Tripura,23.8315,91.2868,03:51,11:24,14:52,17:41,18:53,2025-09-03
India,Tripura,23.8315,91.2868,03:51,11:24,14:51,17:40,18:52,2025-09-04
India,Tripura,23.8315,91.2868,03:51,11:23,14:51,17:39,18:51,2025-09-05
India,Tripura,23.8315,91.2868,03:52,11:23,14:51,17:38,18:50,2025-09-06
India,Tripura,23.8315,91.2868,03:52,11:23,14:50,17:37,18:49,2025-09-07
India,Tripura,23.8315,91.2868,03:53,11:22,14:50,17:36,18:47,2025-09-08
India,Tripura,23.8315,91.2868,03:53,11:22,14:50,17:35,18:46,2025-09-09
India,Tripura,23.8315,91.2868,03:54,11:22,14:49,17:34,18:45,2025-09-10
India,Tripura,23.8315,91.2868,03:54,11:21,14:49,17:32,18:44,2025-09-11
India,Tripura,23.8315,91.2868,03:54,11:21,14:48,17:31,18:43,2025-09-12
India,Tripura,23.8315,91.2868,03:55,11:21,14:48,17:30,18:42,2025-09-13
India,Tripura,23.8315,91.2868,03:55,11:20,14:47,17:29,18:41,2025-09-14
India,Tripura,23.8315,91.2868,03:56,11:20,14:47,17:28,18:40,2025-09-15
India,Tripura,23.8315,91.2868,03:56,11:20,14:46,17:27,18:39,2025-09-16
India,Tripura,23.8315,91.2868,03:56,11:19,14:46,17:26,18:37,2025-09-17
India,Tripura,23.8315,91.2868,03:57,11:19,14:45,17:25,18:36,2025-09-18
India,Tripura,23.8315,91.2868,03:57,11:18,14:45,17:24,18:35,2025-09-19
India,Tripura,23.8315,91.2868,03:58,11:18,14:44,17:23,18:34,2025-09-20
India,Tripura,23.8315,91.2868,03:58,11:18,14:44,17:22,18:33,2025-09-21
India,Tripura,23.8315,91.2868,03:58,11:17,14:43,17:21,18:32,2025-09-22
India,Tripura,23.8315,91.2868,03:59,11:17,14:43,17:20,18:31,2025-09-23
India,Tripura,23.8315,91.2868,03:59,11:17,14:42,17:19,18:30,2025-09-24
India,Tripura,23.8315,91.2868,04:00,11:16,14:42,17:18,18:29,2025-09-25
India,Tripura,23.8315,91.2868,04:00,11:16,14:41,17:17,18:28,2025-09-26
India,Tripura,23.8315,91.2868,04:00,11:16,14:40,17:16,18:27,2025-09-27
India,Tripura,23.8315,91.2868,04:01,11:15,14:40,17:15,18:26,2025-09-28
India,Tripura,23.8315,91.2868,04:01,11:15,14:39,17:14,18:25,2025-09-29
India,Tripura,23.8315,91.2868,04:01,11:15,14:39,17:13,18:24,2025-09-30
India,Tripura,23.8315,91.2868,04:02,11:14,14:38,17:12,18:23,2025-10-01
India,Tripura,23.8315,91.2868,04:02,11:14,14:38,17:11,18:22,2025-10-02
India,Tripura,23.8315,91.2868,04:02,11:14,14:37,17:10,18:21,2025-10-03
India,Tripura,23.8315,91.2868,04:03,11:13,14:36,17:09,18:20,2025-10-04
India,Tripura,23.8315,91.2868,04:03,11:13,14:36,17:08,18:19,2025-10-05
India,Tripura,23.8315,91.2868,04:04,11:13,14:35,17:07,18:18,2025-10-06
India,Tripura,23.8315,91.2868,04:04,11:13,14:35,17:06,18:17,2025-10-07
India,Tripura,23.8315,91.2868,04:04,11:12,14:34,17:05,18:16,2025-10-08
India,Tripura,23.8315,91.2868,04:05,11:12,14:34,17:04,18:15,2025-10-09
India,Tripura,23.8315,91.2868,04:05,11:12,14:33,17:03,18:14,2025-10-10
India,Tripura,23.8315,91.2868,04:05,11:11,14:32,17:02,18:13,2025-10-11
India,Tripura,23.8315,91.2868,04:06,11:11,14:32,17:01,18:12,2025-10-12
India,Tripura,23.8315,91.2868,04:06,11:11,14:31,17:00,18:11,2025-10-13
India,Tripura,23.8315,91.2868,04:07,11:11,14:31,16:59,18:10,2025-10-14
India,Tripura,23.8315,91.2868,04:07,11:11,14:30,16:59,18:10,2025-10-15
India,Tripura,23.8315,91.2868,04:07,11:10,14:30,16:58,18:09,2025-10-16
India,Tripura,23.8315,91.2868,04:08,11:10,14:29,16:57,18:08,2025-10-17
India,Tripura,23.8315,91.2868,04:08,11:10,14:28,16:56,18:07,2025-10-18
India,Tripura,23.8315,91.2868,04:09,11:10,14:28,16:55,18:06,2025-10-19
India,Tripura,23.8315,91.2868,04:09,11:10,14:27,16:54,18:06,2025-10-20
India,Tripura,23.8315,91.2868,04:09,11:09,14:27,16:53,18:05,2025-10-21
India,Tripura,23.8315,91.2868,04:10,11:09,14:26,16:53,18:04,2025-10-22
India,Tripura,23.8315,91.2868,04:10,11:09,14:26,16:52,18:03,2025-10-23
India,Tripura,23.8315,91.2868,04:11,11:09,14:25,16:51,18:03,2025-10-24
India,Tripura,23.8315,91.2868,04:11,11:09,14:25,16:50,18:02,2025-10-25
India,Tripura,23.8315,91.2868,04:12,11:09,14:24,16:50,18:01,2025-10-26
India,Tripura,23.8315,91.2868,04:12,11:09,14:24,16:49,18:01,2025-10-27
India,Tripura,23.8315,91.2868,04:13,11:09,14:23,16:48,18:00,2025-10-28
India,Tripura,23.8315,91.2868,04:13,11:09,14:23,16:48,18:00,2025-10-29
India,Tripura,23.8315,91.2868,04:13,11:08,14:22,16:47,17:59,2025-10-30
India,Tripura,23.8315,91.2868,04:14,11:08,14:22,16:46,17:59,2025-10-31
India,Tripura,23.8315,91.2868,04:14,11:08,14:22,16:46,17:58,2025-11-01
India,Tripura,23.8315,91.2868,04:15,11:08,14:21,16:45,17:58,2025-11-02
India,Tripura,23.8315,91.2868,04:15,11:08,14:21,16:44,17:57,2025-11-03
India,Tripura,23.8315,91.2868,04:16,11:08,14:20,16:44,17:57,2025-11-04
India,Tripura,23.8315,91.2868,04:16,11:08,14:20,16:43,17:56,2025-11-05
India,Tripura,23.8315,91.2868,04:17,11:08,14:20,16:43,17:56,2025-11-06
India,Tripura,23.8315,91.2868,04:17,11:09,14:19,16:42,17:55,2025-11-07
India,Tripura,23.8315,91.2868,04:18,11:09,14:19,16:42,17:55,2025-11-08
India,Tripura,23.8315,91.2868,04:18,11:09,14:19,16:41,17:55,2025-11-09
India,Tripura,23.8315,91.2868,04:19,11:09,14:18,16:41,17:54,2025-11-10
India,Tripura,23.8315,91.2868,04:19,11:09,14:18,16:41,17:54,2025-11-11
India,Tripura,23.8315,91.2868,04:20,11:09,14:18,16:40,17:54,2025-11-12
India,Tripura,23.8315,91.2868,04:21,11:09,14:18,16:40,17:53,2025-11-13
India,Tripura,23.8315,91.2868,04:21,11:09,14:17,16:39,17:53,2025-11-14
India,Tripura,23.8315,91.2868,04:22,11:10,14:17,16:39,17:53,2025-11-15
India,Tripura,23.8315,91.2868,04:22,11:10,14:17,16:39,17:53,2025-11-16
India,Tripura,23.8315,91.2868,04:23,11:10,14:17,16:38,17:53,2025-11-17
India,Tripura,23.8315,91.2868,04:23,11:10,14:17,16:38,17:52,2025-11-18
India,Tripura,23.8315,91.2868,04:24,11:10,14:17,16:38,17:52,2025-11-19
India,Tripura,23.8315,91.2868,04:25,11:11,14:16,16:38,17:52,2025-11-20
India,Tripura,23.8315,91.2868,04:25,11:11,14:16,16:38,17:52,2025-11-21
India,Tripura,23.8315,91.2868,04:26,11:11,14:16,16:37,17:52,2025-11-22
India,Tripura,23.8315,91.2868,04:26,11:11,14:16,16:37,17:52,2025-11-23
India,Tripura,23.8315,91.2868,04:27,11:12,14:16,16:37,17:52,2025-11-24
India,Tripura,23.8315,91.2868,04:27,11:12,14:16,16:37,17:52,2025-11-25
India,Tripura,23.8315,91.2868,04:28,11:12,14:16,16:37,17:52,2025-11-26
India,Tripura,23.8315,91.2868,04:29,11:13,14:16,16:37,17:52,2025-11-27
India,Tripura,23.8315,91.2868,04:29,11:13,14:16,16:37,17:52,2025-11-28
India,Tripura,23.8315,91.2868,04:30,11:13,14:16,16:37,17:52,2025-11-29
India,Tripura,23.8315,91.2868,04:30,11:14,14:16,16:37,17:52,2025-11-30
India,Tripura,23.8315,91.2868,04:31,11:14,14:17,16:37,17:52,2025-12-01
India,Tripura,23.8315,91.2868,04:32,11:14,14:17,16:37,17:53,2025-12-02
India,Tripura,23.8315,91.2868,04:32,11:15,14:17,16:37,17:53,2025-12-03
India,Tripura,23.8315,91.2868,04:33,11:15,14:17,16:37,17:53,2025-12-04
India,Tripura,23.8315,91.2868,04:33,11:16,14:17,16:38,17:53,2025-12-05
India,Tripura,23.8315,91.2868,04:34,11:16,14:18,16:38,17:53,2025-12-06
India,Tripura,23.8315,91.2868,04:35,11:17,14:18,16:38,17:54,2025-12-07
India,Tripura,23.8315,91.2868,04:35,11:17,14:18,16:38,17:54,2025-12-08
India,Tripura,23.8315,91.2868,04:36,11:17,14:18,16:38,17:54,2025-12-09
India,Tripura,23.8315,91.2868,04:36,11:18,14:19,16:39,17:55,2025-12-10
India,Tripura,23.8315,91.2868,04:37,11:18,14:19,16:39,17:55,2025-12-11
India,Tripura,23.8315,91.2868,04:38,11:19,14:19,16:39,17:55,2025-12-12
India,Tripura,23.8315,91.2868,04:38,11:19,14:20,16:40,17:56,2025-12-13
India,Tripura,23.8315,91.2868,04:39,11:20,14:20,16:40,17:56,2025-12-14
India,Tripura,23.8315,91.2868,04:39,11:20,14:20,16:40,17:57,2025-12-15
India,Tripura,23.8315,91.2868,04:40,11:21,14:21,16:41,17:57,2025-12-16
India,Tripura,23.8315,91.2868,04:40,11:21,14:21,16:41,17:57,2025-12-17
India,Tripura,23.8315,91.2868,04:41,11:22,14:22,16:42,17:58,2025-12-18
India,Tripura,23.8315,91.2868,04:41,11:22,14:22,16:42,17:58,2025-12-19
India,Tripura,23.8315,91.2868,04:42,11:23,14:23,16:43,17:59,2025-12-20
India,Tripura,23.8315,91.2868,04:42,11:23,14:23,16:43,17:59,2025-12-21
India,Tripura,23.8315,91.2868,04:43,11:24,14:24,16:44,18:00,2025-12-22
India,Tripura,23.8315,91.2868,04:43,11:24,14:24,16:44,18:00,2025-12-23
India,Tripura,23.8315,91.2868,04:44,11:25,14:25,16:45,18:01,2025-12-24
India,Tripura,23.8315,91.2868,04:44,11:25,14:25,16:45,18:01,2025-12-25
India,Tripura,23.8315,91.2868,04:45,11:26,14:26,16:46,18:02,2025-12-26
India,Tripura,23.8315,91.2868,04:45,11:26,14:26,16:46,18:02,2025-12-27
India,Tripura,23.8315,91.2868,04:46,11:27,14:27,16:47,18:03,2025-12-28
India,Tripura,23.8315,91.2868,04:46,11:27,14:28,16:48,18:04,2025-12-29
India,Tripura,23.8315,91.2868,04:46,11:28,14:28,16:48,18:04,2025-12-30
India,Tripura,23.8315,91.2868,04:47,11:28,14:29,16:49,18:05,2025-12-31
India,Uttar Pradesh,26.8467,80.9462,05:33,12:10,15:05,17:25,18:43,2025-01-01
India,Uttar Pradesh,26.8467,80.9462,05:33,12:10,15:06,17:25,18:43,2025-01-02
India,Uttar Pradesh,26.8467,80.9462,05:33,12:11,15:07,17:26,18:44,2025-01-03
India,Uttar Pradesh,26.8467,80.9462,05:34,12:11,15:07,17:27,18:44,2025-01-04
India,Uttar Pradesh,26.8467,80.9462,05:34,12:12,15:08,17:27,18:45,2025-01-05
India,Uttar Pradesh,26.8467,80.9462,05:34,12:12,15:09,17:28,18:46,2025-01-06
India,Uttar Pradesh,26.8467,80.9462,05:34,12:13,15:09,17:29,18:46,2025-01-07
India,Uttar Pradesh,26.8467,80.9462,05:34,12:13,15:10,17:30,18:47,2025-01-08
India,Uttar Pradesh,26.8467,80.9462,05:35,12:14,15:11,17:30,18:48,2025-01-09
India,Uttar Pradesh,26.8467,80.9462,05:35,12:14,15:12,17:31,18:48,2025-01-10
India,Uttar Pradesh,26.8467,80.9462,05:35,12:14,15:12,17:32,18:49,2025-01-11
India,Uttar Pradesh,26.8467,80.9462,05:35,12:15,15:13,17:33,18:50,2025-01-12
India,Uttar Pradesh,26.8467,80.9462,05:35,12:15,15:14,17:34,18:51,2025-01-13
India,Uttar Pradesh,26.8467,80.9462,05:35,12:15,15:14,17:34,18:51,2025-01-14
India,Uttar Pradesh,26.8467,80.9462,05:35,12:16,15:15,17:35,18:52,2025-01-15
India,Uttar Pradesh,26.8467,80.9462,05:35,12:16,15:16,17:36,18:53,2025-01-16
India,Uttar Pradesh,26.8467,80.9462,05:35,12:16,15:16,17:37,18:53,2025-01-17
India,Uttar Pradesh,26.8467,80.9462,05:35,12:17,15:17,17:37,18:54,2025-01-18
India,Uttar Pradesh,26.8467,80.9462,05:35,12:17,15:18,17:38,18:55,2025-01-19
India,Uttar Pradesh,26.8467,80.9462,05:35,12:17,15:19,17:39,18:55,2025-01-20
India,Uttar Pradesh,26.8467,80.9462,05:35,12:18,15:19,17:40,18:56,2025-01-21
India,Uttar Pradesh,26.8467,80.9462,05:35,12:18,15:20,17:41,18:57,2025-01-22
India,Uttar Pradesh,26.8467,80.9462,05:34,12:18,15:21,17:41,18:57,2025-01-23
India,Uttar Pradesh,26.8467,80.9462,05:34,12:18,15:21,17:42,18:58,2025-01-24
India,Uttar Pradesh,26.8467,80.9462,05:34,12:19,15:22,17:43,18:59,2025-01-25
India,Uttar Pradesh,26.8467,80.9462,05:34,12:19,15:23,17:44,18:59,2025-01-26
India,Uttar Pradesh,26.8467,80.9462,05:33,12:19,15:23,17:45,19:00,2025-01-27
India,Uttar Pradesh,26.8467,80.9462,05:33,12:19,15:24,17:45,19:01,2025-01-28
India,Uttar Pradesh,26.8467,80.9462,05:33,12:19,15:25,17:46,19:01,2025-01-29
India,Uttar Pradesh,26.8467,80.9462,05:32,12:20,15:25,17:47,19:02,2025-01-30
India,Uttar Pradesh,26.8467,80.9462,05:32,12:20,15:26,17:48,19:03,2025-01-31
India,Uttar Pradesh,26.8467,80.9462,05:32,12:20,15:26,17:48,19:03,2025-02-01
India,Uttar Pradesh,26.8467,80.9462,05:31,12:20,15:27,17:49,19:04,2025-02-02
India,Uttar Pradesh,26.8467,80.9462,05:31,12:20,15:28,17:50,19:05,2025-02-03
India,Uttar Pradesh,26.8467,80.9462,05:30,12:20,15:28,17:51,19:05,2025-02-04
India,Uttar Pradesh,26.8467,80.9462,05:30,12:20,15:29,17:51,19:06,2025-02-05
India,Uttar Pradesh,26.8467,80.9462,05:29,12:20,15:29,17:52,19:07,2025-02-06
India,Uttar Pradesh,26.8467,80.9462,05:29,12:20,15:30,17:53,19:07,2025-02-07
India,Uttar Pradesh,26.8467,80.9462,05:28,12:20,15:30,17:54,19:08,2025-02-08
India,Uttar Pradesh,26.8467,80.9462,05:28,12:20,15:31,17:54,19:08,2025-02-09
India,Uttar Pradesh,26.8467,80.9462,05:27,12:20,15:31,17:55,19:09,2025-02-10
India,Uttar Pradesh,26.8467,80.9462,05:27,12:20,15:32,17:56,19:10,2025-02-11
India,Uttar Pradesh,26.8467,80.9462,05:26,12:20,15:32,17:56,19:10,2025-02-12
India,Uttar Pradesh,26.8467,80.9462,05:25,12:20,15:33,17:57,19:11,2025-02-13
India,Uttar Pradesh,26.8467,80.9462,05:25,12:20,15:33,17:58,19:11,2025-02-14
India,Uttar Pradesh,26.8467,80.9462,05:24,12:20,15:34,17:59,19:12,2025-02-15
India,Uttar Pradesh,26.8467,80.9462,05:23,12:20,15:34,17:59,19:13,2025-02-16
India,Uttar Pradesh,26.8467,80.9462,05:23,12:20,15:34,18:00,19:13,2025-02-17
India,Uttar Pradesh,26.8467,80.9462,05:22,12:20,15:35,18:01,19:14,2025-02-18
India,Uttar Pradesh,26.8467,80.9462,05:21,12:20,15:35,18:01,19:14,2025-02-19
India,Uttar Pradesh,26.8467,80.9462,05:20,12:20,15:36,18:02,19:15,2025-02-20
India,Uttar Pradesh,26.8467,80.9462,05:19,12:20,15:36,18:02,19:16,2025-02-21
India,Uttar Pradesh,26.8467,80.9462,05:19,12:20,15:36,18:03,19:16,2025-02-22
India,Uttar Pradesh,26.8467,80.9462,05:18,12:19,15:37,18:04,19:17,2025-02-23
India,Uttar Pradesh,26.8467,80.9462,05:17,12:19,15:37,18:04,19:17,2025-02-24
India,Uttar Pradesh,26.8467,80.9462,05:16,12:19,15:37,18:05,19:18,2025-02-25
India,Uttar Pradesh,26.8467,80.9462,05:15,12:19,15:38,18:06,19:18,2025-02-26
India,Uttar Pradesh,26.8467,80.9462,05:14,12:19,15:38,18:06,19:19,2025-02-27
India,Uttar Pradesh,26.8467,80.9462,05:13,12:19,15:38,18:07,19:19,2025-02-28
India,Uttar Pradesh,26.8467,80.9462,05:12,12:18,15:38,18:07,19:20,2025-03-01
India,Uttar Pradesh,26.8467,80.9462,05:11,12:18,15:39,18:08,19:21,2025-03-02
India,Uttar Pradesh,26.8467,80.9462,05:10,12:18,15:39,18:09,19:21,2025-03-03
India,Uttar Pradesh,26.8467,80.9462,05:09,12:18,15:39,18:09,19:22,2025-03-04
India,Uttar Pradesh,26.8467,80.9462,05:08,12:18,15:39,18:10,19:22,2025-03-05
India,Uttar Pradesh,26.8467,80.9462,05:07,12:17,15:39,18:10,19:23,2025-03-06
India,Uttar Pradesh,26.8467,80.9462,05:06,12:17,15:39,18:11,19:23,2025-03-07
India,Uttar Pradesh,26.8467,80.9462,05:05,12:17,15:40,18:11,19:24,2025-03-08
India,Uttar Pradesh,26.8467,80.9462,05:04,12:17,15:40,18:12,19:24,2025-03-09
India,Uttar Pradesh,26.8467,80.9462,05:03,12:16,15:40,18:12,19:25,2025-03-10
India,Uttar Pradesh,26.8467,80.9462,05:02,12:16,15:40,18:13,19:25,2025-03-11
India,Uttar Pradesh,26.8467,80.9462,05:01,12:16,15:40,18:13,19:26,2025-03-12
India,Uttar Pradesh,26.8467,80.9462,05:00,12:16,15:40,18:14,19:27,2025-03-13
India,Uttar Pradesh,26.8467,80.9462,04:59,12:15,15:40,18:14,19:27,2025-03-14
India,Uttar Pradesh,26.8467,80.9462,04:58,12:15,15:40,18:15,19:28,2025-03-15
India,Uttar Pradesh,26.8467,80.9462,04:57,12:15,15:40,18:16,19:28,2025-03-16
India,Uttar Pradesh,26.8467,80.9462,04:56,12:14,15:40,18:16,19:29,2025-03-17
India,Uttar Pradesh,26.8467,80.9462,04:54,12:14,15:40,18:17,19:29,2025-03-18
India,Uttar Pradesh,26.8467,80.9462,04:53,12:14,15:40,18:17,19:30,2025-03-19
India,Uttar Pradesh,26.8467,80.9462,04:52,12:14,15:40,18:18,19:30,2025-03-20
India,Uttar Pradesh,26.8467,80.9462,04:51,12:13,15:40,18:18,19:31,2025-03-21
India,Uttar Pradesh,26.8467,80.9462,04:50,12:13,15:40,18:19,19:31,2025-03-22
India,Uttar Pradesh,26.8467,80.9462,04:49,12:13,15:40,18:19,19:32,2025-03-23
India,Uttar Pradesh,26.8467,80.9462,04:48,12:12,15:40,18:20,19:33,2025-03-24
India,Uttar Pradesh,26.8467,80.9462,04:46,12:12,15:40,18:20,19:33,2025-03-25
India,Uttar Pradesh,26.8467,80.9462,04:45,12:12,15:40,18:21,19:34,2025-03-26
India,Uttar Pradesh,26.8467,80.9462,04:44,12:11,15:40,18:21,19:34,2025-03-27
India,Uttar Pradesh,26.8467,80.9462,04:43,12:11,15:40,18:22,19:35,2025-03-28
India,Uttar Pradesh,26.8467,80.9462,04:42,12:11,15:40,18:22,19:35,2025-03-29
India,Uttar Pradesh,26.8467,80.9462,04:40,12:11,15:40,18:23,19:36,2025-03-30
India,Uttar Pradesh,26.8467,80.9462,04:39,12:10,15:40,18:23,19:37,2025-03-31
India,Uttar Pradesh,26.8467,80.9462,04:38,12:10,15:40,18:24,19:37,2025-04-01
India,Uttar Pradesh,26.8467,80.9462,04:37,12:10,15:40,18:24,19:38,2025-04-02
India,Uttar Pradesh,26.8467,80.9462,04:36,12:09,15:39,18:24,19:38,2025-04-03
India,Uttar Pradesh,26.8467,80.9462,04:34,12:09,15:39,18:25,19:39,2025-04-04
India,Uttar Pradesh,26.8467,80.9462,04:33,12:09,15:39,18:25,19:40,2025-04-05
India,Uttar Pradesh,26.8467,80.9462,04:32,12:08,15:39,18:26,19:40,2025-04-06
India,Uttar Pradesh,26.8467,80.9462,04:31,12:08,15:39,18:26,19:41,2025-04-07
India,Uttar Pradesh,26.8467,80.9462,04:30,12:08,15:39,18:27,19:42,2025-04-08
India,Uttar Pradesh,26.8467,80.9462,04:28,12:08,15:39,18:27,19:42,2025-04-09
India,Uttar Pradesh,26.8467,80.9462,04:27,12:07,15:38,18:28,19:43,2025-04-10
India,Uttar Pradesh,26.8467,80.9462,04:26,12:07,15:38,18:28,19:43,2025-04-11
India,Uttar Pradesh,26.8467,80.9462,04:25,12:07,15:38,18:29,19:44,2025-04-12
India,Uttar Pradesh,26.8467,80.9462,04:24,12:07,15:38,18:29,19:45,2025-04-13
India,Uttar Pradesh,26.8467,80.9462,04:23,12:06,15:38,18:30,19:45,2025-04-14
India,Uttar Pradesh,26.8467,80.9462,04:21,12:06,15:38,18:31,19:46,2025-04-15
India,Uttar Pradesh,26.8467,80.9462,04:20,12:06,15:37,18:31,19:47,2025-04-16
India,Uttar Pradesh,26.8467,80.9462,04:19,12:06,15:37,18:32,19:47,2025-04-17
India,Uttar Pradesh,26.8467,80.9462,04:18,12:05,15:37,18:32,19:48,2025-04-18
India,Uttar Pradesh,26.8467,80.9462,04:17,12:05,15:37,18:33,19:49,2025-04-19
India,Uttar Pradesh,26.8467,80.9462,04:16,12:05,15:37,18:33,19:50,2025-04-20
India,Uttar Pradesh,26.8467,80.9462,04:15,12:05,15:37,18:34,19:50,2025-04-21
India,Uttar Pradesh,26.8467,80.9462,04:13,12:05,15:36,18:34,19:51,2025-04-22
India,Uttar Pradesh,26.8467,80.9462,04:12,12:04,15:36,18:35,19:52,2025-04-23
India,Uttar Pradesh,26.8467,80.9462,04:11,12:04,15:36,18:35,19:52,2025-04-24
India,Uttar Pradesh,26.8467,80.9462,04:10,12:04,15:36,18:36,19:53,2025-04-25
India,Uttar Pradesh,26.8467,80.9462,04:09,12:04,15:36,18:36,19:54,2025-04-26
India,Uttar Pradesh,26.8467,80.9462,04:08,12:04,15:35,18:37,19:55,2025-04-27
India,Uttar Pradesh,26.8467,80.9462,04:07,12:04,15:35,18:37,19:55,2025-04-28
India,Uttar Pradesh,26.8467,80.9462,04:06,12:04,15:35,18:38,19:56,2025-04-29
India,Uttar Pradesh,26.8467,80.9462,04:05,12:03,15:35,18:38,19:57,2025-04-30
India,Uttar Pradesh,26.8467,80.9462,04:04,12:03,15:35,18:39,19:58,2025-05-01
India,Uttar Pradesh,26.8467,80.9462,04:03,12:03,15:35,18:40,19:58,2025-05-02
India,Uttar Pradesh,26.8467,80.9462,04:02,12:03,15:34,18:40,19:59,2025-05-03
India,Uttar Pradesh,26.8467,80.9462,04:01,12:03,15:34,18:41,20:00,2025-05-04
India,Uttar Pradesh,26.8467,80.9462,04:00,12:03,15:34,18:41,20:01,2025-05-05
India,Uttar Pradesh,26.8467,80.9462,03:59,12:03,15:34,18:42,20:01,2025-05-06
India,Uttar Pradesh,26.8467,80.9462,03:58,12:03,15:34,18:42,20:02,2025-05-07
India,Uttar Pradesh,26.8467,80.9462,03:57,12:03,15:34,18:43,20:03,2025-05-08
India,Uttar Pradesh,26.8467,80.9462,03:56,12:03,15:33,18:43,20:04,2025-05-09
India,Uttar Pradesh,26.8467,80.9462,03:56,12:03,15:33,18:44,20:04,2025-05-10
India,Uttar Pradesh,26.8467,80.9462,03:55,12:03,15:33,18:45,20:05,2025-05-11
India,Uttar Pradesh,26.8467,80.9462,03:54,12:03,15:33,18:45,20:06,2025-05-12
India,Uttar Pradesh,26.8467,80.9462,03:53,12:03,15:33,18:46,20:07,2025-05-13
India,Uttar Pradesh,26.8467,80.9462,03:52,12:03,15:33,18:46,20:08,2025-05-14
India,Uttar Pradesh,26.8467,80.9462,03:52,12:03,15:33,18:47,20:08,2025-05-15
India,Uttar Pradesh,26.8467,80.9462,03:51,12:03,15:33,18:47,20:09,2025-05-16
India,Uttar Pradesh,26.8467,80.9462,03:50,12:03,15:33,18:48,20:10,2025-05-17
India,Uttar Pradesh,26.8467,80.9462,03:49,12:03,15:32,18:49,20:11,2025-05-18
India,Uttar Pradesh,26.8467,80.9462,03:49,12:03,15:32,18:49,20:11,2025-05-19
India,Uttar Pradesh,26.8467,80.9462,03:48,12:03,15:32,18:50,20:12,2025-05-20
India,Uttar Pradesh,26.8467,80.9462,03:47,12:03,15:32,18:50,20:13,2025-05-21
India,Uttar Pradesh,26.8467,80.9462,03:47,12:03,15:32,18:51,20:14,2025-05-22
India,Uttar Pradesh,26.8467,80.9462,03:46,12:03,15:32,18:51,20:14,2025-05-23
India,Uttar Pradesh,26.8467,80.9462,03:46,12:03,15:32,18:52,20:15,2025-05-24
India,Uttar Pradesh,26.8467,80.9462,03:45,12:03,15:32,18:52,20:16,2025-05-25
India,Uttar Pradesh,26.8467,80.9462,03:45,12:03,15:32,18:53,20:16,2025-05-26
India,Uttar Pradesh,26.8467,80.9462,03:44,12:03,15:32,18:53,20:17,2025-05-27
India,Uttar Pradesh,26.8467,80.9462,03:44,12:04,15:32,18:54,20:18,2025-05-28
India,Uttar Pradesh,26.8467,80.9462,03:43,12:04,15:32,18:54,20:18,2025-05-29
India,Uttar Pradesh,26.8467,80.9462,03:43,12:04,15:32,18:55,20:19,2025-05-30
India,Uttar Pradesh,26.8467,80.9462,03:43,12:04,15:32,18:55,20:20,2025-05-31
India,Uttar Pradesh,26.8467,80.9462,03:42,12:04,15:32,18:56,20:20,2025-06-01
India,Uttar Pradesh,26.8467,80.9462,03:42,12:04,15:32,18:56,20:21,2025-06-02
India,Uttar Pradesh,26.8467,80.9462,03:42,12:04,15:32,18:57,20:22,2025-06-03
India,Uttar Pradesh,26.8467,80.9462,03:42,12:05,15:32,18:57,20:22,2025-06-04
India,Uttar Pradesh,26.8467,80.9462,03:41,12:05,15:33,18:58,20:23,2025-06-05
India,Uttar Pradesh,26.8467,80.9462,03:41,12:05,15:33,18:58,20:23,2025-06-06
India,Uttar Pradesh,26.8467,80.9462,03:41,12:05,15:33,18:59,20:24,2025-06-07
India,Uttar Pradesh,26.8467,80.9462,03:41,12:05,15:33,18:59,20:24,2025-06-08
India,Uttar Pradesh,26.8467,80.9462,03:41,12:06,15:33,18:59,20:25,2025-06-09
India,Uttar Pradesh,26.8467,80.9462,03:41,12:06,15:33,19:00,20:25,2025-06-10
India,Uttar Pradesh,26.8467,80.9462,03:41,12:06,15:33,19:00,20:26,2025-06-11
India,Uttar Pradesh,26.8467,80.9462,03:41,12:06,15:33,19:00,20:26,2025-06-12
India,Uttar Pradesh,26.8467,80.9462,03:41,12:06,15:34,19:01,20:27,2025-06-13
India,Uttar Pradesh,26.8467,80.9462,03:41,12:07,15:34,19:01,20:27,2025-06-14
India,Uttar Pradesh,26.8467,80.9462,03:41,12:07,15:34,19:01,20:27,2025-06-15
India,Uttar Pradesh,26.8467,80.9462,03:41,12:07,15:34,19:02,20:28,2025-06-16
India,Uttar Pradesh,26.8467,80.9462,03:41,12:07,15:34,19:02,20:28,2025-06-17
India,Uttar Pradesh,26.8467,80.9462,03:41,12:07,15:35,19:02,20:28,2025-06-18
India,Uttar Pradesh,26.8467,80.9462,03:41,12:08,15:35,19:03,20:29,2025-06-19
India,Uttar Pradesh,26.8467,80.9462,03:41,12:08,15:35,19:03,20:29,2025-06-20
India,Uttar Pradesh,26.8467,80.9462,03:42,12:08,15:35,19:03,20:29,2025-06-21
India,Uttar Pradesh,26.8467,80.9462,03:42,12:08,15:35,19:03,20:29,2025-06-22
India,Uttar Pradesh,26.8467,80.9462,03:42,12:09,15:36,19:03,20:29,2025-06-23
India,Uttar Pradesh,26.8467,80.9462,03:42,12:09,15:36,19:04,20:29,2025-06-24
India,Uttar Pradesh,26.8467,80.9462,03:43,12:09,15:36,19:04,20:30,2025-06-25
India,Uttar Pradesh,26.8467,80.9462,03:43,12:09,15:36,19:04,20:30,2025-06-26
India,Uttar Pradesh,26.8467,80.9462,03:43,12:09,15:37,19:04,20:30,2025-06-27
India,Uttar Pradesh,26.8467,80.9462,03:44,12:10,15:37,19:04,20:30,2025-06-28
India,Uttar Pradesh,26.8467,80.9462,03:44,12:10,15:37,19:04,20:30,2025-06-29
India,Uttar Pradesh,26.8467,80.9462,03:45,12:10,15:37,19:04,20:30,2025-06-30
India,Uttar Pradesh,26.8467,80.9462,03:45,12:10,15:38,19:04,20:30,2025-07-01
India,Uttar Pradesh,26.8467,80.9462,03:46,12:10,15:38,19:04,20:30,2025-07-02
India,Uttar Pradesh,26.8467,80.9462,03:46,12:11,15:38,19:04,20:29,2025-07-03
India,Uttar Pradesh,26.8467,80.9462,03:47,12:11,15:38,19:04,20:29,2025-07-04
India,Uttar Pradesh,26.8467,80.9462,03:47,12:11,15:39,19:04,20:29,2025-07-05
India,Uttar Pradesh,26.8467,80.9462,03:48,12:11,15:39,19:04,20:29,2025-07-06
India,Uttar Pradesh,26.8467,80.9462,03:48,12:11,15:39,19:04,20:29,2025-07-07
India,Uttar Pradesh,26.8467,80.9462,03:49,12:11,15:39,19:04,20:28,2025-07-08
India,Uttar Pradesh,26.8467,80.9462,03:49,12:12,15:40,19:04,20:28,2025-07-09
India,Uttar Pradesh,26.8467,80.9462,03:50,12:12,15:40,19:03,20:28,2025-07-10
India,Uttar Pradesh,26.8467,80.9462,03:51,12:12,15:40,19:03,20:27,2025-07-11
India,Uttar Pradesh,26.8467,80.9462,03:51,12:12,15:40,19:03,20:27,2025-07-12
India,Uttar Pradesh,26.8467,80.9462,03:52,12:12,15:41,19:03,20:27,2025-07-13
India,Uttar Pradesh,26.8467,80.9462,03:53,12:12,15:41,19:02,20:26,2025-07-14
India,Uttar Pradesh,26.8467,80.9462,03:53,12:12,15:41,19:02,20:26,2025-07-15
India,Uttar Pradesh,26.8467,80.9462,03:54,12:12,15:41,19:02,20:25,2025-07-16
India,Uttar Pradesh,26.8467,80.9462,03:55,12:12,15:41,19:01,20:25,2025-07-17
India,Uttar Pradesh,26.8467,80.9462,03:55,12:13,15:42,19:01,20:24,2025-07-18
India,Uttar Pradesh,26.8467,80.9462,03:56,12:13,15:42,19:01,20:24,2025-07-19
India,Uttar Pradesh,26.8467,80.9462,03:57,12:13,15:42,19:00,20:23,2025-07-20
India,Uttar Pradesh,26.8467,80.9462,03:57,12:13,15:42,19:00,20:23,2025-07-21
India,Uttar Pradesh,26.8467,80.9462,03:58,12:13,15:42,19:00,20:22,2025-07-22
India,Uttar Pradesh,26.8467,80.9462,03:59,12:13,15:42,18:59,20:21,2025-07-23
India,Uttar Pradesh,26.8467,80.9462,04:00,12:13,15:43,18:59,20:21,2025-07-24
India,Uttar Pradesh,26.8467,80.9462,04:00,12:13,15:43,18:58,20:20,2025-07-25
India,Uttar Pradesh,26.8467,80.9462,04:01,12:13,15:43,18:58,20:19,2025-07-26
India,Uttar Pradesh,26.8467,80.9462,04:02,12:13,15:43,18:57,20:18,2025-07-27
India,Uttar Pradesh,26.8467,80.9462,04:03,12:13,15:43,18:56,20:18,2025-07-28
India,Uttar Pradesh,26.8467,80.9462,04:03,12:13,15:43,18:56,20:17,2025-07-29
India,Uttar Pradesh,26.8467,80.9462,04:04,12:13,15:43,18:55,20:16,2025-07-30
India,Uttar Pradesh,26.8467,80.9462,04:05,12:13,15:43,18:55,20:15,2025-07-31
India,Uttar Pradesh,26.8467,80.9462,04:05,12:13,15:43,18:54,20:14,2025-08-01
India,Uttar Pradesh,26.8467,80.9462,04:06,12:12,15:43,18:53,20:13,2025-08-02
India,Uttar Pradesh,26.8467,80.9462,04:07,12:12,15:43,18:53,20:13,2025-08-03
India,Uttar Pradesh,26.8467,80.9462,04:08,12:12,15:43,18:52,20:12,2025-08-04
India,Uttar Pradesh,26.8467,80.9462,04:08,12:12,15:43,18:51,20:11,2025-08-05
India,Uttar Pradesh,26.8467,80.9462,04:09,12:12,15:43,18:50,20:10,2025-08-06
India,Uttar Pradesh,26.8467,80.9462,04:10,12:12,15:43,18:50,20:09,2025-08-07
India,Uttar Pradesh,26.8467,80.9462,04:11,12:12,15:43,18:49,20:08,2025-08-08
India,Uttar Pradesh,26.8467,80.9462,04:11,12:12,15:43,18:48,20:07,2025-08-09
India,Uttar Pradesh,26.8467,80.9462,04:12,12:12,15:43,18:47,20:06,2025-08-10
India,Uttar Pradesh,26.8467,80.9462,04:13,12:11,15:43,18:47,20:05,2025-08-11
India,Uttar Pradesh,26.8467,80.9462,04:14,12:11,15:43,18:46,20:04,2025-08-12
India,Uttar Pradesh,26.8467,80.9462,04:14,12:11,15:43,18:45,20:03,2025-08-13
India,Uttar Pradesh,26.8467,80.9462,04:15,12:11,15:42,18:44,20:02,2025-08-14
India,Uttar Pradesh,26.8467,80.9462,04:16,12:11,15:42,18:43,20:01,2025-08-15
India,Uttar Pradesh,26.8467,80.9462,04:16,12:10,15:42,18:42,20:00,2025-08-16
India,Uttar Pradesh,26.8467,80.9462,04:17,12:10,15:42,18:41,19:58,2025-08-17
India,Uttar Pradesh,26.8467,80.9462,04:18,12:10,15:42,18:40,19:57,2025-08-18
India,Uttar Pradesh,26.8467,80.9462,04:18,12:10,15:41,18:39,19:56,2025-08-19
India,Uttar Pradesh,26.8467,80.9462,04:19,12:09,15:41,18:38,19:55,2025-08-20
India,Uttar Pradesh,26.8467,80.9462,04:20,12:09,15:41,18:37,19:54,2025-08-21
India,Uttar Pradesh,26.8467,80.9462,04:20,12:09,15:41,18:37,19:53,2025-08-22
India,Uttar Pradesh,26.8467,80.9462,04:21,12:09,15:40,18:36,19:52,2025-08-23
India,Uttar Pradesh,26.8467,80.9462,04:22,12:08,15:40,18:35,19:50,2025-08-24
India,Uttar Pradesh,26.8467,80.9462,04:22,12:08,15:40,18:34,19:49,2025-08-25
India,Uttar Pradesh,26.8467,80.9462,04:23,12:08,15:39,18:32,19:48,2025-08-26
India,Uttar Pradesh,26.8467,80.9462,04:23,12:08,15:39,18:31,19:47,2025-08-27
India,Uttar Pradesh,26.8467,80.9462,04:24,12:07,15:39,18:30,19:46,2025-08-28
India,Uttar Pradesh,26.8467,80.9462,04:25,12:07,15:38,18:29,19:45,2025-08-29
India,Uttar Pradesh,26.8467,80.9462,04:25,12:07,15:38,18:28,19:43,2025-08-30
India,Uttar Pradesh,26.8467,80.9462,04:26,12:06,15:37,18:27,19:42,2025-08-31
India,Uttar Pradesh,26.8467,80.9462,04:27,12:06,15:37,18:26,19:41,2025-09-01
India,Uttar Pradesh,26.8467,80.9462,04:27,12:06,15:37,18:25,19:40,2025-09-02
India,Uttar Pradesh,26.8467,80.9462,04:28,12:05,15:36,18:24,19:38,2025-09-03
India,Uttar Pradesh,26.8467,80.9462,04:28,12:05,15:36,18:23,19:37,2025-09-04
India,Uttar Pradesh,26.8467,80.9462,04:29,12:05,15:35,18:22,19:36,2025-09-05
India,Uttar Pradesh,26.8467,80.9462,04:29,12:04,15:35,18:21,19:35,2025-09-06
India,Uttar Pradesh,26.8467,80.9462,04:30,12:04,15:34,18:20,19:34,2025-09-07
India,Uttar Pradesh,26.8467,80.9462,04:30,12:04,15:34,18:18,19:32,2025-09-08
India,Uttar Pradesh,26.8467,80.9462,04:31,12:03,15:33,18:17,19:31,2025-09-09
India,Uttar Pradesh,26.8467,80.9462,04:32,12:03,15:33,18:16,19:30,2025-09-10
India,Uttar Pradesh,26.8467,80.9462,04:32,12:03,15:32,18:15,19:29,2025-09-11
India,Uttar Pradesh,26.8467,80.9462,04:33,12:02,15:32,18:14,19:27,2025-09-12
India,Uttar Pradesh,26.8467,80.9462,04:33,12:02,15:31,18:13,19:26,2025-09-13
India,Uttar Pradesh,26.8467,80.9462,04:34,12:02,15:30,18:12,19:25,2025-09-14
India,Uttar Pradesh,26.8467,80.9462,04:34,12:01,15:30,18:11,19:24,2025-09-15
India,Uttar Pradesh,26.8467,80.9462,04:35,12:01,15:29,18:09,19:23,2025-09-16
India,Uttar Pradesh,26.8467,80.9462,04:35,12:01,15:29,18:08,19:21,2025-09-17
India,Uttar Pradesh,26.8467,80.9462,04:36,12:00,15:28,18:07,19:20,2025-09-18
India,Uttar Pradesh,26.8467,80.9462,04:36,12:00,15:27,18:06,19:19,2025-09-19
India,Uttar Pradesh,26.8467,80.9462,04:37,11:59,15:27,18:05,19:18,2025-09-20
India,Uttar Pradesh,26.8467,80.9462,04:37,11:59,15:26,18:04,19:16,2025-09-21
India,Uttar Pradesh,26.8467,80.9462,04:38,11:59,15:26,18:03,19:15,2025-09-22
India,Uttar Pradesh,26.8467,80.9462,04:38,11:58,15:25,18:01,19:14,2025-09-23
India,Uttar Pradesh,26.8467,80.9462,04:39,11:58,15:24,18:00,19:13,2025-09-24
India,Uttar Pradesh,26.8467,80.9462,04:39,11:58,15:24,17:59,19:12,2025-09-25
India,Uttar Pradesh,26.8467,80.9462,04:40,11:57,15:23,17:58,19:11,2025-09-26
India,Uttar Pradesh,26.8467,80.9462,04:40,11:57,15:22,17:57,19:09,2025-09-27
India,Uttar Pradesh,26.8467,80.9462,04:41,11:57,15:22,17:56,19:08,2025-09-28
India,Uttar Pradesh,26.8467,80.9462,04:41,11:56,15:21,17:55,19:07,2025-09-29
India,Uttar Pradesh,26.8467,80.9462,04:42,11:56,15:20,17:54,19:06,2025-09-30
India,Uttar Pradesh,26.8467,80.9462,04:42,11:56,15:20,17:52,19:05,2025-10-01
India,Uttar Pradesh,26.8467,80.9462,04:42,11:55,15:19,17:51,19:04,2025-10-02
India,Uttar Pradesh,26.8467,80.9462,04:43,11:55,15:18,17:50,19:03,2025-10-03
India,Uttar Pradesh,26.8467,80.9462,04:43,11:55,15:17,17:49,19:02,2025-10-04
India,Uttar Pradesh,26.8467,80.9462,04:44,11:54,15:17,17:48,19:01,2025-10-05
India,Uttar Pradesh,26.8467,80.9462,04:44,11:54,15:16,17:47,19:00,2025-10-06
India,Uttar Pradesh,26.8467,80.9462,04:45,11:54,15:15,17:46,18:58,2025-10-07
India,Uttar Pradesh,26.8467,80.9462,04:45,11:54,15:15,17:45,18:57,2025-10-08
India,Uttar Pradesh,26.8467,80.9462,04:46,11:53,15:14,17:44,18:56,2025-10-09
India,Uttar Pradesh,26.8467,80.9462,04:46,11:53,15:13,17:43,18:55,2025-10-10
India,Uttar Pradesh,26.8467,80.9462,04:47,11:53,15:13,17:42,18:54,2025-10-11
India,Uttar Pradesh,26.8467,80.9462,04:47,11:53,15:12,17:41,18:53,2025-10-12
India,Uttar Pradesh,26.8467,80.9462,04:48,11:52,15:11,17:40,18:52,2025-10-13
India,Uttar Pradesh,26.8467,80.9462,04:48,11:52,15:11,17:39,18:52,2025-10-14
India,Uttar Pradesh,26.8467,80.9462,04:49,11:52,15:10,17:38,18:51,2025-10-15
India,Uttar Pradesh,26.8467,80.9462,04:49,11:52,15:09,17:37,18:50,2025-10-16
India,Uttar Pradesh,26.8467,80.9462,04:50,11:51,15:09,17:36,18:49,2025-10-17
India,Uttar Pradesh,26.8467,80.9462,04:50,11:51,15:08,17:35,18:48,2025-10-18
India,Uttar Pradesh,26.8467,80.9462,04:51,11:51,15:07,17:34,18:47,2025-10-19
India,Uttar Pradesh,26.8467,80.9462,04:51,11:51,15:07,17:33,18:46,2025-10-20
India,Uttar Pradesh,26.8467,80.9462,04:52,11:51,15:06,17:32,18:45,2025-10-21
India,Uttar Pradesh,26.8467,80.9462,04:52,11:51,15:05,17:31,18:44,2025-10-22
India,Uttar Pradesh,26.8467,80.9462,04:53,11:50,15:05,17:30,18:44,2025-10-23
India,Uttar Pradesh,26.8467,80.9462,04:53,11:50,15:04,17:29,18:43,2025-10-24
India,Uttar Pradesh,26.8467,80.9462,04:54,11:50,15:04,17:29,18:42,2025-10-25
India,Uttar Pradesh,26.8467,80.9462,04:54,11:50,15:03,17:28,18:41,2025-10-26
India,Uttar Pradesh,26.8467,80.9462,04:55,11:50,15:03,17:27,18:41,2025-10-27
India,Uttar Pradesh,26.8467,80.9462,04:55,11:50,15:02,17:26,18:40,2025-10-28
India,Uttar Pradesh,26.8467,80.9462,04:56,11:50,15:01,17:25,18:39,2025-10-29
India,Uttar Pradesh,26.8467,80.9462,04:57,11:50,15:01,17:25,18:39,2025-10-30
India,Uttar Pradesh,26.8467,80.9462,04:57,11:50,15:00,17:24,18:38,2025-10-31
India,Uttar Pradesh,26.8467,80.9462,04:58,11:50,15:00,17:23,18:37,2025-11-01
India,Uttar Pradesh,26.8467,80.9462,04:58,11:50,14:59,17:23,18:37,2025-11-02
India,Uttar Pradesh,26.8467,80.9462,04:59,11:50,14:59,17:22,18:36,2025-11-03
India,Uttar Pradesh,26.8467,80.9462,04:59,11:50,14:58,17:21,18:36,2025-11-04
India,Uttar Pradesh,26.8467,80.9462,05:00,11:50,14:58,17:21,18:35,2025-11-05
India,Uttar Pradesh,26.8467,80.9462,05:01,11:50,14:58,17:20,18:35,2025-11-06
India,Uttar Pradesh,26.8467,80.9462,05:01,11:50,14:57,17:19,18:34,2025-11-07
India,Uttar Pradesh,26.8467,80.9462,05:02,11:50,14:57,17:19,18:34,2025-11-08
India,Uttar Pradesh,26.8467,80.9462,05:02,11:50,14:56,17:18,18:33,2025-11-09
India,Uttar Pradesh,26.8467,80.9462,05:03,11:50,14:56,17:18,18:33,2025-11-10
India,Uttar Pradesh,26.8467,80.9462,05:04,11:50,14:56,17:17,18:32,2025-11-11
India,Uttar Pradesh,26.8467,80.9462,05:04,11:50,14:55,17:17,18:32,2025-11-12
India,Uttar Pradesh,26.8467,80.9462,05:05,11:51,14:55,17:16,18:32,2025-11-13
India,Uttar Pradesh,26.8467,80.9462,05:05,11:51,14:55,17:16,18:31,2025-11-14
India,Uttar Pradesh,26.8467,80.9462,05:06,11:51,14:54,17:15,18:31,2025-11-15
India,Uttar Pradesh,26.8467,80.9462,05:07,11:51,14:54,17:15,18:31,2025-11-16
India,Uttar Pradesh,26.8467,80.9462,05:07,11:51,14:54,17:15,18:31,2025-11-17
India,Uttar Pradesh,26.8467,80.9462,05:08,11:51,14:54,17:14,18:30,2025-11-18
India,Uttar Pradesh,26.8467,80.9462,05:09,11:52,14:53,17:14,18:30,2025-11-19
India,Uttar Pradesh,26.8467,80.9462,05:09,11:52,14:53,17:14,18:30,2025-11-20
India,Uttar Pradesh,26.8467,80.9462,05:10,11:52,14:53,17:14,18:30,2025-11-21
India,Uttar Pradesh,26.8467,80.9462,05:10,11:52,14:53,17:13,18:30,2025-11-22
India,Uttar Pradesh,26.8467,80.9462,05:11,11:53,14:53,17:13,18:30,2025-11-23
India,Uttar Pradesh,26.8467,80.9462,05:12,11:53,14:53,17:13,18:30,2025-11-24
India,Uttar Pradesh,26.8467,80.9462,05:12,11:53,14:53,17:13,18:30,2025-11-25
India,Uttar Pradesh,26.8467,80.9462,05:13,11:54,14:53,17:13,18:30,2025-11-26
India,Uttar Pradesh,26.8467,80.9462,05:14,11:54,14:53,17:13,18:30,2025-11-27
India,Uttar Pradesh,26.8467,80.9462,05:14,11:54,14:53,17:13,18:30,2025-11-28
India,Uttar Pradesh,26.8467,80.9462,05:15,11:55,14:53,17:13,18:30,2025-11-29
India,Uttar Pradesh,26.8467,80.9462,05:16,11:55,14:53,17:13,18:30,2025-11-30
India,Uttar Pradesh,26.8467,80.9462,05:16,11:55,14:53,17:13,18:30,2025-12-01
India,Uttar Pradesh,26.8467,80.9462,05:17,11:56,14:53,17:13,18:30,2025-12-02
India,Uttar Pradesh,26.8467,80.9462,05:18,11:56,14:53,17:13,18:30,2025-12-03
India,Uttar Pradesh,26.8467,80.9462,05:18,11:57,14:53,17:13,18:30,2025-12-04
India,Uttar Pradesh,26.8467,80.9462,05:19,11:57,14:53,17:13,18:30,2025-12-05
India,Uttar Pradesh,26.8467,80.9462,05:20,11:57,14:54,17:13,18:31,2025-12-06
India,Uttar Pradesh,26.8467,80.9462,05:20,11:58,14:54,17:13,18:31,2025-12-07
India,Uttar Pradesh,26.8467,80.9462,05:21,11:58,14:54,17:13,18:31,2025-12-08
India,Uttar Pradesh,26.8467,80.9462,05:21,11:59,14:54,17:14,18:31,2025-12-09
India,Uttar Pradesh,26.8467,80.9462,05:22,11:59,14:55,17:14,18:32,2025-12-10
India,Uttar Pradesh,26.8467,80.9462,05:23,12:00,14:55,17:14,18:32,2025-12-11
India,Uttar Pradesh,26.8467,80.9462,05:23,12:00,14:55,17:14,18:32,2025-12-12
India,Uttar Pradesh,26.8467,80.9462,05:24,12:01,14:55,17:15,18:33,2025-12-13
India,Uttar Pradesh,26.8467,80.9462,05:24,12:01,14:56,17:15,18:33,2025-12-14
India,Uttar Pradesh,26.8467,80.9462,05:25,12:02,14:56,17:15,18:33,2025-12-15
India,Uttar Pradesh,26.8467,80.9462,05:25,12:02,14:57,17:16,18:34,2025-12-16
India,Uttar Pradesh,26.8467,80.9462,05:26,12:03,14:57,17:16,18:34,2025-12-17
India,Uttar Pradesh,26.8467,80.9462,05:27,12:03,14:57,17:17,18:35,2025-12-18
India,Uttar Pradesh,26.8467,80.9462,05:27,12:04,14:58,17:17,18:35,2025-12-19
India,Uttar Pradesh,26.8467,80.9462,05:28,12:04,14:58,17:17,18:36,2025-12-20
India,Uttar Pradesh,26.8467,80.9462,05:28,12:05,14:59,17:18,18:36,2025-12-21
India,Uttar Pradesh,26.8467,80.9462,05:29,12:05,14:59,17:18,18:37,2025-12-22
India,Uttar Pradesh,26.8467,80.9462,05:29,12:06,15:00,17:19,18:37,2025-12-23
India,Uttar Pradesh,26.8467,80.9462,05:30,12:06,15:00,17:20,18:38,2025-12-24
India,Uttar Pradesh,26.8467,80.9462,05:30,12:06,15:01,17:20,18:38,2025-12-25
India,Uttar Pradesh,26.8467,80.9462,05:30,12:07,15:02,17:21,18:39,2025-12-26
India,Uttar Pradesh,26.8467,80.9462,05:31,12:07,15:02,17:21,18:39,2025-12-27
India,Uttar Pradesh,26.8467,80.9462,05:31,12:08,15:03,17:22,18:40,2025-12-28
India,Uttar Pradesh,26.8467,80.9462,05:32,12:08,15:03,17:23,18:41,2025-12-29
India,Uttar Pradesh,26.8467,80.9462,05:32,12:09,15:04,17:23,18:41,2025-12-30
India,Uttar Pradesh,26.8467,80.9462,05:32,12:09,15:05,17:24,18:42,2025-12-31
India,Uttarakhand,30.3165,78.0322,05:49,12:22,15:10,17:29,18:49,2025-01-01
India,Uttarakhand,30.3165,78.0322,05:49,12:22,15:11,17:29,18:50,2025-01-02
India,Uttarakhand,30.3165,78.0322,05:50,12:23,15:11,17:30,18:51,2025-01-03
India,Uttarakhand,30.3165,78.0322,05:50,12:23,15:12,17:31,18:51,2025-01-04
India,Uttarakhand,30.3165,78.0322,05:50,12:23,15:13,17:32,18:52,2025-01-05
India,Uttarakhand,30.3165,78.0322,05:50,12:24,15:14,17:32,18:53,2025-01-06
India,Uttarakhand,30.3165,78.0322,05:50,12:24,15:14,17:33,18:53,2025-01-07
India,Uttarakhand,30.3165,78.0322,05:51,12:25,15:15,17:34,18:54,2025-01-08
India,Uttarakhand,30.3165,78.0322,05:51,12:25,15:16,17:35,18:55,2025-01-09
India,Uttarakhand,30.3165,78.0322,05:51,12:26,15:17,17:36,18:56,2025-01-10
India,Uttarakhand,30.3165,78.0322,05:51,12:26,15:17,17:36,18:56,2025-01-11
India,Uttarakhand,30.3165,78.0322,05:51,12:26,15:18,17:37,18:57,2025-01-12
India,Uttarakhand,30.3165,78.0322,05:51,12:27,15:19,17:38,18:58,2025-01-13
India,Uttarakhand,30.3165,78.0322,05:51,12:27,15:20,17:39,18:59,2025-01-14
India,Uttarakhand,30.3165,78.0322,05:51,12:27,15:20,17:40,18:59,2025-01-15
India,Uttarakhand,30.3165,78.0322,05:51,12:28,15:21,17:41,19:00,2025-01-16
India,Uttarakhand,30.3165,78.0322,05:51,12:28,15:22,17:42,19:01,2025-01-17
India,Uttarakhand,30.3165,78.0322,05:51,12:28,15:23,17:42,19:02,2025-01-18
India,Uttarakhand,30.3165,78.0322,05:50,12:29,15:23,17:43,19:02,2025-01-19
India,Uttarakhand,30.3165,78.0322,05:50,12:29,15:24,17:44,19:03,2025-01-20
India,Uttarakhand,30.3165,78.0322,05:50,12:29,15:25,17:45,19:04,2025-01-21
India,Uttarakhand,30.3165,78.0322,05:50,12:30,15:26,17:46,19:05,2025-01-22
India,Uttarakhand,30.3165,78.0322,05:50,12:30,15:27,17:47,19:05,2025-01-23
India,Uttarakhand,30.3165,78.0322,05:49,12:30,15:27,17:48,19:06,2025-01-24
India,Uttarakhand,30.3165,78.0322,05:49,12:30,15:28,17:49,19:07,2025-01-25
India,Uttarakhand,30.3165,78.0322,05:49,12:30,15:29,17:49,19:08,2025-01-26
India,Uttarakhand,30.3165,78.0322,05:48,12:31,15:30,17:50,19:08,2025-01-27
India,Uttarakhand,30.3165,78.0322,05:48,12:31,15:30,17:51,19:09,2025-01-28
India,Uttarakhand,30.3165,78.0322,05:47,12:31,15:31,17:52,19:10,2025-01-29
India,Uttarakhand,30.3165,78.0322,05:47,12:31,15:32,17:53,19:11,2025-01-30
India,Uttarakhand,30.3165,78.0322,05:47,12:31,15:32,17:54,19:11,2025-01-31
India,Uttarakhand,30.3165,78.0322,05:46,12:31,15:33,17:55,19:12,2025-02-01
India,Uttarakhand,30.3165,78.0322,05:46,12:32,15:34,17:56,19:13,2025-02-02
India,Uttarakhand,30.3165,78.0322,05:45,12:32,15:35,17:56,19:14,2025-02-03
India,Uttarakhand,30.3165,78.0322,05:45,12:32,15:35,17:57,19:14,2025-02-04
India,Uttarakhand,30.3165,78.0322,05:44,12:32,15:36,17:58,19:15,2025-02-05
India,Uttarakhand,30.3165,78.0322,05:43,12:32,15:37,17:59,19:16,2025-02-06
India,Uttarakhand,30.3165,78.0322,05:43,12:32,15:37,18:00,19:17,2025-02-07
India,Uttarakhand,30.3165,78.0322,05:42,12:32,15:38,18:01,19:17,2025-02-08
India,Uttarakhand,30.3165,78.0322,05:41,12:32,15:38,18:01,19:18,2025-02-09
India,Uttarakhand,30.3165,78.0322,05:41,12:32,15:39,18:02,19:19,2025-02-10
India,Uttarakhand,30.3165,78.0322,05:40,12:32,15:40,18:03,19:19,2025-02-11
India,Uttarakhand,30.3165,78.0322,05:39,12:32,15:40,18:04,19:20,2025-02-12
India,Uttarakhand,30.3165,78.0322,05:39,12:32,15:41,18:05,19:21,2025-02-13
India,Uttarakhand,30.3165,78.0322,05:38,12:32,15:41,18:06,19:22,2025-02-14
India,Uttarakhand,30.3165,78.0322,05:37,12:32,15:42,18:06,19:22,2025-02-15
India,Uttarakhand,30.3165,78.0322,05:36,12:32,15:42,18:07,19:23,2025-02-16
India,Uttarakhand,30.3165,78.0322,05:35,12:32,15:43,18:08,19:24,2025-02-17
India,Uttarakhand,30.3165,78.0322,05:34,12:32,15:43,18:09,19:24,2025-02-18
India,Uttarakhand,30.3165,78.0322,05:33,12:32,15:44,18:09,19:25,2025-02-19
India,Uttarakhand,30.3165,78.0322,05:33,12:32,15:44,18:10,19:26,2025-02-20
India,Uttarakhand,30.3165,78.0322,05:32,12:31,15:45,18:11,19:26,2025-02-21
India,Uttarakhand,30.3165,78.0322,05:31,12:31,15:45,18:12,19:27,2025-02-22
India,Uttarakhand,30.3165,78.0322,05:30,12:31,15:46,18:12,19:28,2025-02-23
India,Uttarakhand,30.3165,78.0322,05:29,12:31,15:46,18:13,19:29,2025-02-24
India,Uttarakhand,30.3165,78.0322,05:28,12:31,15:47,18:14,19:29,2025-02-25
India,Uttarakhand,30.3165,78.0322,05:27,12:31,15:47,18:15,19:30,2025-02-26
India,Uttarakhand,30.3165,78.0322,05:26,12:30,15:47,18:15,19:31,2025-02-27
India,Uttarakhand,30.3165,78.0322,05:25,12:30,15:48,18:16,19:31,2025-02-28
India,Uttarakhand,30.3165,78.0322,05:24,12:30,15:48,18:17,19:32,2025-03-01
India,Uttarakhand,30.3165,78.0322,05:23,12:30,15:49,18:18,19:33,2025-03-02
India,Uttarakhand,30.3165,78.0322,05:21,12:30,15:49,18:18,19:33,2025-03-03
India,Uttarakhand,30.3165,78.0322,05:20,12:29,15:49,18:19,19:34,2025-03-04
India,Uttarakhand,30.3165,78.0322,05:19,12:29,15:49,18:20,19:35,2025-03-05
India,Uttarakhand,30.3165,78.0322,05:18,12:29,15:50,18:20,19:35,2025-03-06
India,Uttarakhand,30.3165,78.0322,05:17,12:29,15:50,18:21,19:36,2025-03-07
India,Uttarakhand,30.3165,78.0322,05:16,12:29,15:50,18:22,19:37,2025-03-08
India,Uttarakhand,30.3165,78.0322,05:15,12:28,15:51,18:22,19:37,2025-03-09
India,Uttarakhand,30.3165,78.0322,05:13,12:28,15:51,18:23,19:38,2025-03-10
India,Uttarakhand,30.3165,78.0322,05:12,12:28,15:51,18:24,19:39,2025-03-11
India,Uttarakhand,30.3165,78.0322,05:11,12:27,15:51,18:24,19:39,2025-03-12
India,Uttarakhand,30.3165,78.0322,05:10,12:27,15:51,18:25,19:40,2025-03-13
India,Uttarakhand,30.3165,78.0322,05:09,12:27,15:52,18:26,19:41,2025-03-14
India,Uttarakhand,30.3165,78.0322,05:07,12:27,15:52,18:26,19:41,2025-03-15
India,Uttarakhand,30.3165,78.0322,05:06,12:26,15:52,18:27,19:42,2025-03-16
India,Uttarakhand,30.3165,78.0322,05:05,12:26,15:52,18:27,19:43,2025-03-17
India,Uttarakhand,30.3165,78.0322,05:04,12:26,15:52,18:28,19:43,2025-03-18
India,Uttarakhand,30.3165,78.0322,05:02,12:25,15:52,18:29,19:44,2025-03-19
India,Uttarakhand,30.3165,78.0322,05:01,12:25,15:53,18:29,19:45,2025-03-20
India,Uttarakhand,30.3165,78.0322,05:00,12:25,15:53,18:30,19:45,2025-03-21
India,Uttarakhand,30.3165,78.0322,04:58,12:25,15:53,18:31,19:46,2025-03-22
India,Uttarakhand,30.3165,78.0322,04:57,12:24,15:53,18:31,19:47,2025-03-23
India,Uttarakhand,30.3165,78.0322,04:56,12:24,15:53,18:32,19:48,2025-03-24
India,Uttarakhand,30.3165,78.0322,04:54,12:24,15:53,18:32,19:48,2025-03-25
India,Uttarakhand,30.3165,78.0322,04:53,12:23,15:53,18:33,19:49,2025-03-26
India,Uttarakhand,30.3165,78.0322,04:52,12:23,15:53,18:34,19:50,2025-03-27
India,Uttarakhand,30.3165,78.0322,04:50,12:23,15:53,18:34,19:50,2025-03-28
India,Uttarakhand,30.3165,78.0322,04:49,12:22,15:53,18:35,19:51,2025-03-29
India,Uttarakhand,30.3165,78.0322,04:48,12:22,15:53,18:36,19:52,2025-03-30
India,Uttarakhand,30.3165,78.0322,04:46,12:22,15:53,18:36,19:53,2025-03-31
India,Uttarakhand,30.3165,78.0322,04:45,12:22,15:53,18:37,19:53,2025-04-01
India,Uttarakhand,30.3165,78.0322,04:44,12:21,15:53,18:37,19:54,2025-04-02
India,Uttarakhand,30.3165,78.0322,04:42,12:21,15:53,18:38,19:55,2025-04-03
India,Uttarakhand,30.3165,78.0322,04:41,12:21,15:53,18:39,19:55,2025-04-04
India,Uttarakhand,30.3165,78.0322,04:40,12:20,15:53,18:39,19:56,2025-04-05
India,Uttarakhand,30.3165,78.0322,04:38,12:20,15:53,18:40,19:57,2025-04-06
India,Uttarakhand,30.3165,78.0322,04:37,12:20,15:53,18:41,19:58,2025-04-07
India,Uttarakhand,30.3165,78.0322,04:36,12:20,15:53,18:41,19:59,2025-04-08
India,Uttarakhand,30.3165,78.0322,04:34,12:19,15:53,18:42,19:59,2025-04-09
India,Uttarakhand,30.3165,78.0322,04:33,12:19,15:53,18:42,20:00,2025-04-10
India,Uttarakhand,30.3165,78.0322,04:32,12:19,15:53,18:43,20:01,2025-04-11
India,Uttarakhand,30.3165,78.0322,04:30,12:19,15:53,18:44,20:02,2025-04-12
India,Uttarakhand,30.3165,78.0322,04:29,12:18,15:53,18:44,20:02,2025-04-13
India,Uttarakhand,30.3165,78.0322,04:28,12:18,15:53,18:45,20:03,2025-04-14
India,Uttarakhand,30.3165,78.0322,04:26,12:18,15:53,18:46,20:04,2025-04-15
India,Uttarakhand,30.3165,78.0322,04:25,12:18,15:53,18:46,20:05,2025-04-16
India,Uttarakhand,30.3165,78.0322,04:24,12:17,15:53,18:47,20:06,2025-04-17
India,Uttarakhand,30.3165,78.0322,04:23,12:17,15:53,18:47,20:07,2025-04-18
India,Uttarakhand,30.3165,78.0322,04:21,12:17,15:53,18:48,20:07,2025-04-19
India,Uttarakhand,30.3165,78.0322,04:20,12:17,15:53,18:49,20:08,2025-04-20
India,Uttarakhand,30.3165,78.0322,04:19,12:16,15:53,18:49,20:09,2025-04-21
India,Uttarakhand,30.3165,78.0322,04:17,12:16,15:53,18:50,20:10,2025-04-22
India,Uttarakhand,30.3165,78.0322,04:16,12:16,15:53,18:51,20:11,2025-04-23
India,Uttarakhand,30.3165,78.0322,04:15,12:16,15:53,18:51,20:12,2025-04-24
India,Uttarakhand,30.3165,78.0322,04:14,12:16,15:52,18:52,20:13,2025-04-25
India,Uttarakhand,30.3165,78.0322,04:12,12:16,15:52,18:53,20:13,2025-04-26
India,Uttarakhand,30.3165,78.0322,04:11,12:15,15:52,18:53,20:14,2025-04-27
India,Uttarakhand,30.3165,78.0322,04:10,12:15,15:52,18:54,20:15,2025-04-28
India,Uttarakhand,30.3165,78.0322,04:09,12:15,15:52,18:55,20:16,2025-04-29
India,Uttarakhand,30.3165,78.0322,04:08,12:15,15:52,18:55,20:17,2025-04-30
India,Uttarakhand,30.3165,78.0322,04:07,12:15,15:52,18:56,20:18,2025-05-01
India,Uttarakhand,30.3165,78.0322,04:05,12:15,15:52,18:56,20:19,2025-05-02
India,Uttarakhand,30.3165,78.0322,04:04,12:15,15:52,18:57,20:20,2025-05-03
India,Uttarakhand,30.3165,78.0322,04:03,12:15,15:52,18:58,20:21,2025-05-04
India,Uttarakhand,30.3165,78.0322,04:02,12:15,15:52,18:58,20:21,2025-05-05
India,Uttarakhand,30.3165,78.0322,04:01,12:14,15:52,18:59,20:22,2025-05-06
India,Uttarakhand,30.3165,78.0322,04:00,12:14,15:52,19:00,20:23,2025-05-07
India,Uttarakhand,30.3165,78.0322,03:59,12:14,15:52,19:00,20:24,2025-05-08
India,Uttarakhand,30.3165,78.0322,03:58,12:14,15:52,19:01,20:25,2025-05-09
India,Uttarakhand,30.3165,78.0322,03:57,12:14,15:52,19:02,20:26,2025-05-10
India,Uttarakhand,30.3165,78.0322,03:56,12:14,15:52,19:02,20:27,2025-05-11
India,Uttarakhand,30.3165,78.0322,03:55,12:14,15:52,19:03,20:28,2025-05-12
India,Uttarakhand,30.3165,78.0322,03:54,12:14,15:52,19:04,20:29,2025-05-13
India,Uttarakhand,30.3165,78.0322,03:53,12:14,15:52,19:04,20:30,2025-05-14
India,Uttarakhand,30.3165,78.0322,03:52,12:14,15:52,19:05,20:31,2025-05-15
India,Uttarakhand,30.3165,78.0322,03:51,12:14,15:52,19:06,20:31,2025-05-16
India,Uttarakhand,30.3165,78.0322,03:51,12:14,15:52,19:06,20:32,2025-05-17
India,Uttarakhand,30.3165,78.0322,03:50,12:14,15:52,19:07,20:33,2025-05-18
India,Uttarakhand,30.3165,78.0322,03:49,12:14,15:52,19:08,20:34,2025-05-19
India,Uttarakhand,30.3165,78.0322,03:48,12:14,15:52,19:08,20:35,2025-05-20
India,Uttarakhand,30.3165,78.0322,03:47,12:15,15:52,19:09,20:36,2025-05-21
India,Uttarakhand,30.3165,78.0322,03:47,12:15,15:52,19:09,20:37,2025-05-22
India,Uttarakhand,30.3165,78.0322,03:46,12:15,15:52,19:10,20:37,2025-05-23
India,Uttarakhand,30.3165,78.0322,03:45,12:15,15:52,19:11,20:38,2025-05-24
India,Uttarakhand,30.3165,78.0322,03:45,12:15,15:52,19:11,20:39,2025-05-25
India,Uttarakhand,30.3165,78.0322,03:44,12:15,15:52,19:12,20:40,2025-05-26
India,Uttarakhand,30.3165,78.0322,03:44,12:15,15:52,19:12,20:41,2025-05-27
India,Uttarakhand,30.3165,78.0322,03:43,12:15,15:52,19:13,20:41,2025-05-28
India,Uttarakhand,30.3165,78.0322,03:43,12:15,15:52,19:14,20:42,2025-05-29
India,Uttarakhand,30.3165,78.0322,03:42,12:16,15:52,19:14,20:43,2025-05-30
India,Uttarakhand,30.3165,78.0322,03:42,12:16,15:52,19:15,20:44,2025-05-31
India,Uttarakhand,30.3165,78.0322,03:41,12:16,15:53,19:15,20:44,2025-06-01
India,Uttarakhand,30.3165,78.0322,03:41,12:16,15:53,19:16,20:45,2025-06-02
India,Uttarakhand,30.3165,78.0322,03:40,12:16,15:53,19:16,20:46,2025-06-03
India,Uttarakhand,30.3165,78.0322,03:40,12:16,15:53,19:17,20:46,2025-06-04
India,Uttarakhand,30.3165,78.0322,03:40,12:16,15:53,19:17,20:47,2025-06-05
India,Uttarakhand,30.3165,78.0322,03:40,12:17,15:53,19:18,20:48,2025-06-06
India,Uttarakhand,30.3165,78.0322,03:39,12:17,15:53,19:18,20:48,2025-06-07
India,Uttarakhand,30.3165,78.0322,03:39,12:17,15:53,19:19,20:49,2025-06-08
India,Uttarakhand,30.3165,78.0322,03:39,12:17,15:54,19:19,20:49,2025-06-09
India,Uttarakhand,30.3165,78.0322,03:39,12:17,15:54,19:19,20:50,2025-06-10
India,Uttarakhand,30.3165,78.0322,03:39,12:18,15:54,19:20,20:50,2025-06-11
India,Uttarakhand,30.3165,78.0322,03:39,12:18,15:54,19:20,20:51,2025-06-12
India,Uttarakhand,30.3165,78.0322,03:39,12:18,15:54,19:21,20:51,2025-06-13
India,Uttarakhand,30.3165,78.0322,03:39,12:18,15:55,19:21,20:52,2025-06-14
India,Uttarakhand,30.3165,78.0322,03:39,12:18,15:55,19:21,20:52,2025-06-15
India,Uttarakhand,30.3165,78.0322,03:39,12:19,15:55,19:22,20:52,2025-06-16
India,Uttarakhand,30.3165,78.0322,03:39,12:19,15:55,19:22,20:53,2025-06-17
India,Uttarakhand,30.3165,78.0322,03:39,12:19,15:55,19:22,20:53,2025-06-18
India,Uttarakhand,30.3165,78.0322,03:39,12:19,15:56,19:22,20:53,2025-06-19
India,Uttarakhand,30.3165,78.0322,03:39,12:20,15:56,19:23,20:54,2025-06-20
India,Uttarakhand,30.3165,78.0322,03:40,12:20,15:56,19:23,20:54,2025-06-21
India,Uttarakhand,30.3165,78.0322,03:40,12:20,15:56,19:23,20:54,2025-06-22
India,Uttarakhand,30.3165,78.0322,03:40,12:20,15:56,19:23,20:54,2025-06-23
India,Uttarakhand,30.3165,78.0322,03:40,12:20,15:57,19:23,20:54,2025-06-24
India,Uttarakhand,30.3165,78.0322,03:41,12:21,15:57,19:24,20:54,2025-06-25
India,Uttarakhand,30.3165,78.0322,03:41,12:21,15:57,19:24,20:54,2025-06-26
India,Uttarakhand,30.3165,78.0322,03:41,12:21,15:57,19:24,20:54,2025-06-27
India,Uttarakhand,30.3165,78.0322,03:42,12:21,15:58,19:24,20:54,2025-06-28
India,Uttarakhand,30.3165,78.0322,03:42,12:21,15:58,19:24,20:54,2025-06-29
India,Uttarakhand,30.3165,78.0322,03:43,12:22,15:58,19:24,20:54,2025-06-30
India,Uttarakhand,30.3165,78.0322,03:43,12:22,15:58,19:24,20:54,2025-07-01
India,Uttarakhand,30.3165,78.0322,03:44,12:22,15:58,19:24,20:54,2025-07-02
India,Uttarakhand,30.3165,78.0322,03:44,12:22,15:59,19:24,20:54,2025-07-03
India,Uttarakhand,30.3165,78.0322,03:45,12:22,15:59,19:24,20:54,2025-07-04
India,Uttarakhand,30.3165,78.0322,03:46,12:23,15:59,19:24,20:53,2025-07-05
India,Uttarakhand,30.3165,78.0322,03:46,12:23,15:59,19:23,20:53,2025-07-06
India,Uttarakhand,30.3165,78.0322,03:47,12:23,15:59,19:23,20:53,2025-07-07
India,Uttarakhand,30.3165,78.0322,03:47,12:23,16:00,19:23,20:53,2025-07-08
India,Uttarakhand,30.3165,78.0322,03:48,12:23,16:00,19:23,20:52,2025-07-09
India,Uttarakhand,30.3165,78.0322,03:49,12:23,16:00,19:23,20:52,2025-07-10
India,Uttarakhand,30.3165,78.0322,03:50,12:23,16:00,19:22,20:51,2025-07-11
India,Uttarakhand,30.3165,78.0322,03:50,12:24,16:00,19:22,20:51,2025-07-12
India,Uttarakhand,30.3165,78.0322,03:51,12:24,16:01,19:22,20:50,2025-07-13
India,Uttarakhand,30.3165,78.0322,03:52,12:24,16:01,19:22,20:50,2025-07-14
India,Uttarakhand,30.3165,78.0322,03:53,12:24,16:01,19:21,20:49,2025-07-15
India,Uttarakhand,30.3165,78.0322,03:53,12:24,16:01,19:21,20:49,2025-07-16
India,Uttarakhand,30.3165,78.0322,03:54,12:24,16:01,19:20,20:48,2025-07-17
India,Uttarakhand,30.3165,78.0322,03:55,12:24,16:01,19:20,20:48,2025-07-18
India,Uttarakhand,30.3165,78.0322,03:56,12:24,16:01,19:20,20:47,2025-07-19
India,Uttarakhand,30.3165,78.0322,03:57,12:24,16:01,19:19,20:46,2025-07-20
India,Uttarakhand,30.3165,78.0322,03:57,12:24,16:02,19:19,20:45,2025-07-21
India,Uttarakhand,30.3165,78.0322,03:58,12:24,16:02,19:18,20:45,2025-07-22
India,Uttarakhand,30.3165,78.0322,03:59,12:24,16:02,19:18,20:44,2025-07-23
India,Uttarakhand,30.3165,78.0322,04:00,12:24,16:02,19:17,20:43,2025-07-24
India,Uttarakhand,30.3165,78.0322,04:01,12:24,16:02,19:16,20:42,2025-07-25
India,Uttarakhand,30.3165,78.0322,04:02,12:24,16:02,19:16,20:42,2025-07-26
India,Uttarakhand,30.3165,78.0322,04:03,12:24,16:02,19:15,20:41,2025-07-27
India,Uttarakhand,30.3165,78.0322,04:03,12:24,16:02,19:14,20:40,2025-07-28
India,Uttarakhand,30.3165,78.0322,04:04,12:24,16:02,19:14,20:39,2025-07-29
India,Uttarakhand,30.3165,78.0322,04:05,12:24,16:02,19:13,20:38,2025-07-30
India,Uttarakhand,30.3165,78.0322,04:06,12:24,16:02,19:12,20:37,2025-07-31
India,Uttarakhand,30.3165,78.0322,04:07,12:24,16:02,19:12,20:36,2025-08-01
India,Uttarakhand,30.3165,78.0322,04:08,12:24,16:02,19:11,20:35,2025-08-02
India,Uttarakhand,30.3165,78.0322,04:09,12:24,16:01,19:10,20:34,2025-08-03
India,Uttarakhand,30.3165,78.0322,04:10,12:24,16:01,19:09,20:33,2025-08-04
India,Uttarakhand,30.3165,78.0322,04:10,12:24,16:01,19:09,20:32,2025-08-05
India,Uttarakhand,30.3165,78.0322,04:11,12:24,16:01,19:08,20:31,2025-08-06
India,Uttarakhand,30.3165,78.0322,04:12,12:24,16:01,19:07,20:30,2025-08-07
India,Uttarakhand,30.3165,78.0322,04:13,12:23,16:01,19:06,20:29,2025-08-08
India,Uttarakhand,30.3165,78.0322,04:14,12:23,16:01,19:05,20:27,2025-08-09
India,Uttarakhand,30.3165,78.0322,04:15,12:23,16:00,19:04,20:26,2025-08-10
India,Uttarakhand,30.3165,78.0322,04:16,12:23,16:00,19:03,20:25,2025-08-11
India,Uttarakhand,30.3165,78.0322,04:16,12:23,16:00,19:02,20:24,2025-08-12
India,Uttarakhand,30.3165,78.0322,04:17,12:23,16:00,19:01,20:23,2025-08-13
India,Uttarakhand,30.3165,78.0322,04:18,12:22,15:59,19:00,20:22,2025-08-14
India,Uttarakhand,30.3165,78.0322,04:19,12:22,15:59,18:59,20:20,2025-08-15
India,Uttarakhand,30.3165,78.0322,04:20,12:22,15:59,18:58,20:19,2025-08-16
India,Uttarakhand,30.3165,78.0322,04:21,12:22,15:58,18:57,20:18,2025-08-17
India,Uttarakhand,30.3165,78.0322,04:21,12:22,15:58,18:56,20:17,2025-08-18
India,Uttarakhand,30.3165,78.0322,04:22,12:21,15:58,18:55,20:15,2025-08-19
India,Uttarakhand,30.3165,78.0322,04:23,12:21,15:57,18:54,20:14,2025-08-20
India,Uttarakhand,30.3165,78.0322,04:24,12:21,15:57,18:53,20:13,2025-08-21
India,Uttarakhand,30.3165,78.0322,04:25,12:21,15:57,18:52,20:11,2025-08-22
India,Uttarakhand,30.3165,78.0322,04:26,12:20,15:56,18:51,20:10,2025-08-23
India,Uttarakhand,30.3165,78.0322,04:26,12:20,15:56,18:50,20:09,2025-08-24
India,Uttarakhand,30.3165,78.0322,04:27,12:20,15:55,18:49,20:08,2025-08-25
India,Uttarakhand,30.3165,78.0322,04:28,12:20,15:55,18:48,20:06,2025-08-26
India,Uttarakhand,30.3165,78.0322,04:29,12:19,15:54,18:46,20:05,2025-08-27
India,Uttarakhand,30.3165,78.0322,04:29,12:19,15:54,18:45,20:04,2025-08-28
India,Uttarakhand,30.3165,78.0322,04:30,12:19,15:53,18:44,20:02,2025-08-29
India,Uttarakhand,30.3165,78.0322,04:31,12:18,15:53,18:43,20:01,2025-08-30
India,Uttarakhand,30.3165,78.0322,04:32,12:18,15:52,18:42,19:59,2025-08-31
India,Uttarakhand,30.3165,78.0322,04:32,12:18,15:52,18:40,19:58,2025-09-01
India,Uttarakhand,30.3165,78.0322,04:33,12:17,15:51,18:39,19:57,2025-09-02
India,Uttarakhand,30.3165,78.0322,04:34,12:17,15:51,18:38,19:55,2025-09-03
India,Uttarakhand,30.3165,78.0322,04:35,12:17,15:50,18:37,19:54,2025-09-04
India,Uttarakhand,30.3165,78.0322,04:35,12:16,15:50,18:36,19:53,2025-09-05
India,Uttarakhand,30.3165,78.0322,04:36,12:16,15:49,18:34,19:51,2025-09-06
India,Uttarakhand,30.3165,78.0322,04:37,12:16,15:48,18:33,19:50,2025-09-07
India,Uttarakhand,30.3165,78.0322,04:37,12:15,15:48,18:32,19:49,2025-09-08
India,Uttarakhand,30.3165,78.0322,04:38,12:15,15:47,18:31,19:47,2025-09-09
India,Uttarakhand,30.3165,78.0322,04:39,12:15,15:46,18:29,19:46,2025-09-10
India,Uttarakhand,30.3165,78.0322,04:39,12:14,15:46,18:28,19:44,2025-09-11
India,Uttarakhand,30.3165,78.0322,04:40,12:14,15:45,18:27,19:43,2025-09-12
India,Uttarakhand,30.3165,78.0322,04:41,12:14,15:44,18:26,19:42,2025-09-13
India,Uttarakhand,30.3165,78.0322,04:41,12:13,15:44,18:24,19:40,2025-09-14
India,Uttarakhand,30.3165,78.0322,04:42,12:13,15:43,18:23,19:39,2025-09-15
India,Uttarakhand,30.3165,78.0322,04:43,12:13,15:42,18:22,19:38,2025-09-16
India,Uttarakhand,30.3165,78.0322,04:43,12:12,15:41,18:21,19:36,2025-09-17
India,Uttarakhand,30.3165,78.0322,04:44,12:12,15:41,18:19,19:35,2025-09-18
India,Uttarakhand,30.3165,78.0322,04:45,12:11,15:40,18:18,19:34,2025-09-19
India,Uttarakhand,30.3165,78.0322,04:45,12:11,15:39,18:17,19:32,2025-09-20
India,Uttarakhand,30.3165,78.0322,04:46,12:11,15:38,18:16,19:31,2025-09-21
India,Uttarakhand,30.3165,78.0322,04:46,12:10,15:38,18:14,19:30,2025-09-22
India,Uttarakhand,30.3165,78.0322,04:47,12:10,15:37,18:13,19:28,2025-09-23
India,Uttarakhand,30.3165,78.0322,04:48,12:10,15:36,18:12,19:27,2025-09-24
India,Uttarakhand,30.3165,78.0322,04:48,12:09,15:35,18:11,19:26,2025-09-25
India,Uttarakhand,30.3165,78.0322,04:49,12:09,15:35,18:09,19:24,2025-09-26
India,Uttarakhand,30.3165,78.0322,04:50,12:09,15:34,18:08,19:23,2025-09-27
India,Uttarakhand,30.3165,78.0322,04:50,12:08,15:33,18:07,19:22,2025-09-28
India,Uttarakhand,30.3165,78.0322,04:51,12:08,15:32,18:06,19:21,2025-09-29
India,Uttarakhand,30.3165,78.0322,04:51,12:08,15:31,18:04,19:19,2025-09-30
India,Uttarakhand,30.3165,78.0322,04:52,12:07,15:31,18:03,19:18,2025-10-01
India,Uttarakhand,30.3165,78.0322,04:53,12:07,15:30,18:02,19:17,2025-10-02
India,Uttarakhand,30.3165,78.0322,04:53,12:07,15:29,18:01,19:16,2025-10-03
India,Uttarakhand,30.3165,78.0322,04:54,12:06,15:28,17:59,19:14,2025-10-04
India,Uttarakhand,30.3165,78.0322,04:54,12:06,15:27,17:58,19:13,2025-10-05
India,Uttarakhand,30.3165,78.0322,04:55,12:06,15:27,17:57,19:12,2025-10-06
India,Uttarakhand,30.3165,78.0322,04:56,12:06,15:26,17:56,19:11,2025-10-07
India,Uttarakhand,30.3165,78.0322,04:56,12:05,15:25,17:55,19:10,2025-10-08
India,Uttarakhand,30.3165,78.0322,04:57,12:05,15:24,17:53,19:09,2025-10-09
India,Uttarakhand,30.3165,78.0322,04:57,12:05,15:23,17:52,19:07,2025-10-10
India,Uttarakhand,30.3165,78.0322,04:58,12:04,15:23,17:51,19:06,2025-10-11
India,Uttarakhand,30.3165,78.0322,04:59,12:04,15:22,17:50,19:05,2025-10-12
India,Uttarakhand,30.3165,78.0322,04:59,12:04,15:21,17:49,19:04,2025-10-13
India,Uttarakhand,30.3165,78.0322,05:00,12:04,15:20,17:48,19:03,2025-10-14
India,Uttarakhand,30.3165,78.0322,05:00,12:04,15:19,17:47,19:02,2025-10-15
India,Uttarakhand,30.3165,78.0322,05:01,12:03,15:19,17:46,19:01,2025-10-16
India,Uttarakhand,30.3165,78.0322,05:02,12:03,15:18,17:45,19:00,2025-10-17
India,Uttarakhand,30.3165,78.0322,05:02,12:03,15:17,17:43,18:59,2025-10-18
India,Uttarakhand,30.3165,78.0322,05:03,12:03,15:16,17:42,18:58,2025-10-19
India,Uttarakhand,30.3165,78.0322,05:04,12:03,15:16,17:41,18:57,2025-10-20
India,Uttarakhand,30.3165,78.0322,05:04,12:02,15:15,17:40,18:56,2025-10-21
India,Uttarakhand,30.3165,78.0322,05:05,12:02,15:14,17:39,18:55,2025-10-22
India,Uttarakhand,30.3165,78.0322,05:05,12:02,15:13,17:38,18:54,2025-10-23
India,Uttarakhand,30.3165,78.0322,05:06,12:02,15:13,17:37,18:53,2025-10-24
India,Uttarakhand,30.3165,78.0322,05:07,12:02,15:12,17:36,18:52,2025-10-25
India,Uttarakhand,30.3165,78.0322,05:07,12:02,15:11,17:35,18:52,2025-10-26
India,Uttarakhand,30.3165,78.0322,05:08,12:02,15:11,17:35,18:51,2025-10-27
India,Uttarakhand,30.3165,78.0322,05:09,12:02,15:10,17:34,18:50,2025-10-28
India,Uttarakhand,30.3165,78.0322,05:09,12:02,15:09,17:33,18:49,2025-10-29
India,Uttarakhand,30.3165,78.0322,05:10,12:02,15:09,17:32,18:48,2025-10-30
India,Uttarakhand,30.3165,78.0322,05:11,12:01,15:08,17:31,18:48,2025-10-31
India,Uttarakhand,30.3165,78.0322,05:11,12:01,15:07,17:30,18:47,2025-11-01
India,Uttarakhand,30.3165,78.0322,05:12,12:01,15:07,17:29,18:46,2025-11-02
India,Uttarakhand,30.3165,78.0322,05:13,12:01,15:06,17:29,18:46,2025-11-03
India,Uttarakhand,30.3165,78.0322,05:13,12:01,15:06,17:28,18:45,2025-11-04
India,Uttarakhand,30.3165,78.0322,05:14,12:01,15:05,17:27,18:44,2025-11-05
India,Uttarakhand,30.3165,78.0322,05:15,12:02,15:04,17:26,18:44,2025-11-06
India,Uttarakhand,30.3165,78.0322,05:15,12:02,15:04,17:26,18:43,2025-11-07
India,Uttarakhand,30.3165,78.0322,05:16,12:02,15:03,17:25,18:43,2025-11-08
India,Uttarakhand,30.3165,78.0322,05:17,12:02,15:03,17:24,18:42,2025-11-09
India,Uttarakhand,30.3165,78.0322,05:17,12:02,15:03,17:24,18:41,2025-11-10
India,Uttarakhand,30.3165,78.0322,05:18,12:02,15:02,17:23,18:41,2025-11-11
India,Uttarakhand,30.3165,78.0322,05:19,12:02,15:02,17:23,18:41,2025-11-12
India,Uttarakhand,30.3165,78.0322,05:20,12:02,15:01,17:22,18:40,2025-11-13
India,Uttarakhand,30.3165,78.0322,05:20,12:02,15:01,17:22,18:40,2025-11-14
India,Uttarakhand,30.3165,78.0322,05:21,12:03,15:01,17:21,18:39,2025-11-15
India,Uttarakhand,30.3165,78.0322,05:22,12:03,15:00,17:21,18:39,2025-11-16
India,Uttarakhand,30.3165,78.0322,05:22,12:03,15:00,17:20,18:39,2025-11-17
India,Uttarakhand,30.3165,78.0322,05:23,12:03,15:00,17:20,18:38,2025-11-18
India,Uttarakhand,30.3165,78.0322,05:24,12:03,14:59,17:19,18:38,2025-11-19
India,Uttarakhand,30.3165,78.0322,05:25,12:04,14:59,17:19,18:38,2025-11-20
India,Uttarakhand,30.3165,78.0322,05:25,12:04,14:59,17:19,18:38,2025-11-21
India,Uttarakhand,30.3165,78.0322,05:26,12:04,14:59,17:18,18:37,2025-11-22
India,Uttarakhand,30.3165,78.0322,05:27,12:04,14:58,17:18,18:37,2025-11-23
India,Uttarakhand,30.3165,78.0322,05:27,12:05,14:58,17:18,18:37,2025-11-24
India,Uttarakhand,30.3165,78.0322,05:28,12:05,14:58,17:18,18:37,2025-11-25
India,Uttarakhand,30.3165,78.0322,05:29,12:05,14:58,17:17,18:37,2025-11-26
India,Uttarakhand,30.3165,78.0322,05:30,12:06,14:58,17:17,18:37,2025-11-27
India,Uttarakhand,30.3165,78.0322,05:30,12:06,14:58,17:17,18:37,2025-11-28
India,Uttarakhand,30.3165,78.0322,05:31,12:06,14:58,17:17,18:37,2025-11-29
India,Uttarakhand,30.3165,78.0322,05:32,12:07,14:58,17:17,18:37,2025-11-30
India,Uttarakhand,30.3165,78.0322,05:32,12:07,14:58,17:17,18:37,2025-12-01
India,Uttarakhand,30.3165,78.0322,05:33,12:07,14:58,17:17,18:37,2025-12-02
India,Uttarakhand,30.3165,78.0322,05:34,12:08,14:58,17:17,18:37,2025-12-03
India,Uttarakhand,30.3165,78.0322,05:34,12:08,14:58,17:17,18:37,2025-12-04
India,Uttarakhand,30.3165,78.0322,05:35,12:09,14:58,17:17,18:37,2025-12-05
India,Uttarakhand,30.3165,78.0322,05:36,12:09,14:58,17:17,18:38,2025-12-06
India,Uttarakhand,30.3165,78.0322,05:36,12:10,14:59,17:17,18:38,2025-12-07
India,Uttarakhand,30.3165,78.0322,05:37,12:10,14:59,17:17,18:38,2025-12-08
India,Uttarakhand,30.3165,78.0322,05:38,12:10,14:59,17:18,18:38,2025-12-09
India,Uttarakhand,30.3165,78.0322,05:38,12:11,14:59,17:18,18:38,2025-12-10
India,Uttarakhand,30.3165,78.0322,05:39,12:11,14:59,17:18,18:39,2025-12-11
India,Uttarakhand,30.3165,78.0322,05:40,12:12,15:00,17:18,18:39,2025-12-12
India,Uttarakhand,30.3165,78.0322,05:40,12:12,15:00,17:19,18:39,2025-12-13
India,Uttarakhand,30.3165,78.0322,05:41,12:13,15:00,17:19,18:40,2025-12-14
India,Uttarakhand,30.3165,78.0322,05:41,12:13,15:01,17:19,18:40,2025-12-15
India,Uttarakhand,30.3165,78.0322,05:42,12:14,15:01,17:20,18:40,2025-12-16
India,Uttarakhand,30.3165,78.0322,05:43,12:14,15:02,17:20,18:41,2025-12-17
India,Uttarakhand,30.3165,78.0322,05:43,12:15,15:02,17:20,18:41,2025-12-18
India,Uttarakhand,30.3165,78.0322,05:44,12:15,15:02,17:21,18:42,2025-12-19
India,Uttarakhand,30.3165,78.0322,05:44,12:16,15:03,17:21,18:42,2025-12-20
India,Uttarakhand,30.3165,78.0322,05:45,12:16,15:03,17:22,18:43,2025-12-21
India,Uttarakhand,30.3165,78.0322,05:45,12:17,15:04,17:22,18:43,2025-12-22
India,Uttarakhand,30.3165,78.0322,05:46,12:17,15:04,17:23,18:44,2025-12-23
India,Uttarakhand,30.3165,78.0322,05:46,12:18,15:05,17:23,18:44,2025-12-24
India,Uttarakhand,30.3165,78.0322,05:47,12:18,15:06,17:24,18:45,2025-12-25
India,Uttarakhand,30.3165,78.0322,05:47,12:19,15:06,17:25,18:45,2025-12-26
India,Uttarakhand,30.3165,78.0322,05:47,12:19,15:07,17:25,18:46,2025-12-27
India,Uttarakhand,30.3165,78.0322,05:48,12:20,15:07,17:26,18:47,2025-12-28
India,Uttarakhand,30.3165,78.0322,05:48,12:20,15:08,17:26,18:47,2025-12-29
India,Uttarakhand,30.3165,78.0322,05:48,12:21,15:09,17:27,18:48,2025-12-30
India,Uttarakhand,30.3165,78.0322,05:49,12:21,15:09,17:28,18:48,2025-12-31
India,West Bengal,22.5726,88.3639,04:57,11:40,14:43,17:04,18:19,2025-01-01
India,West Bengal,22.5726,88.3639,04:57,11:41,14:44,17:04,18:20,2025-01-02
India,West Bengal,22.5726,88.3639,04:58,11:41,14:44,17:05,18:20,2025-01-03
India,West Bengal,22.5726,88.3639,04:58,11:42,14:45,17:06,18:21,2025-01-04
India,West Bengal,22.5726,88.3639,04:58,11:42,14:46,17:06,18:21,2025-01-05
India,West Bengal,22.5726,88.3639,04:59,11:43,14:46,17:07,18:22,2025-01-06
India,West Bengal,22.5726,88.3639,04:59,11:43,14:47,17:08,18:23,2025-01-07
India,West Bengal,22.5726,88.3639,04:59,11:43,14:48,17:08,18:23,2025-01-08
India,West Bengal,22.5726,88.3639,04:59,11:44,14:48,17:09,18:24,2025-01-09
India,West Bengal,22.5726,88.3639,05:00,11:44,14:49,17:10,18:24,2025-01-10
India,West Bengal,22.5726,88.3639,05:00,11:45,14:50,17:11,18:25,2025-01-11
India,West Bengal,22.5726,88.3639,05:00,11:45,14:50,17:11,18:26,2025-01-12
India,West Bengal,22.5726,88.3639,05:00,11:45,14:51,17:12,18:26,2025-01-13
India,West Bengal,22.5726,88.3639,05:00,11:46,14:51,17:13,18:27,2025-01-14
India,West Bengal,22.5726,88.3639,05:00,11:46,14:52,17:13,18:28,2025-01-15
India,West Bengal,22.5726,88.3639,05:00,11:46,14:53,17:14,18:28,2025-01-16
India,West Bengal,22.5726,88.3639,05:00,11:47,14:53,17:15,18:29,2025-01-17
India,West Bengal,22.5726,88.3639,05:00,11:47,14:54,17:15,18:29,2025-01-18
India,West Bengal,22.5726,88.3639,05:00,11:47,14:55,17:16,18:30,2025-01-19
India,West Bengal,22.5726,88.3639,05:00,11:48,14:55,17:17,18:31,2025-01-20
India,West Bengal,22.5726,88.3639,05:00,11:48,14:56,17:18,18:31,2025-01-21
India,West Bengal,22.5726,88.3639,05:00,11:48,14:56,17:18,18:32,2025-01-22
India,West Bengal,22.5726,88.3639,05:00,11:48,14:57,17:19,18:32,2025-01-23
India,West Bengal,22.5726,88.3639,05:00,11:49,14:58,17:20,18:33,2025-01-24
India,West Bengal,22.5726,88.3639,05:00,11:49,14:58,17:20,18:34,2025-01-25
India,West Bengal,22.5726,88.3639,05:00,11:49,14:59,17:21,18:34,2025-01-26
India,West Bengal,22.5726,88.3639,05:00,11:49,14:59,17:22,18:35,2025-01-27
India,West Bengal,22.5726,88.3639,04:59,11:50,15:00,17:22,18:35,2025-01-28
India,West Bengal,22.5726,88.3639,04:59,11:50,15:00,17:23,18:36,2025-01-29
India,West Bengal,22.5726,88.3639,04:59,11:50,15:01,17:24,18:36,2025-01-30
India,West Bengal,22.5726,88.3639,04:59,11:50,15:01,17:24,18:37,2025-01-31
India,West Bengal,22.5726,88.3639,04:58,11:50,15:02,17:25,18:37,2025-02-01
India,West Bengal,22.5726,88.3639,04:58,11:50,15:02,17:26,18:38,2025-02-02
India,West Bengal,22.5726,88.3639,04:58,11:50,15:03,17:26,18:39,2025-02-03
India,West Bengal,22.5726,88.3639,04:58,11:50,15:03,17:27,18:39,2025-02-04
India,West Bengal,22.5726,88.3639,04:57,11:51,15:04,17:28,18:40,2025-02-05
India,West Bengal,22.5726,88.3639,04:57,11:51,15:04,17:28,18:40,2025-02-06
India,West Bengal,22.5726,88.3639,04:56,11:51,15:04,17:29,18:41,2025-02-07
India,West Bengal,22.5726,88.3639,04:56,11:51,15:05,17:29,18:41,2025-02-08
India,West Bengal,22.5726,88.3639,04:56,11:51,15:05,17:30,18:42,2025-02-09
India,West Bengal,22.5726,88.3639,04:55,11:51,15:06,17:31,18:42,2025-02-10
India,West Bengal,22.5726,88.3639,04:55,11:51,15:06,17:31,18:43,2025-02-11
India,West Bengal,22.5726,88.3639,04:54,11:51,15:06,17:32,18:43,2025-02-12
India,West Bengal,22.5726,88.3639,04:54,11:51,15:07,17:32,18:44,2025-02-13
India,West Bengal,22.5726,88.3639,04:53,11:51,15:07,17:33,18:44,2025-02-14
India,West Bengal,22.5726,88.3639,04:52,11:51,15:07,17:33,18:44,2025-02-15
India,West Bengal,22.5726,88.3639,04:52,11:51,15:08,17:34,18:45,2025-02-16
India,West Bengal,22.5726,88.3639,04:51,11:50,15:08,17:34,18:45,2025-02-17
India,West Bengal,22.5726,88.3639,04:51,11:50,15:08,17:35,18:46,2025-02-18
India,West Bengal,22.5726,88.3639,04:50,11:50,15:08,17:35,18:46,2025-02-19
India,West Bengal,22.5726,88.3639,04:49,11:50,15:09,17:36,18:47,2025-02-20
India,West Bengal,22.5726,88.3639,04:49,11:50,15:09,17:36,18:47,2025-02-21
India,West Bengal,22.5726,88.3639,04:48,11:50,15:09,17:37,18:48,2025-02-22
India,West Bengal,22.5726,88.3639,04:47,11:50,15:09,17:37,18:48,2025-02-23
India,West Bengal,22.5726,88.3639,04:47,11:50,15:09,17:38,18:48,2025-02-24
India,West Bengal,22.5726,88.3639,04:46,11:49,15:10,17:38,18:49,2025-02-25
India,West Bengal,22.5726,88.3639,04:45,11:49,15:10,17:39,18:49,2025-02-26
India,West Bengal,22.5726,88.3639,04:44,11:49,15:10,17:39,18:50,2025-02-27
India,West Bengal,22.5726,88.3639,04:44,11:49,15:10,17:40,18:50,2025-02-28
India,West Bengal,22.5726,88.3639,04:43,11:49,15:10,17:40,18:50,2025-03-01
India,West Bengal,22.5726,88.3639,04:42,11:49,15:10,17:41,18:51,2025-03-02
India,West Bengal,22.5726,88.3639,04:41,11:48,15:10,17:41,18:51,2025-03-03
India,West Bengal,22.5726,88.3639,04:40,11:48,15:10,17:42,18:52,2025-03-04
India,West Bengal,22.5726,88.3639,04:39,11:48,15:10,17:42,18:52,2025-03-05
India,West Bengal,22.5726,88.3639,04:39,11:48,15:10,17:42,18:52,2025-03-06
India,West Bengal,22.5726,88.3639,04:38,11:47,15:10,17:43,18:53,2025-03-07
India,West Bengal,22.5726,88.3639,04:37,11:47,15:10,17:43,18:53,2025-03-08
India,West Bengal,22.5726,88.3639,04:36,11:47,15:10,17:44,18:54,2025-03-09
India,West Bengal,22.5726,88.3639,04:35,11:47,15:10,17:44,18:54,2025-03-10
India,West Bengal,22.5726,88.3639,04:34,11:46,15:10,17:44,18:54,2025-03-11
India,West Bengal,22.5726,88.3639,04:33,11:46,15:10,17:45,18:55,2025-03-12
India,West Bengal,22.5726,88.3639,04:32,11:46,15:10,17:45,18:55,2025-03-13
India,West Bengal,22.5726,88.3639,04:31,11:46,15:10,17:46,18:56,2025-03-14
India,West Bengal,22.5726,88.3639,04:30,11:45,15:10,17:46,18:56,2025-03-15
India,West Bengal,22.5726,88.3639,04:29,11:45,15:10,17:46,18:56,2025-03-16
India,West Bengal,22.5726,88.3639,04:28,11:45,15:10,17:47,18:57,2025-03-17
India,West Bengal,22.5726,88.3639,04:27,11:44,15:10,17:47,18:57,2025-03-18
India,West Bengal,22.5726,88.3639,04:26,11:44,15:09,17:47,18:58,2025-03-19
India,West Bengal,22.5726,88.3639,04:25,11:44,15:09,17:48,18:58,2025-03-20
India,West Bengal,22.5726,88.3639,04:24,11:44,15:09,17:48,18:58,2025-03-21
India,West Bengal,22.5726,88.3639,04:23,11:43,15:09,17:48,18:59,2025-03-22
India,West Bengal,22.5726,88.3639,04:22,11:43,15:09,17:49,18:59,2025-03-23
India,West Bengal,22.5726,88.3639,04:21,11:43,15:09,17:49,19:00,2025-03-24
India,West Bengal,22.5726,88.3639,04:20,11:42,15:08,17:50,19:00,2025-03-25
India,West Bengal,22.5726,88.3639,04:19,11:42,15:08,17:50,19:00,2025-03-26
India,West Bengal,22.5726,88.3639,04:18,11:42,15:08,17:50,19:01,2025-03-27
India,West Bengal,22.5726,88.3639,04:17,11:41,15:08,17:51,19:01,2025-03-28
India,West Bengal,22.5726,88.3639,04:16,11:41,15:07,17:51,19:02,2025-03-29
India,West Bengal,22.5726,88.3639,04:15,11:41,15:07,17:51,19:02,2025-03-30
India,West Bengal,22.5726,88.3639,04:14,11:41,15:07,17:52,19:03,2025-03-31
India,West Bengal,22.5726,88.3639,04:13,11:40,15:07,17:52,19:03,2025-04-01
India,West Bengal,22.5726,88.3639,04:12,11:40,15:06,17:52,19:03,2025-04-02
India,West Bengal,22.5726,88.3639,04:11,11:40,15:06,17:53,19:04,2025-04-03
India,West Bengal,22.5726,88.3639,04:10,11:39,15:06,17:53,19:04,2025-04-04
India,West Bengal,22.5726,88.3639,04:09,11:39,15:06,17:53,19:05,2025-04-05
India,West Bengal,22.5726,88.3639,04:08,11:39,15:05,17:54,19:05,2025-04-06
India,West Bengal,22.5726,88.3639,04:07,11:39,15:05,17:54,19:06,2025-04-07
India,West Bengal,22.5726,88.3639,04:06,11:38,15:05,17:54,19:06,2025-04-08
India,West Bengal,22.5726,88.3639,04:05,11:38,15:04,17:55,19:07,2025-04-09
India,West Bengal,22.5726,88.3639,04:04,11:38,15:04,17:55,19:07,2025-04-10
India,West Bengal,22.5726,88.3639,04:03,11:37,15:04,17:56,19:08,2025-04-11
India,West Bengal,22.5726,88.3639,04:02,11:37,15:03,17:56,19:08,2025-04-12
India,West Bengal,22.5726,88.3639,04:01,11:37,15:03,17:56,19:09,2025-04-13
India,West Bengal,22.5726,88.3639,04:00,11:37,15:03,17:57,19:09,2025-04-14
India,West Bengal,22.5726,88.3639,03:59,11:36,15:02,17:57,19:10,2025-04-15
India,West Bengal,22.5726,88.3639,03:58,11:36,15:02,17:57,19:10,2025-04-16
India,West Bengal,22.5726,88.3639,03:57,11:36,15:02,17:58,19:11,2025-04-17
India,West Bengal,22.5726,88.3639,03:56,11:36,15:01,17:58,19:11,2025-04-18
India,West Bengal,22.5726,88.3639,03:55,11:36,15:01,17:59,19:12,2025-04-19
India,West Bengal,22.5726,88.3639,03:54,11:35,15:01,17:59,19:12,2025-04-20
India,West Bengal,22.5726,88.3639,03:53,11:35,15:00,17:59,19:13,2025-04-21
India,West Bengal,22.5726,88.3639,03:52,11:35,15:00,18:00,19:13,2025-04-22
India,West Bengal,22.5726,88.3639,03:51,11:35,15:00,18:00,19:14,2025-04-23
India,West Bengal,22.5726,88.3639,03:50,11:35,14:59,18:01,19:14,2025-04-24
India,West Bengal,22.5726,88.3639,03:49,11:34,14:59,18:01,19:15,2025-04-25
India,West Bengal,22.5726,88.3639,03:48,11:34,14:59,18:01,19:16,2025-04-26
India,West Bengal,22.5726,88.3639,03:47,11:34,14:58,18:02,19:16,2025-04-27
India,West Bengal,22.5726,88.3639,03:46,11:34,14:58,18:02,19:17,2025-04-28
India,West Bengal,22.5726,88.3639,03:46,11:34,14:58,18:03,19:17,2025-04-29
India,West Bengal,22.5726,88.3639,03:45,11:34,14:57,18:03,19:18,2025-04-30
India,West Bengal,22.5726,88.3639,03:44,11:34,14:57,18:04,19:19,2025-05-01
India,West Bengal,22.5726,88.3639,03:43,11:33,14:57,18:04,19:19,2025-05-02
India,West Bengal,22.5726,88.3639,03:42,11:33,14:56,18:04,19:20,2025-05-03
India,West Bengal,22.5726,88.3639,03:41,11:33,14:56,18:05,19:20,2025-05-04
India,West Bengal,22.5726,88.3639,03:41,11:33,14:56,18:05,19:21,2025-05-05
India,West Bengal,22.5726,88.3639,03:40,11:33,14:55,18:06,19:22,2025-05-06
India,West Bengal,22.5726,88.3639,03:39,11:33,14:55,18:06,19:22,2025-05-07
India,West Bengal,22.5726,88.3639,03:38,11:33,14:55,18:07,19:23,2025-05-08
India,West Bengal,22.5726,88.3639,03:38,11:33,14:55,18:07,19:23,2025-05-09
India,West Bengal,22.5726,88.3639,03:37,11:33,14:54,18:08,19:24,2025-05-10
India,West Bengal,22.5726,88.3639,03:36,11:33,14:54,18:08,19:25,2025-05-11
India,West Bengal,22.5726,88.3639,03:35,11:33,14:54,18:08,19:25,2025-05-12
India,West Bengal,22.5726,88.3639,03:35,11:33,14:54,18:09,19:26,2025-05-13
India,West Bengal,22.5726,88.3639,03:34,11:33,14:53,18:09,19:27,2025-05-14
India,West Bengal,22.5726,88.3639,03:34,11:33,14:53,18:10,19:27,2025-05-15
India,West Bengal,22.5726,88.3639,03:33,11:33,14:53,18:10,19:28,2025-05-16
India,West Bengal,22.5726,88.3639,03:32,11:33,14:53,18:11,19:29,2025-05-17
India,West Bengal,22.5726,88.3639,03:32,11:33,14:53,18:11,19:29,2025-05-18
India,West Bengal,22.5726,88.3639,03:31,11:33,14:52,18:12,19:30,2025-05-19
India,West Bengal,22.5726,88.3639,03:31,11:33,14:52,18:12,19:30,2025-05-20
India,West Bengal,22.5726,88.3639,03:30,11:33,14:52,18:13,19:31,2025-05-21
India,West Bengal,22.5726,88.3639,03:30,11:33,14:52,18:13,19:32,2025-05-22
India,West Bengal,22.5726,88.3639,03:29,11:33,14:52,18:13,19:32,2025-05-23
India,West Bengal,22.5726,88.3639,03:29,11:33,14:52,18:14,19:33,2025-05-24
India,West Bengal,22.5726,88.3639,03:29,11:34,14:51,18:14,19:33,2025-05-25
India,West Bengal,22.5726,88.3639,03:28,11:34,14:51,18:15,19:34,2025-05-26
India,West Bengal,22.5726,88.3639,03:28,11:34,14:51,18:15,19:35,2025-05-27
India,West Bengal,22.5726,88.3639,03:27,11:34,14:51,18:16,19:35,2025-05-28
India,West Bengal,22.5726,88.3639,03:27,11:34,14:51,18:16,19:36,2025-05-29
India,West Bengal,22.5726,88.3639,03:27,11:34,14:51,18:17,19:36,2025-05-30
India,West Bengal,22.5726,88.3639,03:27,11:34,14:51,18:17,19:37,2025-05-31
India,West Bengal,22.5726,88.3639,03:26,11:34,14:51,18:17,19:37,2025-06-01
India,West Bengal,22.5726,88.3639,03:26,11:35,14:51,18:18,19:38,2025-06-02
India,West Bengal,22.5726,88.3639,03:26,11:35,14:51,18:18,19:38,2025-06-03
India,West Bengal,22.5726,88.3639,03:26,11:35,14:51,18:19,19:39,2025-06-04
India,West Bengal,22.5726,88.3639,03:26,11:35,14:51,18:19,19:40,2025-06-05
India,West Bengal,22.5726,88.3639,03:25,11:35,14:52,18:19,19:40,2025-06-06
India,West Bengal,22.5726,88.3639,03:25,11:36,14:52,18:20,19:40,2025-06-07
India,West Bengal,22.5726,88.3639,03:25,11:36,14:53,18:20,19:41,2025-06-08
India,West Bengal,22.5726,88.3639,03:25,11:36,14:53,18:21,19:41,2025-06-09
India,West Bengal,22.5726,88.3639,03:25,11:36,14:53,18:21,19:42,2025-06-10
India,West Bengal,22.5726,88.3639,03:25,11:36,14:54,18:21,19:42,2025-06-11
India,West Bengal,22.5726,88.3639,03:25,11:37,14:54,18:22,19:43,2025-06-12
India,West Bengal,22.5726,88.3639,03:25,11:37,14:55,18:22,19:43,2025-06-13
India,West Bengal,22.5726,88.3639,03:25,11:37,14:55,18:22,19:43,2025-06-14
India,West Bengal,22.5726,88.3639,03:25,11:37,14:55,18:22,19:44,2025-06-15
India,West Bengal,22.5726,88.3639,03:26,11:37,14:56,18:23,19:44,2025-06-16
India,West Bengal,22.5726,88.3639,03:26,11:38,14:56,18:23,19:44,2025-06-17
India,West Bengal,22.5726,88.3639,03:26,11:38,14:56,18:23,19:45,2025-06-18
India,West Bengal,22.5726,88.3639,03:26,11:38,14:56,18:24,19:45,2025-06-19
India,West Bengal,22.5726,88.3639,03:26,11:38,14:57,18:24,19:45,2025-06-20
India,West Bengal,22.5726,88.3639,03:26,11:38,14:57,18:24,19:45,2025-06-21
India,West Bengal,22.5726,88.3639,03:27,11:39,14:57,18:24,19:45,2025-06-22
India,West Bengal,22.5726,88.3639,03:27,11:39,14:57,18:24,19:46,2025-06-23
India,West Bengal,22.5726,88.3639,03:27,11:39,14:57,18:25,19:46,2025-06-24
India,West Bengal,22.5726,88.3639,03:27,11:39,14:58,18:25,19:46,2025-06-25
India,West Bengal,22.5726,88.3639,03:28,11:40,14:58,18:25,19:46,2025-06-26
India,West Bengal,22.5726,88.3639,03:28,11:40,14:58,18:25,19:46,2025-06-27
India,West Bengal,22.5726,88.3639,03:28,11:40,14:58,18:25,19:46,2025-06-28
India,West Bengal,22.5726,88.3639,03:29,11:40,14:58,18:25,19:46,2025-06-29
India,West Bengal,22.5726,88.3639,03:29,11:40,14:58,18:25,19:46,2025-06-30
India,West Bengal,22.5726,88.3639,03:30,11:41,14:58,18:25,19:46,2025-07-01
India,West Bengal,22.5726,88.3639,03:30,11:41,14:58,18:25,19:46,2025-07-02
India,West Bengal,22.5726,88.3639,03:31,11:41,14:58,18:25,19:46,2025-07-03
India,West Bengal,22.5726,88.3639,03:31,11:41,14:58,18:25,19:46,2025-07-04
India,West Bengal,22.5726,88.3639,03:31,11:41,14:58,18:25,19:46,2025-07-05
India,West Bengal,22.5726,88.3639,03:32,11:41,14:57,18:25,19:46,2025-07-06
India,West Bengal,22.5726,88.3639,03:32,11:42,14:58,18:25,19:46,2025-07-07
India,West Bengal,22.5726,88.3639,03:33,11:42,14:58,18:25,19:45,2025-07-08
India,West Bengal,22.5726,88.3639,03:33,11:42,14:58,18:25,19:45,2025-07-09
India,West Bengal,22.5726,88.3639,03:34,11:42,14:59,18:25,19:45,2025-07-10
India,West Bengal,22.5726,88.3639,03:34,11:42,14:59,18:25,19:45,2025-07-11
India,West Bengal,22.5726,88.3639,03:35,11:42,14:59,18:25,19:44,2025-07-12
India,West Bengal,22.5726,88.3639,03:36,11:42,14:59,18:24,19:44,2025-07-13
India,West Bengal,22.5726,88.3639,03:36,11:43,15:00,18:24,19:44,2025-07-14
India,West Bengal,22.5726,88.3639,03:37,11:43,15:00,18:24,19:43,2025-07-15
India,West Bengal,22.5726,88.3639,03:37,11:43,15:00,18:24,19:43,2025-07-16
India,West Bengal,22.5726,88.3639,03:38,11:43,15:01,18:24,19:43,2025-07-17
India,West Bengal,22.5726,88.3639,03:38,11:43,15:01,18:23,19:42,2025-07-18
India,West Bengal,22.5726,88.3639,03:39,11:43,15:01,18:23,19:42,2025-07-19
India,West Bengal,22.5726,88.3639,03:40,11:43,15:02,18:23,19:41,2025-07-20
India,West Bengal,22.5726,88.3639,03:40,11:43,15:02,18:22,19:41,2025-07-21
India,West Bengal,22.5726,88.3639,03:41,11:43,15:02,18:22,19:40,2025-07-22
India,West Bengal,22.5726,88.3639,03:41,11:43,15:02,18:22,19:40,2025-07-23
India,West Bengal,22.5726,88.3639,03:42,11:43,15:03,18:21,19:39,2025-07-24
India,West Bengal,22.5726,88.3639,03:43,11:43,15:03,18:21,19:39,2025-07-25
India,West Bengal,22.5726,88.3639,03:43,11:43,15:03,18:20,19:38,2025-07-26
India,West Bengal,22.5726,88.3639,03:44,11:43,15:03,18:20,19:37,2025-07-27
India,West Bengal,22.5726,88.3639,03:44,11:43,15:04,18:19,19:37,2025-07-28
India,West Bengal,22.5726,88.3639,03:45,11:43,15:04,18:19,19:36,2025-07-29
India,West Bengal,22.5726,88.3639,03:46,11:43,15:04,18:18,19:35,2025-07-30
India,West Bengal,22.5726,88.3639,03:46,11:43,15:04,18:18,19:35,2025-07-31
India,West Bengal,22.5726,88.3639,03:47,11:43,15:04,18:17,19:34,2025-08-01
India,West Bengal,22.5726,88.3639,03:47,11:43,15:04,18:17,19:33,2025-08-02
India,West Bengal,22.5726,88.3639,03:48,11:43,15:05,18:16,19:33,2025-08-03
India,West Bengal,22.5726,88.3639,03:49,11:43,15:05,18:16,19:32,2025-08-04
India,West Bengal,22.5726,88.3639,03:49,11:43,15:05,18:15,19:31,2025-08-05
India,West Bengal,22.5726,88.3639,03:50,11:42,15:05,18:14,19:30,2025-08-06
India,West Bengal,22.5726,88.3639,03:50,11:42,15:05,18:14,19:29,2025-08-07
India,West Bengal,22.5726,88.3639,03:51,11:42,15:05,18:13,19:29,2025-08-08
India,West Bengal,22.5726,88.3639,03:51,11:42,15:05,18:12,19:28,2025-08-09
India,West Bengal,22.5726,88.3639,03:52,11:42,15:05,18:12,19:27,2025-08-10
India,West Bengal,22.5726,88.3639,03:53,11:42,15:05,18:11,19:26,2025-08-11
India,West Bengal,22.5726,88.3639,03:53,11:42,15:05,18:10,19:25,2025-08-12
India,West Bengal,22.5726,88.3639,03:54,11:41,15:05,18:10,19:24,2025-08-13
India,West Bengal,22.5726,88.3639,03:54,11:41,15:05,18:09,19:23,2025-08-14
India,West Bengal,22.5726,88.3639,03:55,11:41,15:05,18:08,19:22,2025-08-15
India,West Bengal,22.5726,88.3639,03:55,11:41,15:05,18:07,19:21,2025-08-16
India,West Bengal,22.5726,88.3639,03:56,11:41,15:05,18:07,19:20,2025-08-17
India,West Bengal,22.5726,88.3639,03:56,11:40,15:05,18:06,19:19,2025-08-18
India,West Bengal,22.5726,88.3639,03:57,11:40,15:05,18:05,19:19,2025-08-19
India,West Bengal,22.5726,88.3639,03:57,11:40,15:05,18:04,19:18,2025-08-20
India,West Bengal,22.5726,88.3639,03:58,11:40,15:05,18:03,19:17,2025-08-21
India,West Bengal,22.5726,88.3639,03:58,11:39,15:05,18:02,19:16,2025-08-22
India,West Bengal,22.5726,88.3639,03:59,11:39,15:05,18:02,19:15,2025-08-23
India,West Bengal,22.5726,88.3639,03:59,11:39,15:04,18:01,19:14,2025-08-24
India,West Bengal,22.5726,88.3639,04:00,11:39,15:04,18:00,19:13,2025-08-25
India,West Bengal,22.5726,88.3639,04:00,11:38,15:04,17:59,19:12,2025-08-26
India,West Bengal,22.5726,88.3639,04:01,11:38,15:04,17:58,19:10,2025-08-27
India,West Bengal,22.5726,88.3639,04:01,11:38,15:04,17:57,19:09,2025-08-28
India,West Bengal,22.5726,88.3639,04:02,11:37,15:03,17:56,19:08,2025-08-29
India,West Bengal,22.5726,88.3639,04:02,11:37,15:03,17:55,19:07,2025-08-30
India,West Bengal,22.5726,88.3639,04:03,11:37,15:03,17:54,19:06,2025-08-31
India,West Bengal,22.5726,88.3639,04:03,11:36,15:03,17:53,19:05,2025-09-01
India,West Bengal,22.5726,88.3639,04:03,11:36,15:02,17:52,19:04,2025-09-02
India,West Bengal,22.5726,88.3639,04:04,11:36,15:02,17:52,19:03,2025-09-03
India,West Bengal,22.5726,88.3639,04:04,11:35,15:02,17:51,19:02,2025-09-04
India,West Bengal,22.5726,88.3639,04:05,11:35,15:02,17:50,19:01,2025-09-05
India,West Bengal,22.5726,88.3639,04:05,11:35,15:01,17:49,19:00,2025-09-06
India,West Bengal,22.5726,88.3639,04:05,11:34,15:01,17:48,18:59,2025-09-07
India,West Bengal,22.5726,88.3639,04:06,11:34,15:00,17:47,18:58,2025-09-08
India,West Bengal,22.5726,88.3639,04:06,11:34,15:00,17:46,18:57,2025-09-09
India,West Bengal,22.5726,88.3639,04:07,11:33,15:00,17:45,18:56,2025-09-10
India,West Bengal,22.5726,88.3639,04:07,11:33,14:59,17:44,18:55,2025-09-11
India,West Bengal,22.5726,88.3639,04:07,11:33,14:59,17:43,18:53,2025-09-12
India,West Bengal,22.5726,88.3639,04:08,11:32,14:59,17:42,18:52,2025-09-13
India,West Bengal,22.5726,88.3639,04:08,11:32,14:58,17:41,18:51,2025-09-14
India,West Bengal,22.5726,88.3639,04:08,11:32,14:58,17:40,18:50,2025-09-15
India,West Bengal,22.5726,88.3639,04:09,11:31,14:57,17:39,18:49,2025-09-16
India,West Bengal,22.5726,88.3639,04:09,11:31,14:57,17:38,18:48,2025-09-17
India,West Bengal,22.5726,88.3639,04:09,11:30,14:56,17:37,18:47,2025-09-18
India,West Bengal,22.5726,88.3639,04:10,11:30,14:56,17:36,18:46,2025-09-19
India,West Bengal,22.5726,88.3639,04:10,11:30,14:55,17:35,18:45,2025-09-20
India,West Bengal,22.5726,88.3639,04:11,11:29,14:55,17:34,18:44,2025-09-21
India,West Bengal,22.5726,88.3639,04:11,11:29,14:54,17:33,18:43,2025-09-22
India,West Bengal,22.5726,88.3639,04:11,11:29,14:54,17:32,18:42,2025-09-23
India,West Bengal,22.5726,88.3639,04:12,11:28,14:53,17:31,18:41,2025-09-24
India,West Bengal,22.5726,88.3639,04:12,11:28,14:53,17:30,18:40,2025-09-25
India,West Bengal,22.5726,88.3639,04:12,11:28,14:52,17:29,18:39,2025-09-26
India,West Bengal,22.5726,88.3639,04:13,11:27,14:52,17:28,18:38,2025-09-27
India,West Bengal,22.5726,88.3639,04:13,11:27,14:51,17:27,18:37,2025-09-28
India,West Bengal,22.5726,88.3639,04:13,11:27,14:51,17:26,18:36,2025-09-29
India,West Bengal,22.5726,88.3639,04:13,11:26,14:50,17:25,18:35,2025-09-30
India,West Bengal,22.5726,88.3639,04:14,11:26,14:50,17:24,18:34,2025-10-01
India,West Bengal,22.5726,88.3639,04:14,11:26,14:49,17:23,18:33,2025-10-02
India,West Bengal,22.5726,88.3639,04:14,11:25,14:49,17:22,18:32,2025-10-03
India,West Bengal,22.5726,88.3639,04:15,11:25,14:48,17:21,18:31,2025-10-04
India,West Bengal,22.5726,88.3639,04:15,11:25,14:48,17:20,18:30,2025-10-05
India,West Bengal,22.5726,88.3639,04:15,11:25,14:47,17:19,18:29,2025-10-06
India,West Bengal,22.5726,88.3639,04:16,11:24,14:47,17:18,18:28,2025-10-07
India,West Bengal,22.5726,88.3639,04:16,11:24,14:46,17:17,18:27,2025-10-08
India,West Bengal,22.5726,88.3639,04:16,11:24,14:45,17:16,18:27,2025-10-09
India,West Bengal,22.5726,88.3639,04:17,11:23,14:45,17:15,18:26,2025-10-10
India,West Bengal,22.5726,88.3639,04:17,11:23,14:44,17:15,18:25,2025-10-11
India,West Bengal,22.5726,88.3639,04:17,11:23,14:44,17:14,18:24,2025-10-12
India,West Bengal,22.5726,88.3639,04:18,11:23,14:43,17:13,18:23,2025-10-13
India,West Bengal,22.5726,88.3639,04:18,11:22,14:43,17:12,18:22,2025-10-14
India,West Bengal,22.5726,88.3639,04:19,11:22,14:42,17:11,18:22,2025-10-15
India,West Bengal,22.5726,88.3639,04:19,11:22,14:42,17:10,18:21,2025-10-16
India,West Bengal,22.5726,88.3639,04:19,11:22,14:41,17:09,18:20,2025-10-17
India,West Bengal,22.5726,88.3639,04:20,11:22,14:41,17:09,18:19,2025-10-18
India,West Bengal,22.5726,88.3639,04:20,11:21,14:40,17:08,18:19,2025-10-19
India,West Bengal,22.5726,88.3639,04:20,11:21,14:40,17:07,18:18,2025-10-20
India,West Bengal,22.5726,88.3639,04:21,11:21,14:39,17:06,18:17,2025-10-21
India,West Bengal,22.5726,88.3639,04:21,11:21,14:39,17:06,18:16,2025-10-22
India,West Bengal,22.5726,88.3639,04:22,11:21,14:38,17:05,18:16,2025-10-23
India,West Bengal,22.5726,88.3639,04:22,11:21,14:38,17:04,18:15,2025-10-24
India,West Bengal,22.5726,88.3639,04:22,11:21,14:37,17:03,18:14,2025-10-25
India,West Bengal,22.5726,88.3639,04:23,11:20,14:37,17:03,18:14,2025-10-26
India,West Bengal,22.5726,88.3639,04:23,11:20,14:36,17:02,18:13,2025-10-27
India,West Bengal,22.5726,88.3639,04:24,11:20,14:36,17:01,18:13,2025-10-28
India,West Bengal,22.5726,88.3639,04:24,11:20,14:36,17:01,18:12,2025-10-29
India,West Bengal,22.5726,88.3639,04:24,11:20,14:35,17:00,18:12,2025-10-30
India,West Bengal,22.5726,88.3639,04:25,11:20,14:35,16:59,18:11,2025-10-31
India,West Bengal,22.5726,88.3639,04:25,11:20,14:34,16:59,18:11,2025-11-01
India,West Bengal,22.5726,88.3639,04:26,11:20,14:34,16:58,18:10,2025-11-02
India,West Bengal,22.5726,88.3639,04:26,11:20,14:34,16:58,18:10,2025-11-03
India,West Bengal,22.5726,88.3639,04:27,11:20,14:33,16:57,18:09,2025-11-04
India,West Bengal,22.5726,88.3639,04:27,11:20,14:33,16:57,18:09,2025-11-05
India,West Bengal,22.5726,88.3639,04:28,11:20,14:33,16:56,18:08,2025-11-06
India,West Bengal,22.5726,88.3639,04:28,11:20,14:32,16:56,18:08,2025-11-07
India,West Bengal,22.5726,88.3639,04:29,11:20,14:32,16:55,18:08,2025-11-08
India,West Bengal,22.5726,88.3639,04:29,11:20,14:32,16:55,18:07,2025-11-09
India,West Bengal,22.5726,88.3639,04:29,11:21,14:31,16:54,18:07,2025-11-10
India,West Bengal,22.5726,88.3639,04:30,11:21,14:31,16:54,18:07,2025-11-11
India,West Bengal,22.5726,88.3639,04:31,11:21,14:31,16:54,18:07,2025-11-12
India,West Bengal,22.5726,88.3639,04:31,11:21,14:31,16:53,18:06,2025-11-13
India,West Bengal,22.5726,88.3639,04:32,11:21,14:31,16:53,18:06,2025-11-14
India,West Bengal,22.5726,88.3639,04:32,11:21,14:30,16:53,18:06,2025-11-15
India,West Bengal,22.5726,88.3639,04:33,11:21,14:30,16:52,18:06,2025-11-16
India,West Bengal,22.5726,88.3639,04:33,11:22,14:30,16:52,18:06,2025-11-17
India,West Bengal,22.5726,88.3639,04:34,11:22,14:30,16:52,18:05,2025-11-18
India,West Bengal,22.5726,88.3639,04:34,11:22,14:30,16:52,18:05,2025-11-19
India,West Bengal,22.5726,88.3639,04:35,11:22,14:30,16:52,18:05,2025-11-20
India,West Bengal,22.5726,88.3639,04:35,11:23,14:30,16:51,18:05,2025-11-21
India,West Bengal,22.5726,88.3639,04:36,11:23,14:30,16:51,18:05,2025-11-22
India,West Bengal,22.5726,88.3639,04:36,11:23,14:30,16:51,18:05,2025-11-23
India,West Bengal,22.5726,88.3639,04:37,11:23,14:30,16:51,18:05,2025-11-24
India,West Bengal,22.5726,88.3639,04:38,11:24,14:30,16:51,18:05,2025-11-25
India,West Bengal,22.5726,88.3639,04:38,11:24,14:30,16:51,18:05,2025-11-26
India,West Bengal,22.5726,88.3639,04:39,11:24,14:30,16:51,18:05,2025-11-27
India,West Bengal,22.5726,88.3639,04:39,11:25,14:30,16:51,18:05,2025-11-28
India,West Bengal,22.5726,88.3639,04:40,11:25,14:30,16:51,18:06,2025-11-29
India,West Bengal,22.5726,88.3639,04:41,11:25,14:30,16:51,18:06,2025-11-30
India,West Bengal,22.5726,88.3639,04:41,11:26,14:30,16:51,18:06,2025-12-01
India,West Bengal,22.5726,88.3639,04:42,11:26,14:30,16:51,18:06,2025-12-02
India,West Bengal,22.5726,88.3639,04:42,11:27,14:31,16:51,18:06,2025-12-03
India,West Bengal,22.5726,88.3639,04:43,11:27,14:31,16:52,18:06,2025-12-04
India,West Bengal,22.5726,88.3639,04:43,11:27,14:31,16:52,18:07,2025-12-05
India,West Bengal,22.5726,88.3639,04:44,11:28,14:31,16:52,18:07,2025-12-06
India,West Bengal,22.5726,88.3639,04:45,11:28,14:32,16:52,18:07,2025-12-07
India,West Bengal,22.5726,88.3639,04:45,11:29,14:32,16:52,18:08,2025-12-08
India,West Bengal,22.5726,88.3639,04:46,11:29,14:32,16:53,18:08,2025-12-09
India,West Bengal,22.5726,88.3639,04:46,11:30,14:32,16:53,18:08,2025-12-10
India,West Bengal,22.5726,88.3639,04:47,11:30,14:33,16:53,18:08,2025-12-11
India,West Bengal,22.5726,88.3639,04:48,11:30,14:33,16:54,18:09,2025-12-12
India,West Bengal,22.5726,88.3639,04:48,11:31,14:33,16:54,18:09,2025-12-13
India,West Bengal,22.5726,88.3639,04:49,11:31,14:34,16:54,18:10,2025-12-14
India,West Bengal,22.5726,88.3639,04:49,11:32,14:34,16:55,18:10,2025-12-15
India,West Bengal,22.5726,88.3639,04:50,11:32,14:35,16:55,18:10,2025-12-16
India,West Bengal,22.5726,88.3639,04:50,11:33,14:35,16:55,18:11,2025-12-17
India,West Bengal,22.5726,88.3639,04:51,11:33,14:36,16:56,18:11,2025-12-18
India,West Bengal,22.5726,88.3639,04:51,11:34,14:36,16:56,18:12,2025-12-19
India,West Bengal,22.5726,88.3639,04:52,11:34,14:36,16:57,18:12,2025-12-20
India,West Bengal,22.5726,88.3639,04:52,11:35,14:37,16:57,18:13,2025-12-21
India,West Bengal,22.5726,88.3639,04:53,11:35,14:37,16:58,18:13,2025-12-22
India,West Bengal,22.5726,88.3639,04:53,11:36,14:38,16:58,18:14,2025-12-23
India,West Bengal,22.5726,88.3639,04:54,11:36,14:39,16:59,18:14,2025-12-24
India,West Bengal,22.5726,88.3639,04:54,11:37,14:39,16:59,18:15,2025-12-25
India,West Bengal,22.5726,88.3639,04:55,11:37,14:40,17:00,18:15,2025-12-26
India,West Bengal,22.5726,88.3639,04:55,11:38,14:40,17:01,18:16,2025-12-27
India,West Bengal,22.5726,88.3639,04:56,11:38,14:41,17:01,18:17,2025-12-28
India,West Bengal,22.5726,88.3639,04:56,11:39,14:41,17:02,18:17,2025-12-29
India,West Bengal,22.5726,88.3639,04:56,11:39,14:42,17:02,18:18,2025-12-30
India,West Bengal,22.5726,88.3639,04:57,11:40,14:43,17:03,18:18,2025-12-31