country,state,latitude,longitude,fajr,dhuhr,asr,maghrib,isha,date
UAE,Abu Dhabi,24.4539,54.3773,05:46,12:26,15:26,17:46,19:02,2025-01-01
UAE,Abu Dhabi,24.4539,54.3773,05:46,12:27,15:27,17:47,19:03,2025-01-02
UAE,Abu Dhabi,24.4539,54.3773,05:46,12:27,15:27,17:47,19:03,2025-01-03
UAE,Abu Dhabi,24.4539,54.3773,05:47,12:28,15:28,17:48,19:04,2025-01-04
UAE,Abu Dhabi,24.4539,54.3773,05:47,12:28,15:29,17:49,19:05,2025-01-05
UAE,Abu Dhabi,24.4539,54.3773,05:47,12:29,15:29,17:49,19:05,2025-01-06
UAE,Abu Dhabi,24.4539,54.3773,05:47,12:29,15:30,17:50,19:06,2025-01-07
UAE,Abu Dhabi,24.4539,54.3773,05:48,12:29,15:31,17:51,19:07,2025-01-08
UAE,Abu Dhabi,24.4539,54.3773,05:48,12:30,15:31,17:51,19:07,2025-01-09
UAE,Abu Dhabi,24.4539,54.3773,05:48,12:30,15:32,17:52,19:08,2025-01-10
UAE,Abu Dhabi,24.4539,54.3773,05:48,12:31,15:33,17:53,19:09,2025-01-11
UAE,Abu Dhabi,24.4539,54.3773,05:48,12:31,15:33,17:54,19:09,2025-01-12
UAE,Abu Dhabi,24.4539,54.3773,05:48,12:31,15:34,17:54,19:10,2025-01-13
UAE,Abu Dhabi,24.4539,54.3773,05:48,12:32,15:34,17:55,19:10,2025-01-14
UAE,Abu Dhabi,24.4539,54.3773,05:48,12:32,15:35,17:56,19:11,2025-01-15
UAE,Abu Dhabi,24.4539,54.3773,05:48,12:32,15:36,17:57,19:12,2025-01-16
UAE,Abu Dhabi,24.4539,54.3773,05:48,12:33,15:36,17:57,19:12,2025-01-17
UAE,Abu Dhabi,24.4539,54.3773,05:48,12:33,15:37,17:58,19:13,2025-01-18
UAE,Abu Dhabi,24.4539,54.3773,05:48,12:33,15:38,17:59,19:14,2025-01-19
UAE,Abu Dhabi,24.4539,54.3773,05:48,12:34,15:38,18:00,19:14,2025-01-20
UAE,Abu Dhabi,24.4539,54.3773,05:48,12:34,15:39,18:00,19:15,2025-01-21
UAE,Abu Dhabi,24.4539,54.3773,05:48,12:34,15:40,18:01,19:16,2025-01-22
UAE,Abu Dhabi,24.4539,54.3773,05:48,12:34,15:40,18:02,19:16,2025-01-23
UAE,Abu Dhabi,24.4539,54.3773,05:48,12:35,15:41,18:02,19:17,2025-01-24
UAE,Abu Dhabi,24.4539,54.3773,05:48,12:35,15:42,18:03,19:17,2025-01-25
UAE,Abu Dhabi,24.4539,54.3773,05:48,12:35,15:42,18:04,19:18,2025-01-26
UAE,Abu Dhabi,24.4539,54.3773,05:47,12:35,15:43,18:05,19:19,2025-01-27
UAE,Abu Dhabi,24.4539,54.3773,05:47,12:35,15:43,18:05,19:19,2025-01-28
UAE,Abu Dhabi,24.4539,54.3773,05:47,12:36,15:44,18:06,19:20,2025-01-29
UAE,Abu Dhabi,24.4539,54.3773,05:47,12:36,15:44,18:07,19:20,2025-01-30
UAE,Abu Dhabi,24.4539,54.3773,05:46,12:36,15:45,18:07,19:21,2025-01-31
UAE,Abu Dhabi,24.4539,54.3773,05:46,12:36,15:46,18:08,19:22,2025-02-01
UAE,Abu Dhabi,24.4539,54.3773,05:46,12:36,15:46,18:09,19:22,2025-02-02
UAE,Abu Dhabi,24.4539,54.3773,05:45,12:36,15:47,18:10,19:23,2025-02-03
UAE,Abu Dhabi,24.4539,54.3773,05:45,12:36,15:47,18:10,19:23,2025-02-04
UAE,Abu Dhabi,24.4539,54.3773,05:45,12:36,15:48,18:11,19:24,2025-02-05
UAE,Abu Dhabi,24.4539,54.3773,05:44,12:37,15:48,18:12,19:25,2025-02-06
UAE,Abu Dhabi,24.4539,54.3773,05:44,12:37,15:49,18:12,19:25,2025-02-07
UAE,Abu Dhabi,24.4539,54.3773,05:43,12:37,15:49,18:13,19:26,2025-02-08
UAE,Abu Dhabi,24.4539,54.3773,05:43,12:37,15:49,18:14,19:26,2025-02-09
UAE,Abu Dhabi,24.4539,54.3773,05:42,12:37,15:50,18:14,19:27,2025-02-10
UAE,Abu Dhabi,24.4539,54.3773,05:42,12:37,15:50,18:15,19:27,2025-02-11
UAE,Abu Dhabi,24.4539,54.3773,05:41,12:37,15:51,18:15,19:28,2025-02-12
UAE,Abu Dhabi,24.4539,54.3773,05:41,12:37,15:51,18:16,19:28,2025-02-13
UAE,Abu Dhabi,24.4539,54.3773,05:40,12:37,15:52,18:17,19:29,2025-02-14
UAE,Abu Dhabi,24.4539,54.3773,05:39,12:37,15:52,18:17,19:29,2025-02-15
UAE,Abu Dhabi,24.4539,54.3773,05:39,12:37,15:52,18:18,19:30,2025-02-16
UAE,Abu Dhabi,24.4539,54.3773,05:38,12:36,15:53,18:18,19:30,2025-02-17
UAE,Abu Dhabi,24.4539,54.3773,05:37,12:36,15:53,18:19,19:31,2025-02-18
UAE,Abu Dhabi,24.4539,54.3773,05:37,12:36,15:53,18:20,19:31,2025-02-19
UAE,Abu Dhabi,24.4539,54.3773,05:36,12:36,15:53,18:20,19:32,2025-02-20
UAE,Abu Dhabi,24.4539,54.3773,05:35,12:36,15:54,18:21,19:32,2025-02-21
UAE,Abu Dhabi,24.4539,54.3773,05:34,12:36,15:54,18:21,19:33,2025-02-22
UAE,Abu Dhabi,24.4539,54.3773,05:34,12:36,15:54,18:22,19:33,2025-02-23
UAE,Abu Dhabi,24.4539,54.3773,05:33,12:36,15:55,18:22,19:34,2025-02-24
UAE,Abu Dhabi,24.4539,54.3773,05:32,12:35,15:55,18:23,19:34,2025-02-25
UAE,Abu Dhabi,24.4539,54.3773,05:31,12:35,15:55,18:23,19:35,2025-02-26
UAE,Abu Dhabi,24.4539,54.3773,05:30,12:35,15:55,18:24,19:35,2025-02-27
UAE,Abu Dhabi,24.4539,54.3773,05:30,12:35,15:55,18:25,19:36,2025-02-28
UAE,Abu Dhabi,24.4539,54.3773,05:29,12:35,15:55,18:25,19:36,2025-03-01
UAE,Abu Dhabi,24.4539,54.3773,05:28,12:35,15:56,18:26,19:37,2025-03-02
UAE,Abu Dhabi,24.4539,54.3773,05:27,12:34,15:56,18:26,19:37,2025-03-03
UAE,Abu Dhabi,24.4539,54.3773,05:26,12:34,15:56,18:27,19:38,2025-03-04
UAE,Abu Dhabi,24.4539,54.3773,05:25,12:34,15:56,18:27,19:38,2025-03-05
UAE,Abu Dhabi,24.4539,54.3773,05:24,12:34,15:56,18:27,19:39,2025-03-06
UAE,Abu Dhabi,24.4539,54.3773,05:23,12:33,15:56,18:28,19:39,2025-03-07
UAE,Abu Dhabi,24.4539,54.3773,05:22,12:33,15:56,18:28,19:40,2025-03-08
UAE,Abu Dhabi,24.4539,54.3773,05:21,12:33,15:56,18:29,19:40,2025-03-09
UAE,Abu Dhabi,24.4539,54.3773,05:20,12:33,15:56,18:29,19:40,2025-03-10
UAE,Abu Dhabi,24.4539,54.3773,05:19,12:32,15:56,18:30,19:41,2025-03-11
UAE,Abu Dhabi,24.4539,54.3773,05:18,12:32,15:56,18:30,19:41,2025-03-12
UAE,Abu Dhabi,24.4539,54.3773,05:17,12:32,15:56,18:31,19:42,2025-03-13
UAE,Abu Dhabi,24.4539,54.3773,05:16,12:32,15:56,18:31,19:42,2025-03-14
UAE,Abu Dhabi,24.4539,54.3773,05:15,12:31,15:56,18:32,19:43,2025-03-15
UAE,Abu Dhabi,24.4539,54.3773,05:14,12:31,15:56,18:32,19:43,2025-03-16
UAE,Abu Dhabi,24.4539,54.3773,05:13,12:31,15:56,18:32,19:44,2025-03-17
UAE,Abu Dhabi,24.4539,54.3773,05:12,12:30,15:56,18:33,19:44,2025-03-18
UAE,Abu Dhabi,24.4539,54.3773,05:11,12:30,15:56,18:33,19:45,2025-03-19
UAE,Abu Dhabi,24.4539,54.3773,05:10,12:30,15:56,18:34,19:45,2025-03-20
UAE,Abu Dhabi,24.4539,54.3773,05:09,12:30,15:56,18:34,19:45,2025-03-21
UAE,Abu Dhabi,24.4539,54.3773,05:08,12:29,15:56,18:35,19:46,2025-03-22
UAE,Abu Dhabi,24.4539,54.3773,05:07,12:29,15:56,18:35,19:46,2025-03-23
UAE,Abu Dhabi,24.4539,54.3773,05:06,12:29,15:56,18:35,19:47,2025-03-24
UAE,Abu Dhabi,24.4539,54.3773,05:05,12:28,15:55,18:36,19:47,2025-03-25
UAE,Abu Dhabi,24.4539,54.3773,05:04,12:28,15:55,18:36,19:48,2025-03-26
UAE,Abu Dhabi,24.4539,54.3773,05:03,12:28,15:55,18:37,19:48,2025-03-27
UAE,Abu Dhabi,24.4539,54.3773,05:02,12:27,15:55,18:37,19:49,2025-03-28
UAE,Abu Dhabi,24.4539,54.3773,05:00,12:27,15:55,18:37,19:49,2025-03-29
UAE,Abu Dhabi,24.4539,54.3773,04:59,12:27,15:55,18:38,19:50,2025-03-30
UAE,Abu Dhabi,24.4539,54.3773,04:58,12:27,15:54,18:38,19:50,2025-03-31
UAE,Abu Dhabi,24.4539,54.3773,04:57,12:26,15:54,18:39,19:51,2025-04-01
UAE,Abu Dhabi,24.4539,54.3773,04:56,12:26,15:54,18:39,19:51,2025-04-02
UAE,Abu Dhabi,24.4539,54.3773,04:55,12:26,15:54,18:40,19:52,2025-04-03
UAE,Abu Dhabi,24.4539,54.3773,04:54,12:25,15:54,18:40,19:52,2025-04-04
UAE,Abu Dhabi,24.4539,54.3773,04:53,12:25,15:53,18:40,19:53,2025-04-05
UAE,Abu Dhabi,24.4539,54.3773,04:52,12:25,15:53,18:41,19:53,2025-04-06
UAE,Abu Dhabi,24.4539,54.3773,04:51,12:25,15:53,18:41,19:54,2025-04-07
UAE,Abu Dhabi,24.4539,54.3773,04:49,12:24,15:53,18:42,19:54,2025-04-08
UAE,Abu Dhabi,24.4539,54.3773,04:48,12:24,15:52,18:42,19:55,2025-04-09
UAE,Abu Dhabi,24.4539,54.3773,04:47,12:24,15:52,18:42,19:56,2025-04-10
UAE,Abu Dhabi,24.4539,54.3773,04:46,12:23,15:52,18:43,19:56,2025-04-11
UAE,Abu Dhabi,24.4539,54.3773,04:45,12:23,15:52,18:43,19:57,2025-04-12
UAE,Abu Dhabi,24.4539,54.3773,04:44,12:23,15:51,18:44,19:57,2025-04-13
UAE,Abu Dhabi,24.4539,54.3773,04:43,12:23,15:51,18:44,19:58,2025-04-14
UAE,Abu Dhabi,24.4539,54.3773,04:42,12:22,15:51,18:45,19:58,2025-04-15
UAE,Abu Dhabi,24.4539,54.3773,04:41,12:22,15:51,18:45,19:59,2025-04-16
UAE,Abu Dhabi,24.4539,54.3773,04:40,12:22,15:50,18:45,20:00,2025-04-17
UAE,Abu Dhabi,24.4539,54.3773,04:39,12:22,15:50,18:46,20:00,2025-04-18
UAE,Abu Dhabi,24.4539,54.3773,04:38,12:22,15:50,18:46,20:01,2025-04-19
UAE,Abu Dhabi,24.4539,54.3773,04:37,12:21,15:50,18:47,20:01,2025-04-20
UAE,Abu Dhabi,24.4539,54.3773,04:36,12:21,15:49,18:47,20:02,2025-04-21
UAE,Abu Dhabi,24.4539,54.3773,04:35,12:21,15:49,18:48,20:03,2025-04-22
UAE,Abu Dhabi,24.4539,54.3773,04:34,12:21,15:49,18:48,20:03,2025-04-23
UAE,Abu Dhabi,24.4539,54.3773,04:33,12:21,15:48,18:49,20:04,2025-04-24
UAE,Abu Dhabi,24.4539,54.3773,04:32,12:20,15:48,18:49,20:04,2025-04-25
UAE,Abu Dhabi,24.4539,54.3773,04:31,12:20,15:48,18:50,20:05,2025-04-26
UAE,Abu Dhabi,24.4539,54.3773,04:30,12:20,15:48,18:50,20:06,2025-04-27
UAE,Abu Dhabi,24.4539,54.3773,04:29,12:20,15:47,18:51,20:06,2025-04-28
UAE,Abu Dhabi,24.4539,54.3773,04:28,12:20,15:47,18:51,20:07,2025-04-29
UAE,Abu Dhabi,24.4539,54.3773,04:27,12:20,15:47,18:51,20:08,2025-04-30
UAE,Abu Dhabi,24.4539,54.3773,04:26,12:20,15:47,18:52,20:08,2025-05-01
UAE,Abu Dhabi,24.4539,54.3773,04:25,12:19,15:46,18:52,20:09,2025-05-02
UAE,Abu Dhabi,24.4539,54.3773,04:24,12:19,15:46,18:53,20:10,2025-05-03
UAE,Abu Dhabi,24.4539,54.3773,04:23,12:19,15:46,18:53,20:10,2025-05-04
UAE,Abu Dhabi,24.4539,54.3773,04:22,12:19,15:46,18:54,20:11,2025-05-05
UAE,Abu Dhabi,24.4539,54.3773,04:21,12:19,15:45,18:54,20:12,2025-05-06
UAE,Abu Dhabi,24.4539,54.3773,04:21,12:19,15:45,18:55,20:12,2025-05-07
UAE,Abu Dhabi,24.4539,54.3773,04:20,12:19,15:45,18:55,20:13,2025-05-08
UAE,Abu Dhabi,24.4539,54.3773,04:19,12:19,15:45,18:56,20:14,2025-05-09
UAE,Abu Dhabi,24.4539,54.3773,04:18,12:19,15:45,18:56,20:15,2025-05-10
UAE,Abu Dhabi,24.4539,54.3773,04:17,12:19,15:44,18:57,20:15,2025-05-11
UAE,Abu Dhabi,24.4539,54.3773,04:17,12:19,15:44,18:57,20:16,2025-05-12
UAE,Abu Dhabi,24.4539,54.3773,04:16,12:19,15:44,18:58,20:17,2025-05-13
UAE,Abu Dhabi,24.4539,54.3773,04:15,12:19,15:44,18:58,20:17,2025-05-14
UAE,Abu Dhabi,24.4539,54.3773,04:15,12:19,15:44,18:59,20:18,2025-05-15
UAE,Abu Dhabi,24.4539,54.3773,04:14,12:19,15:43,18:59,20:19,2025-05-16
UAE,Abu Dhabi,24.4539,54.3773,04:13,12:19,15:43,19:00,20:19,2025-05-17
UAE,Abu Dhabi,24.4539,54.3773,04:13,12:19,15:43,19:00,20:20,2025-05-18
UAE,Abu Dhabi,24.4539,54.3773,04:12,12:19,15:43,19:01,20:21,2025-05-19
UAE,Abu Dhabi,24.4539,54.3773,04:12,12:19,15:43,19:01,20:21,2025-05-20
UAE,Abu Dhabi,24.4539,54.3773,04:11,12:19,15:43,19:02,20:22,2025-05-21
UAE,Abu Dhabi,24.4539,54.3773,04:10,12:19,15:43,19:02,20:23,2025-05-22
UAE,Abu Dhabi,24.4539,54.3773,04:10,12:19,15:43,19:03,20:23,2025-05-23
UAE,Abu Dhabi,24.4539,54.3773,04:09,12:19,15:42,19:03,20:24,2025-05-24
UAE,Abu Dhabi,24.4539,54.3773,04:09,12:19,15:42,19:04,20:25,2025-05-25
UAE,Abu Dhabi,24.4539,54.3773,04:09,12:20,15:42,19:04,20:25,2025-05-26
UAE,Abu Dhabi,24.4539,54.3773,04:08,12:20,15:42,19:05,20:26,2025-05-27
UAE,Abu Dhabi,24.4539,54.3773,04:08,12:20,15:42,19:05,20:27,2025-05-28
UAE,Abu Dhabi,24.4539,54.3773,04:07,12:20,15:42,19:06,20:27,2025-05-29
UAE,Abu Dhabi,24.4539,54.3773,04:07,12:20,15:42,19:06,20:28,2025-05-30
UAE,Abu Dhabi,24.4539,54.3773,04:07,12:20,15:42,19:07,20:28,2025-05-31
UAE,Abu Dhabi,24.4539,54.3773,04:07,12:20,15:42,19:07,20:29,2025-06-01
UAE,Abu Dhabi,24.4539,54.3773,04:06,12:21,15:42,19:08,20:29,2025-06-02
UAE,Abu Dhabi,24.4539,54.3773,04:06,12:21,15:42,19:08,20:30,2025-06-03
UAE,Abu Dhabi,24.4539,54.3773,04:06,12:21,15:42,19:08,20:31,2025-06-04
UAE,Abu Dhabi,24.4539,54.3773,04:06,12:21,15:42,19:09,20:31,2025-06-05
UAE,Abu Dhabi,24.4539,54.3773,04:05,12:21,15:42,19:09,20:32,2025-06-06
UAE,Abu Dhabi,24.4539,54.3773,04:05,12:21,15:42,19:10,20:32,2025-06-07
UAE,Abu Dhabi,24.4539,54.3773,04:05,12:22,15:43,19:10,20:33,2025-06-08
UAE,Abu Dhabi,24.4539,54.3773,04:05,12:22,15:43,19:10,20:33,2025-06-09
UAE,Abu Dhabi,24.4539,54.3773,04:05,12:22,15:43,19:11,20:34,2025-06-10
UAE,Abu Dhabi,24.4539,54.3773,04:05,12:22,15:43,19:11,20:34,2025-06-11
UAE,Abu Dhabi,24.4539,54.3773,04:05,12:22,15:43,19:11,20:34,2025-06-12
UAE,Abu Dhabi,24.4539,54.3773,04:05,12:23,15:43,19:12,20:35,2025-06-13
UAE,Abu Dhabi,24.4539,54.3773,04:05,12:23,15:43,19:12,20:35,2025-06-14
UAE,Abu Dhabi,24.4539,54.3773,04:05,12:23,15:43,19:12,20:35,2025-06-15
UAE,Abu Dhabi,24.4539,54.3773,04:05,12:23,15:44,19:13,20:36,2025-06-16
UAE,Abu Dhabi,24.4539,54.3773,04:05,12:24,15:44,19:13,20:36,2025-06-17
UAE,Abu Dhabi,24.4539,54.3773,04:06,12:24,15:44,19:13,20:36,2025-06-18
UAE,Abu Dhabi,24.4539,54.3773,04:06,12:24,15:44,19:14,20:37,2025-06-19
UAE,Abu Dhabi,24.4539,54.3773,04:06,12:24,15:44,19:14,20:37,2025-06-20
UAE,Abu Dhabi,24.4539,54.3773,04:06,12:24,15:45,19:14,20:37,2025-06-21
UAE,Abu Dhabi,24.4539,54.3773,04:06,12:25,15:45,19:14,20:37,2025-06-22
UAE,Abu Dhabi,24.4539,54.3773,04:07,12:25,15:45,19:14,20:37,2025-06-23
UAE,Abu Dhabi,24.4539,54.3773,04:07,12:25,15:45,19:15,20:38,2025-06-24
UAE,Abu Dhabi,24.4539,54.3773,04:07,12:25,15:46,19:15,20:38,2025-06-25
UAE,Abu Dhabi,24.4539,54.3773,04:08,12:25,15:46,19:15,20:38,2025-06-26
UAE,Abu Dhabi,24.4539,54.3773,04:08,12:26,15:46,19:15,20:38,2025-06-27
UAE,Abu Dhabi,24.4539,54.3773,04:08,12:26,15:46,19:15,20:38,2025-06-28
UAE,Abu Dhabi,24.4539,54.3773,04:09,12:26,15:47,19:15,20:38,2025-06-29
UAE,Abu Dhabi,24.4539,54.3773,04:09,12:26,15:47,19:15,20:38,2025-06-30
UAE,Abu Dhabi,24.4539,54.3773,04:10,12:26,15:47,19:15,20:38,2025-07-01
UAE,Abu Dhabi,24.4539,54.3773,04:10,12:27,15:47,19:15,20:38,2025-07-02
UAE,Abu Dhabi,24.4539,54.3773,04:10,12:27,15:48,19:15,20:38,2025-07-03
UAE,Abu Dhabi,24.4539,54.3773,04:11,12:27,15:48,19:15,20:38,2025-07-04
UAE,Abu Dhabi,24.4539,54.3773,04:11,12:27,15:48,19:15,20:38,2025-07-05
UAE,Abu Dhabi,24.4539,54.3773,04:12,12:27,15:49,19:15,20:37,2025-07-06
UAE,Abu Dhabi,24.4539,54.3773,04:12,12:28,15:49,19:15,20:37,2025-07-07
UAE,Abu Dhabi,24.4539,54.3773,04:13,12:28,15:49,19:15,20:37,2025-07-08
UAE,Abu Dhabi,24.4539,54.3773,04:14,12:28,15:49,19:15,20:37,2025-07-09
UAE,Abu Dhabi,24.4539,54.3773,04:14,12:28,15:50,19:15,20:36,2025-07-10
UAE,Abu Dhabi,24.4539,54.3773,04:15,12:28,15:50,19:14,20:36,2025-07-11
UAE,Abu Dhabi,24.4539,54.3773,04:15,12:28,15:50,19:14,20:36,2025-07-12
UAE,Abu Dhabi,24.4539,54.3773,04:16,12:28,15:51,19:14,20:36,2025-07-13
UAE,Abu Dhabi,24.4539,54.3773,04:16,12:28,15:51,19:14,20:35,2025-07-14
UAE,Abu Dhabi,24.4539,54.3773,04:17,12:29,15:51,19:14,20:35,2025-07-15
UAE,Abu Dhabi,24.4539,54.3773,04:18,12:29,15:51,19:13,20:34,2025-07-16
UAE,Abu Dhabi,24.4539,54.3773,04:18,12:29,15:52,19:13,20:34,2025-07-17
UAE,Abu Dhabi,24.4539,54.3773,04:19,12:29,15:52,19:13,20:33,2025-07-18
UAE,Abu Dhabi,24.4539,54.3773,04:20,12:29,15:52,19:12,20:33,2025-07-19
UAE,Abu Dhabi,24.4539,54.3773,04:20,12:29,15:52,19:12,20:32,2025-07-20
UAE,Abu Dhabi,24.4539,54.3773,04:21,12:29,15:53,19:12,20:32,2025-07-21
UAE,Abu Dhabi,24.4539,54.3773,04:21,12:29,15:53,19:11,20:31,2025-07-22
UAE,Abu Dhabi,24.4539,54.3773,04:22,12:29,15:53,19:11,20:31,2025-07-23
UAE,Abu Dhabi,24.4539,54.3773,04:23,12:29,15:53,19:11,20:30,2025-07-24
UAE,Abu Dhabi,24.4539,54.3773,04:23,12:29,15:53,19:10,20:30,2025-07-25
UAE,Abu Dhabi,24.4539,54.3773,04:24,12:29,15:54,19:10,20:29,2025-07-26
UAE,Abu Dhabi,24.4539,54.3773,04:25,12:29,15:54,19:09,20:28,2025-07-27
UAE,Abu Dhabi,24.4539,54.3773,04:25,12:29,15:54,19:09,20:27,2025-07-28
UAE,Abu Dhabi,24.4539,54.3773,04:26,12:29,15:54,19:08,20:27,2025-07-29
UAE,Abu Dhabi,24.4539,54.3773,04:27,12:29,15:54,19:08,20:26,2025-07-30
UAE,Abu Dhabi,24.4539,54.3773,04:27,12:29,15:54,19:07,20:25,2025-07-31
UAE,Abu Dhabi,24.4539,54.3773,04:28,12:29,15:54,19:06,20:25,2025-08-01
UAE,Abu Dhabi,24.4539,54.3773,04:29,12:29,15:55,19:06,20:24,2025-08-02
UAE,Abu Dhabi,24.4539,54.3773,04:29,12:29,15:55,19:05,20:23,2025-08-03
UAE,Abu Dhabi,24.4539,54.3773,04:30,12:29,15:55,19:05,20:22,2025-08-04
UAE,Abu Dhabi,24.4539,54.3773,04:31,12:28,15:55,19:04,20:21,2025-08-05
UAE,Abu Dhabi,24.4539,54.3773,04:31,12:28,15:55,19:03,20:20,2025-08-06
UAE,Abu Dhabi,24.4539,54.3773,04:32,12:28,15:55,19:02,20:20,2025-08-07
UAE,Abu Dhabi,24.4539,54.3773,04:33,12:28,15:55,19:02,20:19,2025-08-08
UAE,Abu Dhabi,24.4539,54.3773,04:33,12:28,15:55,19:01,20:18,2025-08-09
UAE,Abu Dhabi,24.4539,54.3773,04:34,12:28,15:55,19:00,20:17,2025-08-10
UAE,Abu Dhabi,24.4539,54.3773,04:35,12:28,15:55,19:00,20:16,2025-08-11
UAE,Abu Dhabi,24.4539,54.3773,04:35,12:27,15:55,18:59,20:15,2025-08-12
UAE,Abu Dhabi,24.4539,54.3773,04:36,12:27,15:55,18:58,20:14,2025-08-13
UAE,Abu Dhabi,24.4539,54.3773,04:36,12:27,15:55,18:57,20:13,2025-08-14
UAE,Abu Dhabi,24.4539,54.3773,04:37,12:27,15:55,18:56,20:12,2025-08-15
UAE,Abu Dhabi,24.4539,54.3773,04:38,12:27,15:54,18:56,20:11,2025-08-16
UAE,Abu Dhabi,24.4539,54.3773,04:38,12:26,15:54,18:55,20:10,2025-08-17
UAE,Abu Dhabi,24.4539,54.3773,04:39,12:26,15:54,18:54,20:09,2025-08-18
UAE,Abu Dhabi,24.4539,54.3773,04:39,12:26,15:54,18:53,20:08,2025-08-19
UAE,Abu Dhabi,24.4539,54.3773,04:40,12:26,15:54,18:52,20:07,2025-08-20
UAE,Abu Dhabi,24.4539,54.3773,04:40,12:26,15:54,18:51,20:06,2025-08-21
UAE,Abu Dhabi,24.4539,54.3773,04:41,12:25,15:54,18:50,20:05,2025-08-22
UAE,Abu Dhabi,24.4539,54.3773,04:42,12:25,15:53,18:49,20:04,2025-08-23
UAE,Abu Dhabi,24.4539,54.3773,04:42,12:25,15:53,18:49,20:03,2025-08-24
UAE,Abu Dhabi,24.4539,54.3773,04:43,12:24,15:53,18:48,20:02,2025-08-25
UAE,Abu Dhabi,24.4539,54.3773,04:43,12:24,15:53,18:47,20:00,2025-08-26
UAE,Abu Dhabi,24.4539,54.3773,04:44,12:24,15:52,18:46,19:59,2025-08-27
UAE,Abu Dhabi,24.4539,54.3773,04:44,12:24,15:52,18:45,19:58,2025-08-28
UAE,Abu Dhabi,24.4539,54.3773,04:45,12:23,15:52,18:44,19:57,2025-08-29
UAE,Abu Dhabi,24.4539,54.3773,04:45,12:23,15:52,18:43,19:56,2025-08-30
UAE,Abu Dhabi,24.4539,54.3773,04:46,12:23,15:51,18:42,19:55,2025-08-31
UAE,Abu Dhabi,24.4539,54.3773,04:46,12:22,15:51,18:41,19:54,2025-09-01
UAE,Abu Dhabi,24.4539,54.3773,04:47,12:22,15:51,18:40,19:53,2025-09-02
UAE,Abu Dhabi,24.4539,54.3773,04:47,12:22,15:50,18:39,19:52,2025-09-03
UAE,Abu Dhabi,24.4539,54.3773,04:48,12:21,15:50,18:38,19:50,2025-09-04
UAE,Abu Dhabi,24.4539,54.3773,04:48,12:21,15:49,18:37,19:49,2025-09-05
UAE,Abu Dhabi,24.4539,54.3773,04:49,12:21,15:49,18:36,19:48,2025-09-06
UAE,Abu Dhabi,24.4539,54.3773,04:49,12:20,15:49,18:35,19:47,2025-09-07
UAE,Abu Dhabi,24.4539,54.3773,04:50,12:20,15:48,18:34,19:46,2025-09-08
UAE,Abu Dhabi,24.4539,54.3773,04:50,12:20,15:48,18:33,19:45,2025-09-09
UAE,Abu Dhabi,24.4539,54.3773,04:51,12:19,15:47,18:32,19:44,2025-09-10
UAE,Abu Dhabi,24.4539,54.3773,04:51,12:19,15:47,18:30,19:42,2025-09-11
UAE,Abu Dhabi,24.4539,54.3773,04:51,12:19,15:46,18:29,19:41,2025-09-12
UAE,Abu Dhabi,24.4539,54.3773,04:52,12:18,15:46,18:28,19:40,2025-09-13
UAE,Abu Dhabi,24.4539,54.3773,04:52,12:18,15:45,18:27,19:39,2025-09-14
UAE,Abu Dhabi,24.4539,54.3773,04:53,12:18,15:45,18:26,19:38,2025-09-15
UAE,Abu Dhabi,24.4539,54.3773,04:53,12:17,15:44,18:25,19:37,2025-09-16
UAE,Abu Dhabi,24.4539,54.3773,04:54,12:17,15:44,18:24,19:36,2025-09-17
UAE,Abu Dhabi,24.4539,54.3773,04:54,12:16,15:43,18:23,19:35,2025-09-18
UAE,Abu Dhabi,24.4539,54.3773,04:54,12:16,15:43,18:22,19:33,2025-09-19
UAE,Abu Dhabi,24.4539,54.3773,04:55,12:16,15:42,18:21,19:32,2025-09-20
UAE,Abu Dhabi,24.4539,54.3773,04:55,12:15,15:42,18:20,19:31,2025-09-21
UAE,Abu Dhabi,24.4539,54.3773,04:56,12:15,15:41,18:19,19:30,2025-09-22
UAE,Abu Dhabi,24.4539,54.3773,04:56,12:15,15:41,18:18,19:29,2025-09-23
UAE,Abu Dhabi,24.4539,54.3773,04:56,12:14,15:40,18:17,19:28,2025-09-24
UAE,Abu Dhabi,24.4539,54.3773,04:57,12:14,15:39,18:16,19:27,2025-09-25
UAE,Abu Dhabi,24.4539,54.3773,04:57,12:14,15:39,18:15,19:26,2025-09-26
UAE,Abu Dhabi,24.4539,54.3773,04:58,12:13,15:38,18:14,19:25,2025-09-27
UAE,Abu Dhabi,24.4539,54.3773,04:58,12:13,15:38,18:12,19:24,2025-09-28
UAE,Abu Dhabi,24.4539,54.3773,04:58,12:13,15:37,18:11,19:23,2025-09-29
UAE,Abu Dhabi,24.4539,54.3773,04:59,12:12,15:37,18:10,19:22,2025-09-30
UAE,Abu Dhabi,24.4539,54.3773,04:59,12:12,15:36,18:09,19:20,2025-10-01
UAE,Abu Dhabi,24.4539,54.3773,05:00,12:12,15:35,18:08,19:19,2025-10-02
UAE,Abu Dhabi,24.4539,54.3773,05:00,12:11,15:35,18:07,19:18,2025-10-03
UAE,Abu Dhabi,24.4539,54.3773,05:00,12:11,15:34,18:06,19:17,2025-10-04
UAE,Abu Dhabi,24.4539,54.3773,05:01,12:11,15:34,18:05,19:16,2025-10-05
UAE,Abu Dhabi,24.4539,54.3773,05:01,12:10,15:33,18:04,19:15,2025-10-06
UAE,Abu Dhabi,24.4539,54.3773,05:01,12:10,15:32,18:03,19:15,2025-10-07
UAE,Abu Dhabi,24.4539,54.3773,05:02,12:10,15:32,18:02,19:14,2025-10-08
UAE,Abu Dhabi,24.4539,54.3773,05:02,12:10,15:31,18:01,19:13,2025-10-09
UAE,Abu Dhabi,24.4539,54.3773,05:03,12:09,15:30,18:00,19:12,2025-10-10
UAE,Abu Dhabi,24.4539,54.3773,05:03,12:09,15:30,17:59,19:11,2025-10-11
UAE,Abu Dhabi,24.4539,54.3773,05:03,12:09,15:29,17:59,19:10,2025-10-12
UAE,Abu Dhabi,24.4539,54.3773,05:04,12:09,15:29,17:58,19:09,2025-10-13
UAE,Abu Dhabi,24.4539,54.3773,05:04,12:08,15:28,17:57,19:08,2025-10-14
UAE,Abu Dhabi,24.4539,54.3773,05:05,12:08,15:28,17:56,19:07,2025-10-15
UAE,Abu Dhabi,24.4539,54.3773,05:05,12:08,15:27,17:55,19:06,2025-10-16
UAE,Abu Dhabi,24.4539,54.3773,05:06,12:08,15:26,17:54,19:06,2025-10-17
UAE,Abu Dhabi,24.4539,54.3773,05:06,12:08,15:26,17:53,19:05,2025-10-18
UAE,Abu Dhabi,24.4539,54.3773,05:06,12:07,15:25,17:52,19:04,2025-10-19
UAE,Abu Dhabi,24.4539,54.3773,05:07,12:07,15:25,17:51,19:03,2025-10-20
UAE,Abu Dhabi,24.4539,54.3773,05:07,12:07,15:24,17:51,19:02,2025-10-21
UAE,Abu Dhabi,24.4539,54.3773,05:08,12:07,15:24,17:50,19:02,2025-10-22
UAE,Abu Dhabi,24.4539,54.3773,05:08,12:07,15:23,17:49,19:01,2025-10-23
UAE,Abu Dhabi,24.4539,54.3773,05:09,12:07,15:22,17:48,19:00,2025-10-24
UAE,Abu Dhabi,24.4539,54.3773,05:09,12:07,15:22,17:47,19:00,2025-10-25
UAE,Abu Dhabi,24.4539,54.3773,05:10,12:06,15:21,17:47,18:59,2025-10-26
UAE,Abu Dhabi,24.4539,54.3773,05:10,12:06,15:21,17:46,18:58,2025-10-27
UAE,Abu Dhabi,24.4539,54.3773,05:10,12:06,15:20,17:45,18:58,2025-10-28
UAE,Abu Dhabi,24.4539,54.3773,05:11,12:06,15:20,17:45,18:57,2025-10-29
UAE,Abu Dhabi,24.4539,54.3773,05:11,12:06,15:20,17:44,18:56,2025-10-30
UAE,Abu Dhabi,24.4539,54.3773,05:12,12:06,15:19,17:43,18:56,2025-10-31
UAE,Abu Dhabi,24.4539,54.3773,05:12,12:06,15:19,17:43,18:55,2025-11-01
UAE,Abu Dhabi,24.4539,54.3773,05:13,12:06,15:18,17:42,18:55,2025-11-02
UAE,Abu Dhabi,24.4539,54.3773,05:13,12:06,15:18,17:41,18:54,2025-11-03
UAE,Abu Dhabi,24.4539,54.3773,05:14,12:06,15:17,17:41,18:54,2025-11-04
UAE,Abu Dhabi,24.4539,54.3773,05:14,12:06,15:17,17:40,18:53,2025-11-05
UAE,Abu Dhabi,24.4539,54.3773,05:15,12:06,15:17,17:40,18:53,2025-11-06
UAE,Abu Dhabi,24.4539,54.3773,05:15,12:06,15:16,17:39,18:52,2025-11-07
UAE,Abu Dhabi,24.4539,54.3773,05:16,12:06,15:16,17:39,18:52,2025-11-08
UAE,Abu Dhabi,24.4539,54.3773,05:17,12:06,15:16,17:38,18:52,2025-11-09
UAE,Abu Dhabi,24.4539,54.3773,05:17,12:06,15:15,17:38,18:51,2025-11-10
UAE,Abu Dhabi,24.4539,54.3773,05:18,12:07,15:15,17:37,18:51,2025-11-11
UAE,Abu Dhabi,24.4539,54.3773,05:18,12:07,15:15,17:37,18:51,2025-11-12
UAE,Abu Dhabi,24.4539,54.3773,05:19,12:07,15:14,17:36,18:50,2025-11-13
UAE,Abu Dhabi,24.4539,54.3773,05:19,12:07,15:14,17:36,18:50,2025-11-14
UAE,Abu Dhabi,24.4539,54.3773,05:20,12:07,15:14,17:36,18:50,2025-11-15
UAE,Abu Dhabi,24.4539,54.3773,05:20,12:07,15:14,17:35,18:50,2025-11-16
UAE,Abu Dhabi,24.4539,54.3773,05:21,12:08,15:14,17:35,18:49,2025-11-17
UAE,Abu Dhabi,24.4539,54.3773,05:22,12:08,15:13,17:35,18:49,2025-11-18
UAE,Abu Dhabi,24.4539,54.3773,05:22,12:08,15:13,17:35,18:49,2025-11-19
UAE,Abu Dhabi,24.4539,54.3773,05:23,12:08,15:13,17:34,18:49,2025-11-20
UAE,Abu Dhabi,24.4539,54.3773,05:23,12:08,15:13,17:34,18:49,2025-11-21
UAE,Abu Dhabi,24.4539,54.3773,05:24,12:09,15:13,17:34,18:49,2025-11-22
UAE,Abu Dhabi,24.4539,54.3773,05:25,12:09,15:13,17:34,18:49,2025-11-23
UAE,Abu Dhabi,24.4539,54.3773,05:25,12:09,15:13,17:34,18:49,2025-11-24
UAE,Abu Dhabi,24.4539,54.3773,05:26,12:10,15:13,17:34,18:49,2025-11-25
UAE,Abu Dhabi,24.4539,54.3773,05:26,12:10,15:13,17:34,18:49,2025-11-26
UAE,Abu Dhabi,24.4539,54.3773,05:27,12:10,15:13,17:33,18:49,2025-11-27
UAE,Abu Dhabi,24.4539,54.3773,05:28,12:11,15:13,17:33,18:49,2025-11-28
UAE,Abu Dhabi,24.4539,54.3773,05:28,12:11,15:13,17:33,18:49,2025-11-29
UAE,Abu Dhabi,24.4539,54.3773,05:29,12:11,15:13,17:33,18:49,2025-11-30
UAE,Abu Dhabi,24.4539,54.3773,05:29,12:12,15:13,17:34,18:49,2025-12-01
UAE,Abu Dhabi,24.4539,54.3773,05:30,12:12,15:13,17:34,18:49,2025-12-02
UAE,Abu Dhabi,24.4539,54.3773,05:31,12:12,15:14,17:34,18:50,2025-12-03
UAE,Abu Dhabi,24.4539,54.3773,05:31,12:13,15:14,17:34,18:50,2025-12-04
UAE,Abu Dhabi,24.4539,54.3773,05:32,12:13,15:14,17:34,18:50,2025-12-05
UAE,Abu Dhabi,24.4539,54.3773,05:33,12:14,15:14,17:34,18:50,2025-12-06
UAE,Abu Dhabi,24.4539,54.3773,05:33,12:14,15:14,17:34,18:50,2025-12-07
UAE,Abu Dhabi,24.4539,54.3773,05:34,12:15,15:15,17:35,18:51,2025-12-08
UAE,Abu Dhabi,24.4539,54.3773,05:34,12:15,15:15,17:35,18:51,2025-12-09
UAE,Abu Dhabi,24.4539,54.3773,05:35,12:15,15:15,17:35,18:51,2025-12-10
UAE,Abu Dhabi,24.4539,54.3773,05:35,12:16,15:15,17:35,18:52,2025-12-11
UAE,Abu Dhabi,24.4539,54.3773,05:36,12:16,15:16,17:36,18:52,2025-12-12
UAE,Abu Dhabi,24.4539,54.3773,05:37,12:17,15:16,17:36,18:52,2025-12-13
UAE,Abu Dhabi,24.4539,54.3773,05:37,12:17,15:17,17:36,18:53,2025-12-14
UAE,Abu Dhabi,24.4539,54.3773,05:38,12:18,15:17,17:37,18:53,2025-12-15
UAE,Abu Dhabi,24.4539,54.3773,05:38,12:18,15:17,17:37,18:54,2025-12-16
UAE,Abu Dhabi,24.4539,54.3773,05:39,12:19,15:18,17:37,18:54,2025-12-17
UAE,Abu Dhabi,24.4539,54.3773,05:39,12:19,15:18,17:38,18:55,2025-12-18
UAE,Abu Dhabi,24.4539,54.3773,05:40,12:20,15:19,17:38,18:55,2025-12-19
UAE,Abu Dhabi,24.4539,54.3773,05:40,12:20,15:19,17:39,18:55,2025-12-20
UAE,Abu Dhabi,24.4539,54.3773,05:41,12:21,15:20,17:39,18:56,2025-12-21
UAE,Abu Dhabi,24.4539,54.3773,05:41,12:21,15:20,17:40,18:56,2025-12-22
UAE,Abu Dhabi,24.4539,54.3773,05:42,12:22,15:21,17:40,18:57,2025-12-23
UAE,Abu Dhabi,24.4539,54.3773,05:42,12:22,15:21,17:41,18:57,2025-12-24
UAE,Abu Dhabi,24.4539,54.3773,05:43,12:23,15:22,17:41,18:58,2025-12-25
UAE,Abu Dhabi,24.4539,54.3773,05:43,12:23,15:22,17:42,18:59,2025-12-26
UAE,Abu Dhabi,24.4539,54.3773,05:44,12:24,15:23,17:43,18:59,2025-12-27
UAE,Abu Dhabi,24.4539,54.3773,05:44,12:24,15:23,17:43,19:00,2025-12-28
UAE,Abu Dhabi,24.4539,54.3773,05:44,12:25,15:24,17:44,19:00,2025-12-29
UAE,Abu Dhabi,24.4539,54.3773,05:45,12:25,15:25,17:44,19:01,2025-12-30
UAE,Abu Dhabi,24.4539,54.3773,05:45,12:26,15:25,17:45,19:01,2025-12-31
UAE,Dubai,25.2048,55.2708,05:43,12:23,15:21,17:41,18:58,2025-01-01
UAE,Dubai,25.2048,55.2708,05:43,12:23,15:22,17:41,18:58,2025-01-02
UAE,Dubai,25.2048,55.2708,05:44,12:24,15:22,17:42,18:59,2025-01-03
UAE,Dubai,25.2048,55.2708,05:44,12:24,15:23,17:43,18:59,2025-01-04
UAE,Dubai,25.2048,55.2708,05:44,12:24,15:24,17:44,19:00,2025-01-05
UAE,Dubai,25.2048,55.2708,05:45,12:25,15:24,17:44,19:01,2025-01-06
UAE,Dubai,25.2048,55.2708,05:45,12:25,15:25,17:45,19:01,2025-01-07
UAE,Dubai,25.2048,55.2708,05:45,12:26,15:26,17:46,19:02,2025-01-08
UAE,Dubai,25.2048,55.2708,05:45,12:26,15:26,17:46,19:03,2025-01-09
UAE,Dubai,25.2048,55.2708,05:45,12:27,15:27,17:47,19:03,2025-01-10
UAE,Dubai,25.2048,55.2708,05:45,12:27,15:28,17:48,19:04,2025-01-11
UAE,Dubai,25.2048,55.2708,05:46,12:27,15:28,17:49,19:05,2025-01-12
UAE,Dubai,25.2048,55.2708,05:46,12:28,15:29,17:49,19:05,2025-01-13
UAE,Dubai,25.2048,55.2708,05:46,12:28,15:30,17:50,19:06,2025-01-14
UAE,Dubai,25.2048,55.2708,05:46,12:28,15:30,17:51,19:07,2025-01-15
UAE,Dubai,25.2048,55.2708,05:46,12:29,15:31,17:52,19:07,2025-01-16
UAE,Dubai,25.2048,55.2708,05:46,12:29,15:32,17:52,19:08,2025-01-17
UAE,Dubai,25.2048,55.2708,05:46,12:29,15:32,17:53,19:09,2025-01-18
UAE,Dubai,25.2048,55.2708,05:46,12:30,15:33,17:54,19:09,2025-01-19
UAE,Dubai,25.2048,55.2708,05:46,12:30,15:34,17:55,19:10,2025-01-20
UAE,Dubai,25.2048,55.2708,05:46,12:30,15:34,17:55,19:10,2025-01-21
UAE,Dubai,25.2048,55.2708,05:45,12:31,15:35,17:56,19:11,2025-01-22
UAE,Dubai,25.2048,55.2708,05:45,12:31,15:36,17:57,19:12,2025-01-23
UAE,Dubai,25.2048,55.2708,05:45,12:31,15:36,17:58,19:12,2025-01-24
UAE,Dubai,25.2048,55.2708,05:45,12:31,15:37,17:58,19:13,2025-01-25
UAE,Dubai,25.2048,55.2708,05:45,12:32,15:38,17:59,19:14,2025-01-26
UAE,Dubai,25.2048,55.2708,05:45,12:32,15:38,18:00,19:14,2025-01-27
UAE,Dubai,25.2048,55.2708,05:44,12:32,15:39,18:01,19:15,2025-01-28
UAE,Dubai,25.2048,55.2708,05:44,12:32,15:39,18:01,19:16,2025-01-29
UAE,Dubai,25.2048,55.2708,05:44,12:32,15:40,18:02,19:16,2025-01-30
UAE,Dubai,25.2048,55.2708,05:43,12:32,15:41,18:03,19:17,2025-01-31
UAE,Dubai,25.2048,55.2708,05:43,12:33,15:41,18:04,19:17,2025-02-01
UAE,Dubai,25.2048,55.2708,05:43,12:33,15:42,18:04,19:18,2025-02-02
UAE,Dubai,25.2048,55.2708,05:42,12:33,15:42,18:05,19:19,2025-02-03
UAE,Dubai,25.2048,55.2708,05:42,12:33,15:43,18:06,19:19,2025-02-04
UAE,Dubai,25.2048,55.2708,05:42,12:33,15:43,18:06,19:20,2025-02-05
UAE,Dubai,25.2048,55.2708,05:41,12:33,15:44,18:07,19:20,2025-02-06
UAE,Dubai,25.2048,55.2708,05:41,12:33,15:44,18:08,19:21,2025-02-07
UAE,Dubai,25.2048,55.2708,05:40,12:33,15:45,18:08,19:22,2025-02-08
UAE,Dubai,25.2048,55.2708,05:40,12:33,15:45,18:09,19:22,2025-02-09
UAE,Dubai,25.2048,55.2708,05:39,12:33,15:46,18:10,19:23,2025-02-10
UAE,Dubai,25.2048,55.2708,05:38,12:33,15:46,18:10,19:23,2025-02-11
UAE,Dubai,25.2048,55.2708,05:38,12:33,15:47,18:11,19:24,2025-02-12
UAE,Dubai,25.2048,55.2708,05:37,12:33,15:47,18:12,19:24,2025-02-13
UAE,Dubai,25.2048,55.2708,05:37,12:33,15:47,18:12,19:25,2025-02-14
UAE,Dubai,25.2048,55.2708,05:36,12:33,15:48,18:13,19:25,2025-02-15
UAE,Dubai,25.2048,55.2708,05:35,12:33,15:48,18:14,19:26,2025-02-16
UAE,Dubai,25.2048,55.2708,05:35,12:33,15:48,18:14,19:27,2025-02-17
UAE,Dubai,25.2048,55.2708,05:34,12:33,15:49,18:15,19:27,2025-02-18
UAE,Dubai,25.2048,55.2708,05:33,12:33,15:49,18:15,19:28,2025-02-19
UAE,Dubai,25.2048,55.2708,05:33,12:33,15:49,18:16,19:28,2025-02-20
UAE,Dubai,25.2048,55.2708,05:32,12:32,15:50,18:17,19:29,2025-02-21
UAE,Dubai,25.2048,55.2708,05:31,12:32,15:50,18:17,19:29,2025-02-22
UAE,Dubai,25.2048,55.2708,05:30,12:32,15:50,18:18,19:30,2025-02-23
UAE,Dubai,25.2048,55.2708,05:29,12:32,15:51,18:18,19:30,2025-02-24
UAE,Dubai,25.2048,55.2708,05:29,12:32,15:51,18:19,19:31,2025-02-25
UAE,Dubai,25.2048,55.2708,05:28,12:32,15:51,18:19,19:31,2025-02-26
UAE,Dubai,25.2048,55.2708,05:27,12:32,15:51,18:20,19:32,2025-02-27
UAE,Dubai,25.2048,55.2708,05:26,12:31,15:51,18:20,19:32,2025-02-28
UAE,Dubai,25.2048,55.2708,05:25,12:31,15:52,18:21,19:33,2025-03-01
UAE,Dubai,25.2048,55.2708,05:24,12:31,15:52,18:22,19:33,2025-03-02
UAE,Dubai,25.2048,55.2708,05:23,12:31,15:52,18:22,19:34,2025-03-03
UAE,Dubai,25.2048,55.2708,05:22,12:31,15:52,18:23,19:34,2025-03-04
UAE,Dubai,25.2048,55.2708,05:22,12:30,15:52,18:23,19:35,2025-03-05
UAE,Dubai,25.2048,55.2708,05:21,12:30,15:52,18:24,19:35,2025-03-06
UAE,Dubai,25.2048,55.2708,05:20,12:30,15:52,18:24,19:36,2025-03-07
UAE,Dubai,25.2048,55.2708,05:19,12:30,15:53,18:25,19:36,2025-03-08
UAE,Dubai,25.2048,55.2708,05:18,12:29,15:53,18:25,19:37,2025-03-09
UAE,Dubai,25.2048,55.2708,05:17,12:29,15:53,18:26,19:37,2025-03-10
UAE,Dubai,25.2048,55.2708,05:16,12:29,15:53,18:26,19:38,2025-03-11
UAE,Dubai,25.2048,55.2708,05:15,12:29,15:53,18:26,19:38,2025-03-12
UAE,Dubai,25.2048,55.2708,05:14,12:28,15:53,18:27,19:39,2025-03-13
UAE,Dubai,25.2048,55.2708,05:13,12:28,15:53,18:27,19:39,2025-03-14
UAE,Dubai,25.2048,55.2708,05:12,12:28,15:53,18:28,19:39,2025-03-15
UAE,Dubai,25.2048,55.2708,05:10,12:27,15:53,18:28,19:40,2025-03-16
UAE,Dubai,25.2048,55.2708,05:09,12:27,15:53,18:29,19:40,2025-03-17
UAE,Dubai,25.2048,55.2708,05:08,12:27,15:53,18:29,19:41,2025-03-18
UAE,Dubai,25.2048,55.2708,05:07,12:27,15:53,18:30,19:41,2025-03-19
UAE,Dubai,25.2048,55.2708,05:06,12:26,15:53,18:30,19:42,2025-03-20
UAE,Dubai,25.2048,55.2708,05:05,12:26,15:53,18:31,19:42,2025-03-21
UAE,Dubai,25.2048,55.2708,05:04,12:26,15:52,18:31,19:43,2025-03-22
UAE,Dubai,25.2048,55.2708,05:03,12:25,15:52,18:31,19:43,2025-03-23
UAE,Dubai,25.2048,55.2708,05:02,12:25,15:52,18:32,19:44,2025-03-24
UAE,Dubai,25.2048,55.2708,05:01,12:25,15:52,18:32,19:44,2025-03-25
UAE,Dubai,25.2048,55.2708,05:00,12:24,15:52,18:33,19:45,2025-03-26
UAE,Dubai,25.2048,55.2708,04:58,12:24,15:52,18:33,19:45,2025-03-27
UAE,Dubai,25.2048,55.2708,04:57,12:24,15:52,18:34,19:46,2025-03-28
UAE,Dubai,25.2048,55.2708,04:56,12:24,15:52,18:34,19:46,2025-03-29
UAE,Dubai,25.2048,55.2708,04:55,12:23,15:52,18:35,19:47,2025-03-30
UAE,Dubai,25.2048,55.2708,04:54,12:23,15:51,18:35,19:47,2025-03-31
UAE,Dubai,25.2048,55.2708,04:53,12:23,15:51,18:35,19:48,2025-04-01
UAE,Dubai,25.2048,55.2708,04:52,12:22,15:51,18:36,19:49,2025-04-02
UAE,Dubai,25.2048,55.2708,04:50,12:22,15:51,18:36,19:49,2025-04-03
UAE,Dubai,25.2048,55.2708,04:49,12:22,15:51,18:37,19:50,2025-04-04
UAE,Dubai,25.2048,55.2708,04:48,12:22,15:50,18:37,19:50,2025-04-05
UAE,Dubai,25.2048,55.2708,04:47,12:21,15:50,18:38,19:51,2025-04-06
UAE,Dubai,25.2048,55.2708,04:46,12:21,15:50,18:38,19:51,2025-04-07
UAE,Dubai,25.2048,55.2708,04:45,12:21,15:50,18:39,19:52,2025-04-08
UAE,Dubai,25.2048,55.2708,04:44,12:20,15:50,18:39,19:52,2025-04-09
UAE,Dubai,25.2048,55.2708,04:43,12:20,15:49,18:39,19:53,2025-04-10
UAE,Dubai,25.2048,55.2708,04:41,12:20,15:49,18:40,19:54,2025-04-11
UAE,Dubai,25.2048,55.2708,04:40,12:20,15:49,18:40,19:54,2025-04-12
UAE,Dubai,25.2048,55.2708,04:39,12:19,15:49,18:41,19:55,2025-04-13
UAE,Dubai,25.2048,55.2708,04:38,12:19,15:49,18:41,19:55,2025-04-14
UAE,Dubai,25.2048,55.2708,04:37,12:19,15:48,18:42,19:56,2025-04-15
UAE,Dubai,25.2048,55.2708,04:36,12:19,15:48,18:42,19:57,2025-04-16
UAE,Dubai,25.2048,55.2708,04:35,12:18,15:48,18:43,19:57,2025-04-17
UAE,Dubai,25.2048,55.2708,04:34,12:18,15:48,18:43,19:58,2025-04-18
UAE,Dubai,25.2048,55.2708,04:33,12:18,15:47,18:44,19:58,2025-04-19
UAE,Dubai,25.2048,55.2708,04:32,12:18,15:47,18:44,19:59,2025-04-20
UAE,Dubai,25.2048,55.2708,04:31,12:18,15:47,18:44,20:00,2025-04-21
UAE,Dubai,25.2048,55.2708,04:29,12:17,15:47,18:45,20:00,2025-04-22
UAE,Dubai,25.2048,55.2708,04:28,12:17,15:46,18:45,20:01,2025-04-23
UAE,Dubai,25.2048,55.2708,04:27,12:17,15:46,18:46,20:02,2025-04-24
UAE,Dubai,25.2048,55.2708,04:26,12:17,15:46,18:46,20:02,2025-04-25
UAE,Dubai,25.2048,55.2708,04:25,12:17,15:46,18:47,20:03,2025-04-26
UAE,Dubai,25.2048,55.2708,04:24,12:17,15:45,18:47,20:04,2025-04-27
UAE,Dubai,25.2048,55.2708,04:23,12:16,15:45,18:48,20:04,2025-04-28
UAE,Dubai,25.2048,55.2708,04:22,12:16,15:45,18:48,20:05,2025-04-29
UAE,Dubai,25.2048,55.2708,04:21,12:16,15:45,18:49,20:06,2025-04-30
UAE,Dubai,25.2048,55.2708,04:21,12:16,15:44,18:49,20:06,2025-05-01
UAE,Dubai,25.2048,55.2708,04:20,12:16,15:44,18:50,20:07,2025-05-02
UAE,Dubai,25.2048,55.2708,04:19,12:16,15:44,18:50,20:08,2025-05-03
UAE,Dubai,25.2048,55.2708,04:18,12:16,15:44,18:51,20:09,2025-05-04
UAE,Dubai,25.2048,55.2708,04:17,12:16,15:44,18:51,20:09,2025-05-05
UAE,Dubai,25.2048,55.2708,04:16,12:16,15:43,18:52,20:10,2025-05-06
UAE,Dubai,25.2048,55.2708,04:15,12:15,15:43,18:52,20:11,2025-05-07
UAE,Dubai,25.2048,55.2708,04:14,12:15,15:43,18:53,20:11,2025-05-08
UAE,Dubai,25.2048,55.2708,04:14,12:15,15:43,18:53,20:12,2025-05-09
UAE,Dubai,25.2048,55.2708,04:13,12:15,15:43,18:54,20:13,2025-05-10
UAE,Dubai,25.2048,55.2708,04:12,12:15,15:42,18:55,20:14,2025-05-11
UAE,Dubai,25.2048,55.2708,04:11,12:15,15:42,18:55,20:14,2025-05-12
UAE,Dubai,25.2048,55.2708,04:10,12:15,15:42,18:56,20:15,2025-05-13
UAE,Dubai,25.2048,55.2708,04:10,12:15,15:42,18:56,20:16,2025-05-14
UAE,Dubai,25.2048,55.2708,04:09,12:15,15:42,18:57,20:16,2025-05-15
UAE,Dubai,25.2048,55.2708,04:08,12:15,15:42,18:57,20:17,2025-05-16
UAE,Dubai,25.2048,55.2708,04:08,12:15,15:41,18:58,20:18,2025-05-17
UAE,Dubai,25.2048,55.2708,04:07,12:15,15:41,18:58,20:19,2025-05-18
UAE,Dubai,25.2048,55.2708,04:06,12:15,15:41,18:59,20:19,2025-05-19
UAE,Dubai,25.2048,55.2708,04:06,12:15,15:41,18:59,20:20,2025-05-20
UAE,Dubai,25.2048,55.2708,04:05,12:16,15:41,19:00,20:21,2025-05-21
UAE,Dubai,25.2048,55.2708,04:05,12:16,15:41,19:00,20:21,2025-05-22
UAE,Dubai,25.2048,55.2708,04:04,12:16,15:41,19:01,20:22,2025-05-23
UAE,Dubai,25.2048,55.2708,04:04,12:16,15:41,19:01,20:23,2025-05-24
UAE,Dubai,25.2048,55.2708,04:03,12:16,15:41,19:02,20:23,2025-05-25
UAE,Dubai,25.2048,55.2708,04:03,12:16,15:41,19:02,20:24,2025-05-26
UAE,Dubai,25.2048,55.2708,04:02,12:16,15:41,19:03,20:25,2025-05-27
UAE,Dubai,25.2048,55.2708,04:02,12:16,15:41,19:03,20:25,2025-05-28
UAE,Dubai,25.2048,55.2708,04:02,12:16,15:41,19:04,20:26,2025-05-29
UAE,Dubai,25.2048,55.2708,04:01,12:17,15:41,19:04,20:26,2025-05-30
UAE,Dubai,25.2048,55.2708,04:01,12:17,15:41,19:05,20:27,2025-05-31
UAE,Dubai,25.2048,55.2708,04:01,12:17,15:41,19:05,20:28,2025-06-01
UAE,Dubai,25.2048,55.2708,04:00,12:17,15:41,19:06,20:28,2025-06-02
UAE,Dubai,25.2048,55.2708,04:00,12:17,15:41,19:06,20:29,2025-06-03
UAE,Dubai,25.2048,55.2708,04:00,12:17,15:41,19:06,20:29,2025-06-04
UAE,Dubai,25.2048,55.2708,04:00,12:18,15:41,19:07,20:30,2025-06-05
UAE,Dubai,25.2048,55.2708,03:59,12:18,15:41,19:07,20:30,2025-06-06
UAE,Dubai,25.2048,55.2708,03:59,12:18,15:41,19:08,20:31,2025-06-07
UAE,Dubai,25.2048,55.2708,03:59,12:18,15:41,19:08,20:31,2025-06-08
UAE,Dubai,25.2048,55.2708,03:59,12:18,15:41,19:08,20:32,2025-06-09
UAE,Dubai,25.2048,55.2708,03:59,12:18,15:41,19:09,20:32,2025-06-10
UAE,Dubai,25.2048,55.2708,03:59,12:19,15:41,19:09,20:33,2025-06-11
UAE,Dubai,25.2048,55.2708,03:59,12:19,15:42,19:10,20:33,2025-06-12
UAE,Dubai,25.2048,55.2708,03:59,12:19,15:42,19:10,20:34,2025-06-13
UAE,Dubai,25.2048,55.2708,03:59,12:19,15:42,19:10,20:34,2025-06-14
UAE,Dubai,25.2048,55.2708,03:59,12:20,15:42,19:10,20:34,2025-06-15
UAE,Dubai,25.2048,55.2708,03:59,12:20,15:42,19:11,20:35,2025-06-16
UAE,Dubai,25.2048,55.2708,03:59,12:20,15:42,19:11,20:35,2025-06-17
UAE,Dubai,25.2048,55.2708,03:59,12:20,15:43,19:11,20:35,2025-06-18
UAE,Dubai,25.2048,55.2708,04:00,12:20,15:43,19:12,20:36,2025-06-19
UAE,Dubai,25.2048,55.2708,04:00,12:21,15:43,19:12,20:36,2025-06-20
UAE,Dubai,25.2048,55.2708,04:00,12:21,15:43,19:12,20:36,2025-06-21
UAE,Dubai,25.2048,55.2708,04:00,12:21,15:43,19:12,20:36,2025-06-22
UAE,Dubai,25.2048,55.2708,04:01,12:21,15:44,19:12,20:36,2025-06-23
UAE,Dubai,25.2048,55.2708,04:01,12:21,15:44,19:13,20:37,2025-06-24
UAE,Dubai,25.2048,55.2708,04:01,12:22,15:44,19:13,20:37,2025-06-25
UAE,Dubai,25.2048,55.2708,04:02,12:22,15:44,19:13,20:37,2025-06-26
UAE,Dubai,25.2048,55.2708,04:02,12:22,15:45,19:13,20:37,2025-06-27
UAE,Dubai,25.2048,55.2708,04:02,12:22,15:45,19:13,20:37,2025-06-28
UAE,Dubai,25.2048,55.2708,04:03,12:23,15:45,19:13,20:37,2025-06-29
UAE,Dubai,25.2048,55.2708,04:03,12:23,15:45,19:13,20:37,2025-06-30
UAE,Dubai,25.2048,55.2708,04:03,12:23,15:46,19:13,20:37,2025-07-01
UAE,Dubai,25.2048,55.2708,04:04,12:23,15:46,19:13,20:37,2025-07-02
UAE,Dubai,25.2048,55.2708,04:04,12:23,15:46,19:13,20:37,2025-07-03
UAE,Dubai,25.2048,55.2708,04:05,12:23,15:47,19:13,20:36,2025-07-04
UAE,Dubai,25.2048,55.2708,04:05,12:24,15:47,19:13,20:36,2025-07-05
UAE,Dubai,25.2048,55.2708,04:06,12:24,15:47,19:13,20:36,2025-07-06
UAE,Dubai,25.2048,55.2708,04:06,12:24,15:47,19:13,20:36,2025-07-07
UAE,Dubai,25.2048,55.2708,04:07,12:24,15:48,19:13,20:36,2025-07-08
UAE,Dubai,25.2048,55.2708,04:08,12:24,15:48,19:13,20:35,2025-07-09
UAE,Dubai,25.2048,55.2708,04:08,12:24,15:48,19:13,20:35,2025-07-10
UAE,Dubai,25.2048,55.2708,04:09,12:25,15:48,19:12,20:35,2025-07-11
UAE,Dubai,25.2048,55.2708,04:09,12:25,15:49,19:12,20:35,2025-07-12
UAE,Dubai,25.2048,55.2708,04:10,12:25,15:49,19:12,20:34,2025-07-13
UAE,Dubai,25.2048,55.2708,04:11,12:25,15:49,19:12,20:34,2025-07-14
UAE,Dubai,25.2048,55.2708,04:11,12:25,15:49,19:12,20:33,2025-07-15
UAE,Dubai,25.2048,55.2708,04:12,12:25,15:50,19:11,20:33,2025-07-16
UAE,Dubai,25.2048,55.2708,04:12,12:25,15:50,19:11,20:33,2025-07-17
UAE,Dubai,25.2048,55.2708,04:13,12:25,15:50,19:11,20:32,2025-07-18
UAE,Dubai,25.2048,55.2708,04:14,12:25,15:50,19:10,20:32,2025-07-19
UAE,Dubai,25.2048,55.2708,04:14,12:25,15:51,19:10,20:31,2025-07-20
UAE,Dubai,25.2048,55.2708,04:15,12:25,15:51,19:10,20:30,2025-07-21
UAE,Dubai,25.2048,55.2708,04:16,12:25,15:51,19:09,20:30,2025-07-22
UAE,Dubai,25.2048,55.2708,04:16,12:25,15:51,19:09,20:29,2025-07-23
UAE,Dubai,25.2048,55.2708,04:17,12:25,15:51,19:08,20:29,2025-07-24
UAE,Dubai,25.2048,55.2708,04:18,12:25,15:52,19:08,20:28,2025-07-25
UAE,Dubai,25.2048,55.2708,04:18,12:25,15:52,19:07,20:27,2025-07-26
UAE,Dubai,25.2048,55.2708,04:19,12:25,15:52,19:07,20:27,2025-07-27
UAE,Dubai,25.2048,55.2708,04:20,12:25,15:52,19:06,20:26,2025-07-28
UAE,Dubai,25.2048,55.2708,04:20,12:25,15:52,19:06,20:25,2025-07-29
UAE,Dubai,25.2048,55.2708,04:21,12:25,15:52,19:05,20:24,2025-07-30
UAE,Dubai,25.2048,55.2708,04:22,12:25,15:52,19:05,20:24,2025-07-31
UAE,Dubai,25.2048,55.2708,04:23,12:25,15:52,19:04,20:23,2025-08-01
UAE,Dubai,25.2048,55.2708,04:23,12:25,15:53,19:03,20:22,2025-08-02
UAE,Dubai,25.2048,55.2708,04:24,12:25,15:53,19:03,20:21,2025-08-03
UAE,Dubai,25.2048,55.2708,04:25,12:25,15:53,19:02,20:20,2025-08-04
UAE,Dubai,25.2048,55.2708,04:25,12:25,15:53,19:01,20:19,2025-08-05
UAE,Dubai,25.2048,55.2708,04:26,12:25,15:53,19:01,20:19,2025-08-06
UAE,Dubai,25.2048,55.2708,04:27,12:25,15:53,19:00,20:18,2025-08-07
UAE,Dubai,25.2048,55.2708,04:27,12:25,15:53,18:59,20:17,2025-08-08
UAE,Dubai,25.2048,55.2708,04:28,12:24,15:53,18:59,20:16,2025-08-09
UAE,Dubai,25.2048,55.2708,04:29,12:24,15:53,18:58,20:15,2025-08-10
UAE,Dubai,25.2048,55.2708,04:29,12:24,15:53,18:57,20:14,2025-08-11
UAE,Dubai,25.2048,55.2708,04:30,12:24,15:53,18:56,20:13,2025-08-12
UAE,Dubai,25.2048,55.2708,04:31,12:24,15:52,18:55,20:12,2025-08-13
UAE,Dubai,25.2048,55.2708,04:31,12:24,15:52,18:55,20:11,2025-08-14
UAE,Dubai,25.2048,55.2708,04:32,12:23,15:52,18:54,20:10,2025-08-15
UAE,Dubai,25.2048,55.2708,04:32,12:23,15:52,18:53,20:09,2025-08-16
UAE,Dubai,25.2048,55.2708,04:33,12:23,15:52,18:52,20:08,2025-08-17
UAE,Dubai,25.2048,55.2708,04:34,12:23,15:52,18:51,20:07,2025-08-18
UAE,Dubai,25.2048,55.2708,04:34,12:22,15:52,18:50,20:06,2025-08-19
UAE,Dubai,25.2048,55.2708,04:35,12:22,15:51,18:49,20:05,2025-08-20
UAE,Dubai,25.2048,55.2708,04:36,12:22,15:51,18:48,20:04,2025-08-21
UAE,Dubai,25.2048,55.2708,04:36,12:22,15:51,18:48,20:03,2025-08-22
UAE,Dubai,25.2048,55.2708,04:37,12:21,15:51,18:47,20:01,2025-08-23
UAE,Dubai,25.2048,55.2708,04:37,12:21,15:51,18:46,20:00,2025-08-24
UAE,Dubai,25.2048,55.2708,04:38,12:21,15:50,18:45,19:59,2025-08-25
UAE,Dubai,25.2048,55.2708,04:38,12:21,15:50,18:44,19:58,2025-08-26
UAE,Dubai,25.2048,55.2708,04:39,12:20,15:50,18:43,19:57,2025-08-27
UAE,Dubai,25.2048,55.2708,04:40,12:20,15:49,18:42,19:56,2025-08-28
UAE,Dubai,25.2048,55.2708,04:40,12:20,15:49,18:41,19:55,2025-08-29
UAE,Dubai,25.2048,55.2708,04:41,12:19,15:49,18:40,19:54,2025-08-30
UAE,Dubai,25.2048,55.2708,04:41,12:19,15:48,18:39,19:52,2025-08-31
UAE,Dubai,25.2048,55.2708,04:42,12:19,15:48,18:38,19:51,2025-09-01
UAE,Dubai,25.2048,55.2708,04:42,12:18,15:48,18:37,19:50,2025-09-02
UAE,Dubai,25.2048,55.2708,04:43,12:18,15:47,18:36,19:49,2025-09-03
UAE,Dubai,25.2048,55.2708,04:43,12:18,15:47,18:35,19:48,2025-09-04
UAE,Dubai,25.2048,55.2708,04:44,12:17,15:47,18:34,19:47,2025-09-05
UAE,Dubai,25.2048,55.2708,04:44,12:17,15:46,18:33,19:45,2025-09-06
UAE,Dubai,25.2048,55.2708,04:45,12:17,15:46,18:31,19:44,2025-09-07
UAE,Dubai,25.2048,55.2708,04:45,12:16,15:45,18:30,19:43,2025-09-08
UAE,Dubai,25.2048,55.2708,04:46,12:16,15:45,18:29,19:42,2025-09-09
UAE,Dubai,25.2048,55.2708,04:46,12:16,15:44,18:28,19:41,2025-09-10
UAE,Dubai,25.2048,55.2708,04:47,12:15,15:44,18:27,19:40,2025-09-11
UAE,Dubai,25.2048,55.2708,04:47,12:15,15:43,18:26,19:38,2025-09-12
UAE,Dubai,25.2048,55.2708,04:48,12:15,15:43,18:25,19:37,2025-09-13
UAE,Dubai,25.2048,55.2708,04:48,12:14,15:42,18:24,19:36,2025-09-14
UAE,Dubai,25.2048,55.2708,04:48,12:14,15:42,18:23,19:35,2025-09-15
UAE,Dubai,25.2048,55.2708,04:49,12:14,15:41,18:22,19:34,2025-09-16
UAE,Dubai,25.2048,55.2708,04:49,12:13,15:41,18:21,19:33,2025-09-17
UAE,Dubai,25.2048,55.2708,04:50,12:13,15:40,18:20,19:32,2025-09-18
UAE,Dubai,25.2048,55.2708,04:50,12:13,15:40,18:19,19:30,2025-09-19
UAE,Dubai,25.2048,55.2708,04:51,12:12,15:39,18:17,19:29,2025-09-20
UAE,Dubai,25.2048,55.2708,04:51,12:12,15:38,18:16,19:28,2025-09-21
UAE,Dubai,25.2048,55.2708,04:52,12:11,15:38,18:15,19:27,2025-09-22
UAE,Dubai,25.2048,55.2708,04:52,12:11,15:37,18:14,19:26,2025-09-23
UAE,Dubai,25.2048,55.2708,04:52,12:11,15:37,18:13,19:25,2025-09-24
UAE,Dubai,25.2048,55.2708,04:53,12:10,15:36,18:12,19:24,2025-09-25
UAE,Dubai,25.2048,55.2708,04:53,12:10,15:35,18:11,19:23,2025-09-26
UAE,Dubai,25.2048,55.2708,04:54,12:10,15:35,18:10,19:21,2025-09-27
UAE,Dubai,25.2048,55.2708,04:54,12:09,15:34,18:09,19:20,2025-09-28
UAE,Dubai,25.2048,55.2708,04:54,12:09,15:34,18:08,19:19,2025-09-29
UAE,Dubai,25.2048,55.2708,04:55,12:09,15:33,18:07,19:18,2025-09-30
UAE,Dubai,25.2048,55.2708,04:55,12:08,15:32,18:06,19:17,2025-10-01
UAE,Dubai,25.2048,55.2708,04:56,12:08,15:32,18:05,19:16,2025-10-02
UAE,Dubai,25.2048,55.2708,04:56,12:08,15:31,18:04,19:15,2025-10-03
UAE,Dubai,25.2048,55.2708,04:57,12:08,15:30,18:02,19:14,2025-10-04
UAE,Dubai,25.2048,55.2708,04:57,12:07,15:30,18:01,19:13,2025-10-05
UAE,Dubai,25.2048,55.2708,04:57,12:07,15:29,18:00,19:12,2025-10-06
UAE,Dubai,25.2048,55.2708,04:58,12:07,15:29,17:59,19:11,2025-10-07
UAE,Dubai,25.2048,55.2708,04:58,12:06,15:28,17:58,19:10,2025-10-08
UAE,Dubai,25.2048,55.2708,04:59,12:06,15:27,17:57,19:09,2025-10-09
UAE,Dubai,25.2048,55.2708,04:59,12:06,15:27,17:56,19:08,2025-10-10
UAE,Dubai,25.2048,55.2708,04:59,12:06,15:26,17:55,19:07,2025-10-11
UAE,Dubai,25.2048,55.2708,05:00,12:05,15:25,17:55,19:06,2025-10-12
UAE,Dubai,25.2048,55.2708,05:00,12:05,15:25,17:54,19:05,2025-10-13
UAE,Dubai,25.2048,55.2708,05:01,12:05,15:24,17:53,19:04,2025-10-14
UAE,Dubai,25.2048,55.2708,05:01,12:05,15:24,17:52,19:04,2025-10-15
UAE,Dubai,25.2048,55.2708,05:02,12:04,15:23,17:51,19:03,2025-10-16
UAE,Dubai,25.2048,55.2708,05:02,12:04,15:22,17:50,19:02,2025-10-17
UAE,Dubai,25.2048,55.2708,05:03,12:04,15:22,17:49,19:01,2025-10-18
UAE,Dubai,25.2048,55.2708,05:03,12:04,15:21,17:48,19:00,2025-10-19
UAE,Dubai,25.2048,55.2708,05:03,12:04,15:21,17:47,18:59,2025-10-20
UAE,Dubai,25.2048,55.2708,05:04,12:03,15:20,17:46,18:59,2025-10-21
UAE,Dubai,25.2048,55.2708,05:04,12:03,15:19,17:46,18:58,2025-10-22
UAE,Dubai,25.2048,55.2708,05:05,12:03,15:19,17:45,18:57,2025-10-23
UAE,Dubai,25.2048,55.2708,05:05,12:03,15:18,17:44,18:56,2025-10-24
UAE,Dubai,25.2048,55.2708,05:06,12:03,15:18,17:43,18:56,2025-10-25
UAE,Dubai,25.2048,55.2708,05:06,12:03,15:17,17:42,18:55,2025-10-26
UAE,Dubai,25.2048,55.2708,05:07,12:03,15:17,17:42,18:54,2025-10-27
UAE,Dubai,25.2048,55.2708,05:07,12:03,15:16,17:41,18:54,2025-10-28
UAE,Dubai,25.2048,55.2708,05:08,12:03,15:16,17:40,18:53,2025-10-29
UAE,Dubai,25.2048,55.2708,05:08,12:03,15:15,17:39,18:52,2025-10-30
UAE,Dubai,25.2048,55.2708,05:09,12:03,15:15,17:39,18:52,2025-10-31
UAE,Dubai,25.2048,55.2708,05:09,12:02,15:14,17:38,18:51,2025-11-01
UAE,Dubai,25.2048,55.2708,05:10,12:02,15:14,17:37,18:51,2025-11-02
UAE,Dubai,25.2048,55.2708,05:10,12:02,15:13,17:37,18:50,2025-11-03
UAE,Dubai,25.2048,55.2708,05:11,12:02,15:13,17:36,18:50,2025-11-04
UAE,Dubai,25.2048,55.2708,05:11,12:03,15:13,17:36,18:49,2025-11-05
UAE,Dubai,25.2048,55.2708,05:12,12:03,15:12,17:35,18:49,2025-11-06
UAE,Dubai,25.2048,55.2708,05:12,12:03,15:12,17:34,18:48,2025-11-07
UAE,Dubai,25.2048,55.2708,05:13,12:03,15:11,17:34,18:48,2025-11-08
UAE,Dubai,25.2048,55.2708,05:14,12:03,15:11,17:33,18:47,2025-11-09
UAE,Dubai,25.2048,55.2708,05:14,12:03,15:11,17:33,18:47,2025-11-10
UAE,Dubai,25.2048,55.2708,05:15,12:03,15:10,17:33,18:47,2025-11-11
UAE,Dubai,25.2048,55.2708,05:15,12:03,15:10,17:32,18:46,2025-11-12
UAE,Dubai,25.2048,55.2708,05:16,12:03,15:10,17:32,18:46,2025-11-13
UAE,Dubai,25.2048,55.2708,05:16,12:03,15:10,17:31,18:46,2025-11-14
UAE,Dubai,25.2048,55.2708,05:17,12:04,15:09,17:31,18:46,2025-11-15
UAE,Dubai,25.2048,55.2708,05:18,12:04,15:09,17:31,18:45,2025-11-16
UAE,Dubai,25.2048,55.2708,05:18,12:04,15:09,17:30,18:45,2025-11-17
UAE,Dubai,25.2048,55.2708,05:19,12:04,15:09,17:30,18:45,2025-11-18
UAE,Dubai,25.2048,55.2708,05:19,12:04,15:09,17:30,18:45,2025-11-19
UAE,Dubai,25.2048,55.2708,05:20,12:05,15:09,17:29,18:45,2025-11-20
UAE,Dubai,25.2048,55.2708,05:21,12:05,15:08,17:29,18:45,2025-11-21
UAE,Dubai,25.2048,55.2708,05:21,12:05,15:08,17:29,18:44,2025-11-22
UAE,Dubai,25.2048,55.2708,05:22,12:05,15:08,17:29,18:44,2025-11-23
UAE,Dubai,25.2048,55.2708,05:23,12:06,15:08,17:29,18:44,2025-11-24
UAE,Dubai,25.2048,55.2708,05:23,12:06,15:08,17:29,18:44,2025-11-25
UAE,Dubai,25.2048,55.2708,05:24,12:06,15:08,17:29,18:44,2025-11-26
UAE,Dubai,25.2048,55.2708,05:24,12:07,15:08,17:28,18:44,2025-11-27
UAE,Dubai,25.2048,55.2708,05:25,12:07,15:08,17:28,18:44,2025-11-28
UAE,Dubai,25.2048,55.2708,05:26,12:07,15:08,17:28,18:44,2025-11-29
UAE,Dubai,25.2048,55.2708,05:26,12:08,15:08,17:28,18:45,2025-11-30
UAE,Dubai,25.2048,55.2708,05:27,12:08,15:08,17:28,18:45,2025-12-01
UAE,Dubai,25.2048,55.2708,05:27,12:08,15:09,17:29,18:45,2025-12-02
UAE,Dubai,25.2048,55.2708,05:28,12:09,15:09,17:29,18:45,2025-12-03
UAE,Dubai,25.2048,55.2708,05:29,12:09,15:09,17:29,18:45,2025-12-04
UAE,Dubai,25.2048,55.2708,05:29,12:10,15:09,17:29,18:45,2025-12-05
UAE,Dubai,25.2048,55.2708,05:30,12:10,15:09,17:29,18:46,2025-12-06
UAE,Dubai,25.2048,55.2708,05:31,12:11,15:09,17:29,18:46,2025-12-07
UAE,Dubai,25.2048,55.2708,05:31,12:11,15:10,17:29,18:46,2025-12-08
UAE,Dubai,25.2048,55.2708,05:32,12:11,15:10,17:30,18:46,2025-12-09
UAE,Dubai,25.2048,55.2708,05:32,12:12,15:10,17:30,18:47,2025-12-10
UAE,Dubai,25.2048,55.2708,05:33,12:12,15:11,17:30,18:47,2025-12-11
UAE,Dubai,25.2048,55.2708,05:34,12:13,15:11,17:31,18:47,2025-12-12
UAE,Dubai,25.2048,55.2708,05:34,12:13,15:11,17:31,18:48,2025-12-13
UAE,Dubai,25.2048,55.2708,05:35,12:14,15:12,17:31,18:48,2025-12-14
UAE,Dubai,25.2048,55.2708,05:35,12:14,15:12,17:32,18:49,2025-12-15
UAE,Dubai,25.2048,55.2708,05:36,12:15,15:12,17:32,18:49,2025-12-16
UAE,Dubai,25.2048,55.2708,05:36,12:15,15:13,17:32,18:49,2025-12-17
UAE,Dubai,25.2048,55.2708,05:37,12:16,15:13,17:33,18:50,2025-12-18
UAE,Dubai,25.2048,55.2708,05:37,12:16,15:14,17:33,18:50,2025-12-19
UAE,Dubai,25.2048,55.2708,05:38,12:17,15:14,17:34,18:51,2025-12-20
UAE,Dubai,25.2048,55.2708,05:38,12:17,15:15,17:34,18:51,2025-12-21
UAE,Dubai,25.2048,55.2708,05:39,12:18,15:15,17:35,18:52,2025-12-22
UAE,Dubai,25.2048,55.2708,05:39,12:18,15:16,17:35,18:52,2025-12-23
UAE,Dubai,25.2048,55.2708,05:40,12:19,15:16,17:36,18:53,2025-12-24
UAE,Dubai,25.2048,55.2708,05:40,12:19,15:17,17:36,18:53,2025-12-25
UAE,Dubai,25.2048,55.2708,05:41,12:20,15:17,17:37,18:54,2025-12-26
UAE,Dubai,25.2048,55.2708,05:41,12:20,15:18,17:37,18:54,2025-12-27
UAE,Dubai,25.2048,55.2708,05:42,12:21,15:19,17:38,18:55,2025-12-28
UAE,Dubai,25.2048,55.2708,05:42,12:21,15:19,17:39,18:56,2025-12-29
UAE,Dubai,25.2048,55.2708,05:42,12:22,15:20,17:39,18:56,2025-12-30
UAE,Dubai,25.2048,55.2708,05:43,12:22,15:20,17:40,18:57,2025-12-31
UAE,Sharjah,25.3463,55.4209,05:43,12:22,15:20,17:40,18:57,2025-01-01
UAE,Sharjah,25.3463,55.4209,05:43,12:23,15:21,17:41,18:57,2025-01-02
UAE,Sharjah,25.3463,55.4209,05:43,12:23,15:22,17:41,18:58,2025-01-03
UAE,Sharjah,25.3463,55.4209,05:44,12:23,15:22,17:42,18:59,2025-01-04
UAE,Sharjah,25.3463,55.4209,05:44,12:24,15:23,17:43,18:59,2025-01-05
UAE,Sharjah,25.3463,55.4209,05:44,12:24,15:23,17:43,19:00,2025-01-06
UAE,Sharjah,25.3463,55.4209,05:44,12:25,15:24,17:44,19:01,2025-01-07
UAE,Sharjah,25.3463,55.4209,05:45,12:25,15:25,17:45,19:01,2025-01-08
UAE,Sharjah,25.3463,55.4209,05:45,12:26,15:26,17:46,19:02,2025-01-09
UAE,Sharjah,25.3463,55.4209,05:45,12:26,15:26,17:46,19:03,2025-01-10
UAE,Sharjah,25.3463,55.4209,05:45,12:26,15:27,17:47,19:03,2025-01-11
UAE,Sharjah,25.3463,55.4209,05:45,12:27,15:28,17:48,19:04,2025-01-12
UAE,Sharjah,25.3463,55.4209,05:45,12:27,15:28,17:48,19:04,2025-01-13
UAE,Sharjah,25.3463,55.4209,05:45,12:28,15:29,17:49,19:05,2025-01-14
UAE,Sharjah,25.3463,55.4209,05:45,12:28,15:30,17:50,19:06,2025-01-15
UAE,Sharjah,25.3463,55.4209,05:45,12:28,15:30,17:51,19:06,2025-01-16
UAE,Sharjah,25.3463,55.4209,05:45,12:29,15:31,17:52,19:07,2025-01-17
UAE,Sharjah,25.3463,55.4209,05:45,12:29,15:32,17:52,19:08,2025-01-18
UAE,Sharjah,25.3463,55.4209,05:45,12:29,15:32,17:53,19:08,2025-01-19
UAE,Sharjah,25.3463,55.4209,05:45,12:29,15:33,17:54,19:09,2025-01-20
UAE,Sharjah,25.3463,55.4209,05:45,12:30,15:34,17:55,19:10,2025-01-21
UAE,Sharjah,25.3463,55.4209,05:45,12:30,15:34,17:55,19:10,2025-01-22
UAE,Sharjah,25.3463,55.4209,05:45,12:30,15:35,17:56,19:11,2025-01-23
UAE,Sharjah,25.3463,55.4209,05:45,12:30,15:36,17:57,19:12,2025-01-24
UAE,Sharjah,25.3463,55.4209,05:45,12:31,15:36,17:58,19:12,2025-01-25
UAE,Sharjah,25.3463,55.4209,05:44,12:31,15:37,17:58,19:13,2025-01-26
UAE,Sharjah,25.3463,55.4209,05:44,12:31,15:37,17:59,19:14,2025-01-27
UAE,Sharjah,25.3463,55.4209,05:44,12:31,15:38,18:00,19:14,2025-01-28
UAE,Sharjah,25.3463,55.4209,05:44,12:31,15:39,18:01,19:15,2025-01-29
UAE,Sharjah,25.3463,55.4209,05:43,12:32,15:39,18:01,19:15,2025-01-30
UAE,Sharjah,25.3463,55.4209,05:43,12:32,15:40,18:02,19:16,2025-01-31
UAE,Sharjah,25.3463,55.4209,05:43,12:32,15:40,18:03,19:17,2025-02-01
UAE,Sharjah,25.3463,55.4209,05:42,12:32,15:41,18:03,19:17,2025-02-02
UAE,Sharjah,25.3463,55.4209,05:42,12:32,15:41,18:04,19:18,2025-02-03
UAE,Sharjah,25.3463,55.4209,05:41,12:32,15:42,18:05,19:19,2025-02-04
UAE,Sharjah,25.3463,55.4209,05:41,12:32,15:42,18:06,19:19,2025-02-05
UAE,Sharjah,25.3463,55.4209,05:41,12:32,15:43,18:06,19:20,2025-02-06
UAE,Sharjah,25.3463,55.4209,05:40,12:32,15:43,18:07,19:20,2025-02-07
UAE,Sharjah,25.3463,55.4209,05:40,12:32,15:44,18:08,19:21,2025-02-08
UAE,Sharjah,25.3463,55.4209,05:39,12:33,15:44,18:08,19:21,2025-02-09
UAE,Sharjah,25.3463,55.4209,05:39,12:33,15:45,18:09,19:22,2025-02-10
UAE,Sharjah,25.3463,55.4209,05:38,12:33,15:45,18:10,19:23,2025-02-11
UAE,Sharjah,25.3463,55.4209,05:37,12:33,15:46,18:10,19:23,2025-02-12
UAE,Sharjah,25.3463,55.4209,05:37,12:32,15:46,18:11,19:24,2025-02-13
UAE,Sharjah,25.3463,55.4209,05:36,12:32,15:47,18:12,19:24,2025-02-14
UAE,Sharjah,25.3463,55.4209,05:36,12:32,15:47,18:12,19:25,2025-02-15
UAE,Sharjah,25.3463,55.4209,05:35,12:32,15:47,18:13,19:25,2025-02-16
UAE,Sharjah,25.3463,55.4209,05:34,12:32,15:48,18:13,19:26,2025-02-17
UAE,Sharjah,25.3463,55.4209,05:33,12:32,15:48,18:14,19:26,2025-02-18
UAE,Sharjah,25.3463,55.4209,05:33,12:32,15:48,18:15,19:27,2025-02-19
UAE,Sharjah,25.3463,55.4209,05:32,12:32,15:49,18:15,19:28,2025-02-20
UAE,Sharjah,25.3463,55.4209,05:31,12:32,15:49,18:16,19:28,2025-02-21
UAE,Sharjah,25.3463,55.4209,05:30,12:32,15:49,18:16,19:29,2025-02-22
UAE,Sharjah,25.3463,55.4209,05:30,12:32,15:50,18:17,19:29,2025-02-23
UAE,Sharjah,25.3463,55.4209,05:29,12:31,15:50,18:18,19:30,2025-02-24
UAE,Sharjah,25.3463,55.4209,05:28,12:31,15:50,18:18,19:30,2025-02-25
UAE,Sharjah,25.3463,55.4209,05:27,12:31,15:50,18:19,19:31,2025-02-26
UAE,Sharjah,25.3463,55.4209,05:26,12:31,15:51,18:19,19:31,2025-02-27
UAE,Sharjah,25.3463,55.4209,05:25,12:31,15:51,18:20,19:32,2025-02-28
UAE,Sharjah,25.3463,55.4209,05:25,12:31,15:51,18:20,19:32,2025-03-01
UAE,Sharjah,25.3463,55.4209,05:24,12:30,15:51,18:21,19:33,2025-03-02
UAE,Sharjah,25.3463,55.4209,05:23,12:30,15:51,18:21,19:33,2025-03-03
UAE,Sharjah,25.3463,55.4209,05:22,12:30,15:51,18:22,19:34,2025-03-04
UAE,Sharjah,25.3463,55.4209,05:21,12:30,15:52,18:22,19:34,2025-03-05
UAE,Sharjah,25.3463,55.4209,05:20,12:29,15:52,18:23,19:35,2025-03-06
UAE,Sharjah,25.3463,55.4209,05:19,12:29,15:52,18:23,19:35,2025-03-07
UAE,Sharjah,25.3463,55.4209,05:18,12:29,15:52,18:24,19:36,2025-03-08
UAE,Sharjah,25.3463,55.4209,05:17,12:29,15:52,18:24,19:36,2025-03-09
UAE,Sharjah,25.3463,55.4209,05:16,12:28,15:52,18:25,19:37,2025-03-10
UAE,Sharjah,25.3463,55.4209,05:15,12:28,15:52,18:25,19:37,2025-03-11
UAE,Sharjah,25.3463,55.4209,05:14,12:28,15:52,18:26,19:37,2025-03-12
UAE,Sharjah,25.3463,55.4209,05:13,12:28,15:52,18:26,19:38,2025-03-13
UAE,Sharjah,25.3463,55.4209,05:12,12:27,15:52,18:27,19:38,2025-03-14
UAE,Sharjah,25.3463,55.4209,05:11,12:27,15:52,18:27,19:39,2025-03-15
UAE,Sharjah,25.3463,55.4209,05:10,12:27,15:52,18:28,19:39,2025-03-16
UAE,Sharjah,25.3463,55.4209,05:09,12:27,15:52,18:28,19:40,2025-03-17
UAE,Sharjah,25.3463,55.4209,05:08,12:26,15:52,18:29,19:40,2025-03-18
UAE,Sharjah,25.3463,55.4209,05:07,12:26,15:52,18:29,19:41,2025-03-19
UAE,Sharjah,25.3463,55.4209,05:05,12:26,15:52,18:30,19:41,2025-03-20
UAE,Sharjah,25.3463,55.4209,05:04,12:25,15:52,18:30,19:42,2025-03-21
UAE,Sharjah,25.3463,55.4209,05:03,12:25,15:52,18:30,19:42,2025-03-22
UAE,Sharjah,25.3463,55.4209,05:02,12:25,15:52,18:31,19:43,2025-03-23
UAE,Sharjah,25.3463,55.4209,05:01,12:24,15:52,18:31,19:43,2025-03-24
UAE,Sharjah,25.3463,55.4209,05:00,12:24,15:52,18:32,19:44,2025-03-25
UAE,Sharjah,25.3463,55.4209,04:59,12:24,15:52,18:32,19:44,2025-03-26
UAE,Sharjah,25.3463,55.4209,04:58,12:24,15:51,18:33,19:45,2025-03-27
UAE,Sharjah,25.3463,55.4209,04:57,12:23,15:51,18:33,19:45,2025-03-28
UAE,Sharjah,25.3463,55.4209,04:55,12:23,15:51,18:34,19:46,2025-03-29
UAE,Sharjah,25.3463,55.4209,04:54,12:23,15:51,18:34,19:47,2025-03-30
UAE,Sharjah,25.3463,55.4209,04:53,12:22,15:51,18:34,19:47,2025-03-31
UAE,Sharjah,25.3463,55.4209,04:52,12:22,15:51,18:35,19:48,2025-04-01
UAE,Sharjah,25.3463,55.4209,04:51,12:22,15:51,18:35,19:48,2025-04-02
UAE,Sharjah,25.3463,55.4209,04:50,12:21,15:50,18:36,19:49,2025-04-03
UAE,Sharjah,25.3463,55.4209,04:49,12:21,15:50,18:36,19:49,2025-04-04
UAE,Sharjah,25.3463,55.4209,04:47,12:21,15:50,18:37,19:50,2025-04-05
UAE,Sharjah,25.3463,55.4209,04:46,12:21,15:50,18:37,19:50,2025-04-06
UAE,Sharjah,25.3463,55.4209,04:45,12:20,15:50,18:38,19:51,2025-04-07
UAE,Sharjah,25.3463,55.4209,04:44,12:20,15:49,18:38,19:51,2025-04-08
UAE,Sharjah,25.3463,55.4209,04:43,12:20,15:49,18:38,19:52,2025-04-09
UAE,Sharjah,25.3463,55.4209,04:42,12:20,15:49,18:39,19:53,2025-04-10
UAE,Sharjah,25.3463,55.4209,04:41,12:19,15:49,18:39,19:53,2025-04-11
UAE,Sharjah,25.3463,55.4209,04:40,12:19,15:49,18:40,19:54,2025-04-12
UAE,Sharjah,25.3463,55.4209,04:38,12:19,15:48,18:40,19:54,2025-04-13
UAE,Sharjah,25.3463,55.4209,04:37,12:19,15:48,18:41,19:55,2025-04-14
UAE,Sharjah,25.3463,55.4209,04:36,12:18,15:48,18:41,19:56,2025-04-15
UAE,Sharjah,25.3463,55.4209,04:35,12:18,15:48,18:42,19:56,2025-04-16
UAE,Sharjah,25.3463,55.4209,04:34,12:18,15:47,18:42,19:57,2025-04-17
UAE,Sharjah,25.3463,55.4209,04:33,12:18,15:47,18:43,19:57,2025-04-18
UAE,Sharjah,25.3463,55.4209,04:32,12:17,15:47,18:43,19:58,2025-04-19
UAE,Sharjah,25.3463,55.4209,04:31,12:17,15:47,18:44,19:59,2025-04-20
UAE,Sharjah,25.3463,55.4209,04:30,12:17,15:46,18:44,19:59,2025-04-21
UAE,Sharjah,25.3463,55.4209,04:29,12:17,15:46,18:45,20:00,2025-04-22
UAE,Sharjah,25.3463,55.4209,04:28,12:17,15:46,18:45,20:01,2025-04-23
UAE,Sharjah,25.3463,55.4209,04:27,12:16,15:46,18:46,20:01,2025-04-24
UAE,Sharjah,25.3463,55.4209,04:26,12:16,15:46,18:46,20:02,2025-04-25
UAE,Sharjah,25.3463,55.4209,04:24,12:16,15:45,18:46,20:03,2025-04-26
UAE,Sharjah,25.3463,55.4209,04:23,12:16,15:45,18:47,20:03,2025-04-27
UAE,Sharjah,25.3463,55.4209,04:23,12:16,15:45,18:47,20:04,2025-04-28
UAE,Sharjah,25.3463,55.4209,04:22,12:16,15:45,18:48,20:05,2025-04-29
UAE,Sharjah,25.3463,55.4209,04:21,12:15,15:44,18:48,20:05,2025-04-30
UAE,Sharjah,25.3463,55.4209,04:20,12:15,15:44,18:49,20:06,2025-05-01
UAE,Sharjah,25.3463,55.4209,04:19,12:15,15:44,18:50,20:07,2025-05-02
UAE,Sharjah,25.3463,55.4209,04:18,12:15,15:44,18:50,20:08,2025-05-03
UAE,Sharjah,25.3463,55.4209,04:17,12:15,15:43,18:51,20:08,2025-05-04
UAE,Sharjah,25.3463,55.4209,04:16,12:15,15:43,18:51,20:09,2025-05-05
UAE,Sharjah,25.3463,55.4209,04:15,12:15,15:43,18:52,20:10,2025-05-06
UAE,Sharjah,25.3463,55.4209,04:14,12:15,15:43,18:52,20:10,2025-05-07
UAE,Sharjah,25.3463,55.4209,04:13,12:15,15:43,18:53,20:11,2025-05-08
UAE,Sharjah,25.3463,55.4209,04:13,12:15,15:42,18:53,20:12,2025-05-09
UAE,Sharjah,25.3463,55.4209,04:12,12:15,15:42,18:54,20:13,2025-05-10
UAE,Sharjah,25.3463,55.4209,04:11,12:15,15:42,18:54,20:13,2025-05-11
UAE,Sharjah,25.3463,55.4209,04:10,12:15,15:42,18:55,20:14,2025-05-12
UAE,Sharjah,25.3463,55.4209,04:09,12:15,15:42,18:55,20:15,2025-05-13
UAE,Sharjah,25.3463,55.4209,04:09,12:15,15:42,18:56,20:15,2025-05-14
UAE,Sharjah,25.3463,55.4209,04:08,12:15,15:41,18:56,20:16,2025-05-15
UAE,Sharjah,25.3463,55.4209,04:07,12:15,15:41,18:57,20:17,2025-05-16
UAE,Sharjah,25.3463,55.4209,04:07,12:15,15:41,18:57,20:18,2025-05-17
UAE,Sharjah,25.3463,55.4209,04:06,12:15,15:41,18:58,20:18,2025-05-18
UAE,Sharjah,25.3463,55.4209,04:05,12:15,15:41,18:58,20:19,2025-05-19
UAE,Sharjah,25.3463,55.4209,04:05,12:15,15:41,18:59,20:20,2025-05-20
UAE,Sharjah,25.3463,55.4209,04:04,12:15,15:41,18:59,20:20,2025-05-21
UAE,Sharjah,25.3463,55.4209,04:04,12:15,15:41,19:00,20:21,2025-05-22
UAE,Sharjah,25.3463,55.4209,04:03,12:15,15:41,19:00,20:22,2025-05-23
UAE,Sharjah,25.3463,55.4209,04:03,12:15,15:41,19:01,20:22,2025-05-24
UAE,Sharjah,25.3463,55.4209,04:02,12:15,15:41,19:01,20:23,2025-05-25
UAE,Sharjah,25.3463,55.4209,04:02,12:15,15:40,19:02,20:24,2025-05-26
UAE,Sharjah,25.3463,55.4209,04:01,12:16,15:40,19:02,20:24,2025-05-27
UAE,Sharjah,25.3463,55.4209,04:01,12:16,15:40,19:03,20:25,2025-05-28
UAE,Sharjah,25.3463,55.4209,04:00,12:16,15:40,19:03,20:26,2025-05-29
UAE,Sharjah,25.3463,55.4209,04:00,12:16,15:40,19:04,20:26,2025-05-30
UAE,Sharjah,25.3463,55.4209,04:00,12:16,15:40,19:04,20:27,2025-05-31
UAE,Sharjah,25.3463,55.4209,03:59,12:16,15:40,19:05,20:28,2025-06-01
UAE,Sharjah,25.3463,55.4209,03:59,12:16,15:40,19:05,20:28,2025-06-02
UAE,Sharjah,25.3463,55.4209,03:59,12:17,15:41,19:06,20:29,2025-06-03
UAE,Sharjah,25.3463,55.4209,03:59,12:17,15:41,19:06,20:29,2025-06-04
UAE,Sharjah,25.3463,55.4209,03:59,12:17,15:41,19:07,20:30,2025-06-05
UAE,Sharjah,25.3463,55.4209,03:58,12:17,15:41,19:07,20:30,2025-06-06
UAE,Sharjah,25.3463,55.4209,03:58,12:17,15:41,19:07,20:31,2025-06-07
UAE,Sharjah,25.3463,55.4209,03:58,12:17,15:41,19:08,20:31,2025-06-08
UAE,Sharjah,25.3463,55.4209,03:58,12:18,15:41,19:08,20:32,2025-06-09
UAE,Sharjah,25.3463,55.4209,03:58,12:18,15:41,19:09,20:32,2025-06-10
UAE,Sharjah,25.3463,55.4209,03:58,12:18,15:41,19:09,20:33,2025-06-11
UAE,Sharjah,25.3463,55.4209,03:58,12:18,15:41,19:09,20:33,2025-06-12
UAE,Sharjah,25.3463,55.4209,03:58,12:18,15:42,19:10,20:33,2025-06-13
UAE,Sharjah,25.3463,55.4209,03:58,12:19,15:42,19:10,20:34,2025-06-14
UAE,Sharjah,25.3463,55.4209,03:58,12:19,15:42,19:10,20:34,2025-06-15
UAE,Sharjah,25.3463,55.4209,03:58,12:19,15:42,19:10,20:35,2025-06-16
UAE,Sharjah,25.3463,55.4209,03:58,12:19,15:42,19:11,20:35,2025-06-17
UAE,Sharjah,25.3463,55.4209,03:58,12:20,15:42,19:11,20:35,2025-06-18
UAE,Sharjah,25.3463,55.4209,03:59,12:20,15:43,19:11,20:35,2025-06-19
UAE,Sharjah,25.3463,55.4209,03:59,12:20,15:43,19:12,20:36,2025-06-20
UAE,Sharjah,25.3463,55.4209,03:59,12:20,15:43,19:12,20:36,2025-06-21
UAE,Sharjah,25.3463,55.4209,03:59,12:20,15:43,19:12,20:36,2025-06-22
UAE,Sharjah,25.3463,55.4209,03:59,12:21,15:43,19:12,20:36,2025-06-23
UAE,Sharjah,25.3463,55.4209,04:00,12:21,15:44,19:12,20:36,2025-06-24
UAE,Sharjah,25.3463,55.4209,04:00,12:21,15:44,19:12,20:36,2025-06-25
UAE,Sharjah,25.3463,55.4209,04:00,12:21,15:44,19:13,20:37,2025-06-26
UAE,Sharjah,25.3463,55.4209,04:01,12:22,15:44,19:13,20:37,2025-06-27
UAE,Sharjah,25.3463,55.4209,04:01,12:22,15:45,19:13,20:37,2025-06-28
UAE,Sharjah,25.3463,55.4209,04:02,12:22,15:45,19:13,20:37,2025-06-29
UAE,Sharjah,25.3463,55.4209,04:02,12:22,15:45,19:13,20:37,2025-06-30
UAE,Sharjah,25.3463,55.4209,04:02,12:22,15:46,19:13,20:37,2025-07-01
UAE,Sharjah,25.3463,55.4209,04:03,12:22,15:46,19:13,20:37,2025-07-02
UAE,Sharjah,25.3463,55.4209,04:03,12:23,15:46,19:13,20:36,2025-07-03
UAE,Sharjah,25.3463,55.4209,04:04,12:23,15:46,19:13,20:36,2025-07-04
UAE,Sharjah,25.3463,55.4209,04:04,12:23,15:47,19:13,20:36,2025-07-05
UAE,Sharjah,25.3463,55.4209,04:05,12:23,15:47,19:13,20:36,2025-07-06
UAE,Sharjah,25.3463,55.4209,04:05,12:23,15:47,19:13,20:36,2025-07-07
UAE,Sharjah,25.3463,55.4209,04:06,12:23,15:47,19:13,20:36,2025-07-08
UAE,Sharjah,25.3463,55.4209,04:06,12:24,15:48,19:12,20:35,2025-07-09
UAE,Sharjah,25.3463,55.4209,04:07,12:24,15:48,19:12,20:35,2025-07-10
UAE,Sharjah,25.3463,55.4209,04:08,12:24,15:48,19:12,20:35,2025-07-11
UAE,Sharjah,25.3463,55.4209,04:08,12:24,15:49,19:12,20:34,2025-07-12
UAE,Sharjah,25.3463,55.4209,04:09,12:24,15:49,19:12,20:34,2025-07-13
UAE,Sharjah,25.3463,55.4209,04:09,12:24,15:49,19:11,20:34,2025-07-14
UAE,Sharjah,25.3463,55.4209,04:10,12:24,15:49,19:11,20:33,2025-07-15
UAE,Sharjah,25.3463,55.4209,04:11,12:24,15:50,19:11,20:33,2025-07-16
UAE,Sharjah,25.3463,55.4209,04:11,12:25,15:50,19:11,20:32,2025-07-17
UAE,Sharjah,25.3463,55.4209,04:12,12:25,15:50,19:10,20:32,2025-07-18
UAE,Sharjah,25.3463,55.4209,04:13,12:25,15:50,19:10,20:31,2025-07-19
UAE,Sharjah,25.3463,55.4209,04:13,12:25,15:50,19:10,20:31,2025-07-20
UAE,Sharjah,25.3463,55.4209,04:14,12:25,15:51,19:09,20:30,2025-07-21
UAE,Sharjah,25.3463,55.4209,04:15,12:25,15:51,19:09,20:30,2025-07-22
UAE,Sharjah,25.3463,55.4209,04:15,12:25,15:51,19:08,20:29,2025-07-23
UAE,Sharjah,25.3463,55.4209,04:16,12:25,15:51,19:08,20:28,2025-07-24
UAE,Sharjah,25.3463,55.4209,04:17,12:25,15:51,19:07,20:28,2025-07-25
UAE,Sharjah,25.3463,55.4209,04:17,12:25,15:51,19:07,20:27,2025-07-26
UAE,Sharjah,25.3463,55.4209,04:18,12:25,15:52,19:06,20:26,2025-07-27
UAE,Sharjah,25.3463,55.4209,04:19,12:25,15:52,19:06,20:26,2025-07-28
UAE,Sharjah,25.3463,55.4209,04:19,12:25,15:52,19:05,20:25,2025-07-29
UAE,Sharjah,25.3463,55.4209,04:20,12:25,15:52,19:05,20:24,2025-07-30
UAE,Sharjah,25.3463,55.4209,04:21,12:25,15:52,19:04,20:23,2025-07-31
UAE,Sharjah,25.3463,55.4209,04:22,12:25,15:52,19:04,20:23,2025-08-01
UAE,Sharjah,25.3463,55.4209,04:22,12:25,15:52,19:03,20:22,2025-08-02
UAE,Sharjah,25.3463,55.4209,04:23,12:24,15:52,19:02,20:21,2025-08-03
UAE,Sharjah,25.3463,55.4209,04:24,12:24,15:52,19:02,20:20,2025-08-04
UAE,Sharjah,25.3463,55.4209,04:24,12:24,15:52,19:01,20:19,2025-08-05
UAE,Sharjah,25.3463,55.4209,04:25,12:24,15:52,19:00,20:18,2025-08-06
UAE,Sharjah,25.3463,55.4209,04:26,12:24,15:52,19:00,20:17,2025-08-07
UAE,Sharjah,25.3463,55.4209,04:26,12:24,15:52,18:59,20:17,2025-08-08
UAE,Sharjah,25.3463,55.4209,04:27,12:24,15:52,18:58,20:16,2025-08-09
UAE,Sharjah,25.3463,55.4209,04:28,12:24,15:52,18:57,20:15,2025-08-10
UAE,Sharjah,25.3463,55.4209,04:28,12:23,15:52,18:57,20:14,2025-08-11
UAE,Sharjah,25.3463,55.4209,04:29,12:23,15:52,18:56,20:13,2025-08-12
UAE,Sharjah,25.3463,55.4209,04:30,12:23,15:52,18:55,20:12,2025-08-13
UAE,Sharjah,25.3463,55.4209,04:30,12:23,15:52,18:54,20:11,2025-08-14
UAE,Sharjah,25.3463,55.4209,04:31,12:23,15:52,18:53,20:10,2025-08-15
UAE,Sharjah,25.3463,55.4209,04:32,12:23,15:52,18:52,20:09,2025-08-16
UAE,Sharjah,25.3463,55.4209,04:32,12:22,15:52,18:52,20:08,2025-08-17
UAE,Sharjah,25.3463,55.4209,04:33,12:22,15:51,18:51,20:07,2025-08-18
UAE,Sharjah,25.3463,55.4209,04:33,12:22,15:51,18:50,20:05,2025-08-19
UAE,Sharjah,25.3463,55.4209,04:34,12:22,15:51,18:49,20:04,2025-08-20
UAE,Sharjah,25.3463,55.4209,04:35,12:21,15:51,18:48,20:03,2025-08-21
UAE,Sharjah,25.3463,55.4209,04:35,12:21,15:51,18:47,20:02,2025-08-22
UAE,Sharjah,25.3463,55.4209,04:36,12:21,15:50,18:46,20:01,2025-08-23
UAE,Sharjah,25.3463,55.4209,04:36,12:21,15:50,18:45,20:00,2025-08-24
UAE,Sharjah,25.3463,55.4209,04:37,12:20,15:50,18:44,19:59,2025-08-25
UAE,Sharjah,25.3463,55.4209,04:38,12:20,15:50,18:43,19:58,2025-08-26
UAE,Sharjah,25.3463,55.4209,04:38,12:20,15:49,18:42,19:57,2025-08-27
UAE,Sharjah,25.3463,55.4209,04:39,12:19,15:49,18:41,19:55,2025-08-28
UAE,Sharjah,25.3463,55.4209,04:39,12:19,15:49,18:40,19:54,2025-08-29
UAE,Sharjah,25.3463,55.4209,04:40,12:19,15:48,18:39,19:53,2025-08-30
UAE,Sharjah,25.3463,55.4209,04:40,12:19,15:48,18:38,19:52,2025-08-31
UAE,Sharjah,25.3463,55.4209,04:41,12:18,15:48,18:37,19:51,2025-09-01
UAE,Sharjah,25.3463,55.4209,04:41,12:18,15:47,18:36,19:50,2025-09-02
UAE,Sharjah,25.3463,55.4209,04:42,12:18,15:47,18:35,19:49,2025-09-03
UAE,Sharjah,25.3463,55.4209,04:42,12:17,15:46,18:34,19:47,2025-09-04
UAE,Sharjah,25.3463,55.4209,04:43,12:17,15:46,18:33,19:46,2025-09-05
UAE,Sharjah,25.3463,55.4209,04:43,12:17,15:46,18:32,19:45,2025-09-06
UAE,Sharjah,25.3463,55.4209,04:44,12:16,15:45,18:31,19:44,2025-09-07
UAE,Sharjah,25.3463,55.4209,04:44,12:16,15:45,18:30,19:43,2025-09-08
UAE,Sharjah,25.3463,55.4209,04:45,12:15,15:44,18:29,19:42,2025-09-09
UAE,Sharjah,25.3463,55.4209,04:45,12:15,15:44,18:28,19:40,2025-09-10
UAE,Sharjah,25.3463,55.4209,04:46,12:15,15:43,18:27,19:39,2025-09-11
UAE,Sharjah,25.3463,55.4209,04:46,12:14,15:43,18:26,19:38,2025-09-12
UAE,Sharjah,25.3463,55.4209,04:47,12:14,15:42,18:24,19:37,2025-09-13
UAE,Sharjah,25.3463,55.4209,04:47,12:14,15:42,18:23,19:36,2025-09-14
UAE,Sharjah,25.3463,55.4209,04:48,12:13,15:41,18:22,19:35,2025-09-15
UAE,Sharjah,25.3463,55.4209,04:48,12:13,15:41,18:21,19:33,2025-09-16
UAE,Sharjah,25.3463,55.4209,04:49,12:13,15:40,18:20,19:32,2025-09-17
UAE,Sharjah,25.3463,55.4209,04:49,12:12,15:40,18:19,19:31,2025-09-18
UAE,Sharjah,25.3463,55.4209,04:50,12:12,15:39,18:18,19:30,2025-09-19
UAE,Sharjah,25.3463,55.4209,04:50,12:12,15:38,18:17,19:29,2025-09-20
UAE,Sharjah,25.3463,55.4209,04:50,12:11,15:38,18:16,19:28,2025-09-21
UAE,Sharjah,25.3463,55.4209,04:51,12:11,15:37,18:15,19:26,2025-09-22
UAE,Sharjah,25.3463,55.4209,04:51,12:11,15:37,18:14,19:25,2025-09-23
UAE,Sharjah,25.3463,55.4209,04:52,12:10,15:36,18:12,19:24,2025-09-24
UAE,Sharjah,25.3463,55.4209,04:52,12:10,15:35,18:11,19:23,2025-09-25
UAE,Sharjah,25.3463,55.4209,04:53,12:09,15:35,18:10,19:22,2025-09-26
UAE,Sharjah,25.3463,55.4209,04:53,12:09,15:34,18:09,19:21,2025-09-27
UAE,Sharjah,25.3463,55.4209,04:53,12:09,15:34,18:08,19:20,2025-09-28
UAE,Sharjah,25.3463,55.4209,04:54,12:08,15:33,18:07,19:19,2025-09-29
UAE,Sharjah,25.3463,55.4209,04:54,12:08,15:32,18:06,19:18,2025-09-30
UAE,Sharjah,25.3463,55.4209,04:55,12:08,15:32,18:05,19:17,2025-10-01
UAE,Sharjah,25.3463,55.4209,04:55,12:08,15:31,18:04,19:16,2025-10-02
UAE,Sharjah,25.3463,55.4209,04:55,12:07,15:30,18:03,19:14,2025-10-03
UAE,Sharjah,25.3463,55.4209,04:56,12:07,15:30,18:02,19:13,2025-10-04
UAE,Sharjah,25.3463,55.4209,04:56,12:07,15:29,18:01,19:12,2025-10-05
UAE,Sharjah,25.3463,55.4209,04:57,12:06,15:29,18:00,19:11,2025-10-06
UAE,Sharjah,25.3463,55.4209,04:57,12:06,15:28,17:59,19:10,2025-10-07
UAE,Sharjah,25.3463,55.4209,04:58,12:06,15:27,17:58,19:09,2025-10-08
UAE,Sharjah,25.3463,55.4209,04:58,12:05,15:27,17:57,19:08,2025-10-09
UAE,Sharjah,25.3463,55.4209,04:58,12:05,15:26,17:56,19:08,2025-10-10
UAE,Sharjah,25.3463,55.4209,04:59,12:05,15:25,17:55,19:07,2025-10-11
UAE,Sharjah,25.3463,55.4209,04:59,12:05,15:25,17:54,19:06,2025-10-12
UAE,Sharjah,25.3463,55.4209,05:00,12:04,15:24,17:53,19:05,2025-10-13
UAE,Sharjah,25.3463,55.4209,05:00,12:04,15:24,17:52,19:04,2025-10-14
UAE,Sharjah,25.3463,55.4209,05:01,12:04,15:23,17:51,19:03,2025-10-15
UAE,Sharjah,25.3463,55.4209,05:01,12:04,15:22,17:50,19:02,2025-10-16
UAE,Sharjah,25.3463,55.4209,05:02,12:04,15:22,17:49,19:01,2025-10-17
UAE,Sharjah,25.3463,55.4209,05:02,12:03,15:21,17:48,19:00,2025-10-18
UAE,Sharjah,25.3463,55.4209,05:02,12:03,15:21,17:47,19:00,2025-10-19
UAE,Sharjah,25.3463,55.4209,05:03,12:03,15:20,17:46,18:59,2025-10-20
UAE,Sharjah,25.3463,55.4209,05:03,12:03,15:19,17:46,18:58,2025-10-21
UAE,Sharjah,25.3463,55.4209,05:04,12:03,15:19,17:45,18:57,2025-10-22
UAE,Sharjah,25.3463,55.4209,05:04,12:03,15:18,17:44,18:56,2025-10-23
UAE,Sharjah,25.3463,55.4209,05:05,12:02,15:18,17:43,18:56,2025-10-24
UAE,Sharjah,25.3463,55.4209,05:05,12:02,15:17,17:42,18:55,2025-10-25
UAE,Sharjah,25.3463,55.4209,05:06,12:02,15:17,17:42,18:54,2025-10-26
UAE,Sharjah,25.3463,55.4209,05:06,12:02,15:16,17:41,18:54,2025-10-27
UAE,Sharjah,25.3463,55.4209,05:07,12:02,15:16,17:40,18:53,2025-10-28
UAE,Sharjah,25.3463,55.4209,05:07,12:02,15:15,17:39,18:52,2025-10-29
UAE,Sharjah,25.3463,55.4209,05:08,12:02,15:15,17:39,18:52,2025-10-30
UAE,Sharjah,25.3463,55.4209,05:08,12:02,15:14,17:38,18:51,2025-10-31
UAE,Sharjah,25.3463,55.4209,05:09,12:02,15:14,17:37,18:51,2025-11-01
UAE,Sharjah,25.3463,55.4209,05:09,12:02,15:13,17:37,18:50,2025-11-02
UAE,Sharjah,25.3463,55.4209,05:10,12:02,15:13,17:36,18:49,2025-11-03
UAE,Sharjah,25.3463,55.4209,05:10,12:02,15:12,17:35,18:49,2025-11-04
UAE,Sharjah,25.3463,55.4209,05:11,12:02,15:12,17:35,18:48,2025-11-05
UAE,Sharjah,25.3463,55.4209,05:11,12:02,15:11,17:34,18:48,2025-11-06
UAE,Sharjah,25.3463,55.4209,05:12,12:02,15:11,17:34,18:48,2025-11-07
UAE,Sharjah,25.3463,55.4209,05:13,12:02,15:11,17:33,18:47,2025-11-08
UAE,Sharjah,25.3463,55.4209,05:13,12:02,15:10,17:33,18:47,2025-11-09
UAE,Sharjah,25.3463,55.4209,05:14,12:02,15:10,17:32,18:46,2025-11-10
UAE,Sharjah,25.3463,55.4209,05:14,12:02,15:10,17:32,18:46,2025-11-11
UAE,Sharjah,25.3463,55.4209,05:15,12:03,15:09,17:31,18:46,2025-11-12
UAE,Sharjah,25.3463,55.4209,05:15,12:03,15:09,17:31,18:45,2025-11-13
UAE,Sharjah,25.3463,55.4209,05:16,12:03,15:09,17:30,18:45,2025-11-14
UAE,Sharjah,25.3463,55.4209,05:17,12:03,15:09,17:30,18:45,2025-11-15
UAE,Sharjah,25.3463,55.4209,05:17,12:03,15:08,17:30,18:45,2025-11-16
UAE,Sharjah,25.3463,55.4209,05:18,12:03,15:08,17:29,18:44,2025-11-17
UAE,Sharjah,25.3463,55.4209,05:18,12:04,15:08,17:29,18:44,2025-11-18
UAE,Sharjah,25.3463,55.4209,05:19,12:04,15:08,17:29,18:44,2025-11-19
UAE,Sharjah,25.3463,55.4209,05:20,12:04,15:08,17:29,18:44,2025-11-20
UAE,Sharjah,25.3463,55.4209,05:20,12:04,15:08,17:28,18:44,2025-11-21
UAE,Sharjah,25.3463,55.4209,05:21,12:05,15:07,17:28,18:44,2025-11-22
UAE,Sharjah,25.3463,55.4209,05:21,12:05,15:07,17:28,18:44,2025-11-23
UAE,Sharjah,25.3463,55.4209,05:22,12:05,15:07,17:28,18:44,2025-11-24
UAE,Sharjah,25.3463,55.4209,05:23,12:05,15:07,17:28,18:44,2025-11-25
UAE,Sharjah,25.3463,55.4209,05:23,12:06,15:07,17:28,18:44,2025-11-26
UAE,Sharjah,25.3463,55.4209,05:24,12:06,15:07,17:28,18:44,2025-11-27
UAE,Sharjah,25.3463,55.4209,05:25,12:06,15:07,17:28,18:44,2025-11-28
UAE,Sharjah,25.3463,55.4209,05:25,12:07,15:07,17:28,18:44,2025-11-29
UAE,Sharjah,25.3463,55.4209,05:26,12:07,15:07,17:28,18:44,2025-11-30
UAE,Sharjah,25.3463,55.4209,05:26,12:07,15:08,17:28,18:44,2025-12-01
UAE,Sharjah,25.3463,55.4209,05:27,12:08,15:08,17:28,18:44,2025-12-02
UAE,Sharjah,25.3463,55.4209,05:28,12:08,15:08,17:28,18:44,2025-12-03
UAE,Sharjah,25.3463,55.4209,05:28,12:09,15:08,17:28,18:44,2025-12-04
UAE,Sharjah,25.3463,55.4209,05:29,12:09,15:08,17:28,18:45,2025-12-05
UAE,Sharjah,25.3463,55.4209,05:30,12:10,15:08,17:28,18:45,2025-12-06
UAE,Sharjah,25.3463,55.4209,05:30,12:10,15:09,17:28,18:45,2025-12-07
UAE,Sharjah,25.3463,55.4209,05:31,12:10,15:09,17:29,18:45,2025-12-08
UAE,Sharjah,25.3463,55.4209,05:31,12:11,15:09,17:29,18:46,2025-12-09
UAE,Sharjah,25.3463,55.4209,05:32,12:11,15:09,17:29,18:46,2025-12-10
UAE,Sharjah,25.3463,55.4209,05:33,12:12,15:10,17:29,18:46,2025-12-11
UAE,Sharjah,25.3463,55.4209,05:33,12:12,15:10,17:30,18:47,2025-12-12
UAE,Sharjah,25.3463,55.4209,05:34,12:13,15:10,17:30,18:47,2025-12-13
UAE,Sharjah,25.3463,55.4209,05:34,12:13,15:11,17:30,18:47,2025-12-14
UAE,Sharjah,25.3463,55.4209,05:35,12:14,15:11,17:31,18:48,2025-12-15
UAE,Sharjah,25.3463,55.4209,05:35,12:14,15:12,17:31,18:48,2025-12-16
UAE,Sharjah,25.3463,55.4209,05:36,12:15,15:12,17:31,18:49,2025-12-17
UAE,Sharjah,25.3463,55.4209,05:37,12:15,15:12,17:32,18:49,2025-12-18
UAE,Sharjah,25.3463,55.4209,05:37,12:16,15:13,17:32,18:49,2025-12-19
UAE,Sharjah,25.3463,55.4209,05:38,12:16,15:13,17:33,18:50,2025-12-20
UAE,Sharjah,25.3463,55.4209,05:38,12:17,15:14,17:33,18:50,2025-12-21
UAE,Sharjah,25.3463,55.4209,05:39,12:17,15:14,17:34,18:51,2025-12-22
UAE,Sharjah,25.3463,55.4209,05:39,12:18,15:15,17:34,18:51,2025-12-23
UAE,Sharjah,25.3463,55.4209,05:39,12:18,15:15,17:35,18:52,2025-12-24
UAE,Sharjah,25.3463,55.4209,05:40,12:19,15:16,17:35,18:53,2025-12-25
UAE,Sharjah,25.3463,55.4209,05:40,12:19,15:16,17:36,18:53,2025-12-26
UAE,Sharjah,25.3463,55.4209,05:41,12:20,15:17,17:37,18:54,2025-12-27
UAE,Sharjah,25.3463,55.4209,05:41,12:20,15:18,17:37,18:54,2025-12-28
UAE,Sharjah,25.3463,55.4209,05:42,12:21,15:18,17:38,18:55,2025-12-29
UAE,Sharjah,25.3463,55.4209,05:42,12:21,15:19,17:38,18:55,2025-12-30
UAE,Sharjah,25.3463,55.4209,05:42,12:21,15:19,17:39,18:56,2025-12-31
UAE,Ajman,25.4052,55.5136,05:42,12:22,15:20,17:39,18:56,2025-01-01
UAE,Ajman,25.4052,55.5136,05:43,12:22,15:20,17:40,18:57,2025-01-02
UAE,Ajman,25.4052,55.5136,05:43,12:23,15:21,17:41,18:58,2025-01-03
UAE,Ajman,25.4052,55.5136,05:43,12:23,15:22,17:41,18:58,2025-01-04
UAE,Ajman,25.4052,55.5136,05:44,12:24,15:22,17:42,18:59,2025-01-05
UAE,Ajman,25.4052,55.5136,05:44,12:24,15:23,17:43,18:59,2025-01-06
UAE,Ajman,25.4052,55.5136,05:44,12:24,15:24,17:44,19:00,2025-01-07
UAE,Ajman,25.4052,55.5136,05:44,12:25,15:24,17:44,19:01,2025-01-08
UAE,Ajman,25.4052,55.5136,05:44,12:25,15:25,17:45,19:01,2025-01-09
UAE,Ajman,25.4052,55.5136,05:45,12:26,15:26,17:46,19:02,2025-01-10
UAE,Ajman,25.4052,55.5136,05:45,12:26,15:26,17:46,19:03,2025-01-11
UAE,Ajman,25.4052,55.5136,05:45,12:26,15:27,17:47,19:03,2025-01-12
UAE,Ajman,25.4052,55.5136,05:45,12:27,15:28,17:48,19:04,2025-01-13
UAE,Ajman,25.4052,55.5136,05:45,12:27,15:28,17:49,19:05,2025-01-14
UAE,Ajman,25.4052,55.5136,05:45,12:27,15:29,17:50,19:05,2025-01-15
UAE,Ajman,25.4052,55.5136,05:45,12:28,15:30,17:50,19:06,2025-01-16
UAE,Ajman,25.4052,55.5136,05:45,12:28,15:30,17:51,19:07,2025-01-17
UAE,Ajman,25.4052,55.5136,05:45,12:28,15:31,17:52,19:07,2025-01-18
UAE,Ajman,25.4052,55.5136,05:45,12:29,15:32,17:53,19:08,2025-01-19
UAE,Ajman,25.4052,55.5136,05:45,12:29,15:32,17:53,19:09,2025-01-20
UAE,Ajman,25.4052,55.5136,05:45,12:29,15:33,17:54,19:09,2025-01-21
UAE,Ajman,25.4052,55.5136,05:45,12:30,15:34,17:55,19:10,2025-01-22
UAE,Ajman,25.4052,55.5136,05:45,12:30,15:34,17:56,19:11,2025-01-23
UAE,Ajman,25.4052,55.5136,05:44,12:30,15:35,17:56,19:11,2025-01-24
UAE,Ajman,25.4052,55.5136,05:44,12:30,15:36,17:57,19:12,2025-01-25
UAE,Ajman,25.4052,55.5136,05:44,12:31,15:36,17:58,19:13,2025-01-26
UAE,Ajman,25.4052,55.5136,05:44,12:31,15:37,17:59,19:13,2025-01-27
UAE,Ajman,25.4052,55.5136,05:44,12:31,15:38,17:59,19:14,2025-01-28
UAE,Ajman,25.4052,55.5136,05:43,12:31,15:38,18:00,19:14,2025-01-29
UAE,Ajman,25.4052,55.5136,05:43,12:31,15:39,18:01,19:15,2025-01-30
UAE,Ajman,25.4052,55.5136,05:43,12:31,15:39,18:02,19:16,2025-01-31
UAE,Ajman,25.4052,55.5136,05:42,12:32,15:40,18:02,19:16,2025-02-01
UAE,Ajman,25.4052,55.5136,05:42,12:32,15:40,18:03,19:17,2025-02-02
UAE,Ajman,25.4052,55.5136,05:42,12:32,15:41,18:04,19:18,2025-02-03
UAE,Ajman,25.4052,55.5136,05:41,12:32,15:42,18:04,19:18,2025-02-04
UAE,Ajman,25.4052,55.5136,05:41,12:32,15:42,18:05,19:19,2025-02-05
UAE,Ajman,25.4052,55.5136,05:40,12:32,15:43,18:06,19:19,2025-02-06
UAE,Ajman,25.4052,55.5136,05:40,12:32,15:43,18:06,19:20,2025-02-07
UAE,Ajman,25.4052,55.5136,05:39,12:32,15:44,18:07,19:20,2025-02-08
UAE,Ajman,25.4052,55.5136,05:39,12:32,15:44,18:08,19:21,2025-02-09
UAE,Ajman,25.4052,55.5136,05:38,12:32,15:44,18:09,19:22,2025-02-10
UAE,Ajman,25.4052,55.5136,05:38,12:32,15:45,18:09,19:22,2025-02-11
UAE,Ajman,25.4052,55.5136,05:37,12:32,15:45,18:10,19:23,2025-02-12
UAE,Ajman,25.4052,55.5136,05:36,12:32,15:46,18:10,19:23,2025-02-13
UAE,Ajman,25.4052,55.5136,05:36,12:32,15:46,18:11,19:24,2025-02-14
UAE,Ajman,25.4052,55.5136,05:35,12:32,15:47,18:12,19:24,2025-02-15
UAE,Ajman,25.4052,55.5136,05:34,12:32,15:47,18:12,19:25,2025-02-16
UAE,Ajman,25.4052,55.5136,05:34,12:32,15:47,18:13,19:26,2025-02-17
UAE,Ajman,25.4052,55.5136,05:33,12:32,15:48,18:14,19:26,2025-02-18
UAE,Ajman,25.4052,55.5136,05:32,12:32,15:48,18:14,19:27,2025-02-19
UAE,Ajman,25.4052,55.5136,05:32,12:32,15:48,18:15,19:27,2025-02-20
UAE,Ajman,25.4052,55.5136,05:31,12:31,15:49,18:15,19:28,2025-02-21
UAE,Ajman,25.4052,55.5136,05:30,12:31,15:49,18:16,19:28,2025-02-22
UAE,Ajman,25.4052,55.5136,05:29,12:31,15:49,18:17,19:29,2025-02-23
UAE,Ajman,25.4052,55.5136,05:29,12:31,15:49,18:17,19:29,2025-02-24
UAE,Ajman,25.4052,55.5136,05:28,12:31,15:50,18:18,19:30,2025-02-25
UAE,Ajman,25.4052,55.5136,05:27,12:31,15:50,18:18,19:30,2025-02-26
UAE,Ajman,25.4052,55.5136,05:26,12:31,15:50,18:19,19:31,2025-02-27
UAE,Ajman,25.4052,55.5136,05:25,12:30,15:50,18:19,19:31,2025-02-28
UAE,Ajman,25.4052,55.5136,05:24,12:30,15:51,18:20,19:32,2025-03-01
UAE,Ajman,25.4052,55.5136,05:23,12:30,15:51,18:20,19:32,2025-03-02
UAE,Ajman,25.4052,55.5136,05:22,12:30,15:51,18:21,19:33,2025-03-03
UAE,Ajman,25.4052,55.5136,05:21,12:30,15:51,18:21,19:33,2025-03-04
UAE,Ajman,25.4052,55.5136,05:21,12:29,15:51,18:22,19:34,2025-03-05
UAE,Ajman,25.4052,55.5136,05:20,12:29,15:51,18:23,19:34,2025-03-06
UAE,Ajman,25.4052,55.5136,05:19,12:29,15:51,18:23,19:35,2025-03-07
UAE,Ajman,25.4052,55.5136,05:18,12:29,15:52,18:24,19:35,2025-03-08
UAE,Ajman,25.4052,55.5136,05:17,12:28,15:52,18:24,19:36,2025-03-09
UAE,Ajman,25.4052,55.5136,05:16,12:28,15:52,18:25,19:36,2025-03-10
UAE,Ajman,25.4052,55.5136,05:15,12:28,15:52,18:25,19:37,2025-03-11
UAE,Ajman,25.4052,55.5136,05:14,12:28,15:52,18:25,19:37,2025-03-12
UAE,Ajman,25.4052,55.5136,05:13,12:27,15:52,18:26,19:38,2025-03-13
UAE,Ajman,25.4052,55.5136,05:11,12:27,15:52,18:26,19:38,2025-03-14
UAE,Ajman,25.4052,55.5136,05:10,12:27,15:52,18:27,19:39,2025-03-15
UAE,Ajman,25.4052,55.5136,05:09,12:26,15:52,18:27,19:39,2025-03-16
UAE,Ajman,25.4052,55.5136,05:08,12:26,15:52,18:28,19:40,2025-03-17
UAE,Ajman,25.4052,55.5136,05:07,12:26,15:52,18:28,19:40,2025-03-18
UAE,Ajman,25.4052,55.5136,05:06,12:26,15:52,18:29,19:41,2025-03-19
UAE,Ajman,25.4052,55.5136,05:05,12:25,15:52,18:29,19:41,2025-03-20
UAE,Ajman,25.4052,55.5136,05:04,12:25,15:52,18:30,19:42,2025-03-21
UAE,Ajman,25.4052,55.5136,05:03,12:25,15:52,18:30,19:42,2025-03-22
UAE,Ajman,25.4052,55.5136,05:02,12:24,15:52,18:31,19:43,2025-03-23
UAE,Ajman,25.4052,55.5136,05:01,12:24,15:51,18:31,19:43,2025-03-24
UAE,Ajman,25.4052,55.5136,04:59,12:24,15:51,18:31,19:44,2025-03-25
UAE,Ajman,25.4052,55.5136,04:58,12:23,15:51,18:32,19:44,2025-03-26
UAE,Ajman,25.4052,55.5136,04:57,12:23,15:51,18:32,19:45,2025-03-27
UAE,Ajman,25.4052,55.5136,04:56,12:23,15:51,18:33,19:45,2025-03-28
UAE,Ajman,25.4052,55.5136,04:55,12:23,15:51,18:33,19:46,2025-03-29
UAE,Ajman,25.4052,55.5136,04:54,12:22,15:51,18:34,19:46,2025-03-30
UAE,Ajman,25.4052,55.5136,04:53,12:22,15:51,18:34,19:47,2025-03-31
UAE,Ajman,25.4052,55.5136,04:52,12:22,15:50,18:35,19:47,2025-04-01
UAE,Ajman,25.4052,55.5136,04:50,12:21,15:50,18:35,19:48,2025-04-02
UAE,Ajman,25.4052,55.5136,04:49,12:21,15:50,18:35,19:48,2025-04-03
UAE,Ajman,25.4052,55.5136,04:48,12:21,15:50,18:36,19:49,2025-04-04
UAE,Ajman,25.4052,55.5136,04:47,12:21,15:50,18:36,19:49,2025-04-05
UAE,Ajman,25.4052,55.5136,04:46,12:20,15:50,18:37,19:50,2025-04-06
UAE,Ajman,25.4052,55.5136,04:45,12:20,15:49,18:37,19:51,2025-04-07
UAE,Ajman,25.4052,55.5136,04:44,12:20,15:49,18:38,19:51,2025-04-08
UAE,Ajman,25.4052,55.5136,04:42,12:19,15:49,18:38,19:52,2025-04-09
UAE,Ajman,25.4052,55.5136,04:41,12:19,15:49,18:39,19:52,2025-04-10
UAE,Ajman,25.4052,55.5136,04:40,12:19,15:48,18:39,19:53,2025-04-11
UAE,Ajman,25.4052,55.5136,04:39,12:19,15:48,18:40,19:54,2025-04-12
UAE,Ajman,25.4052,55.5136,04:38,12:18,15:48,18:40,19:54,2025-04-13
UAE,Ajman,25.4052,55.5136,04:37,12:18,15:48,18:40,19:55,2025-04-14
UAE,Ajman,25.4052,55.5136,04:36,12:18,15:48,18:41,19:55,2025-04-15
UAE,Ajman,25.4052,55.5136,04:35,12:18,15:47,18:41,19:56,2025-04-16
UAE,Ajman,25.4052,55.5136,04:34,12:17,15:47,18:42,19:57,2025-04-17
UAE,Ajman,25.4052,55.5136,04:32,12:17,15:47,18:42,19:57,2025-04-18
UAE,Ajman,25.4052,55.5136,04:31,12:17,15:47,18:43,19:58,2025-04-19
UAE,Ajman,25.4052,55.5136,04:30,12:17,15:46,18:43,19:59,2025-04-20
UAE,Ajman,25.4052,55.5136,04:29,12:17,15:46,18:44,19:59,2025-04-21
UAE,Ajman,25.4052,55.5136,04:28,12:16,15:46,18:44,20:00,2025-04-22
UAE,Ajman,25.4052,55.5136,04:27,12:16,15:46,18:45,20:00,2025-04-23
UAE,Ajman,25.4052,55.5136,04:26,12:16,15:45,18:45,20:01,2025-04-24
UAE,Ajman,25.4052,55.5136,04:25,12:16,15:45,18:46,20:02,2025-04-25
UAE,Ajman,25.4052,55.5136,04:24,12:16,15:45,18:46,20:02,2025-04-26
UAE,Ajman,25.4052,55.5136,04:23,12:16,15:45,18:47,20:03,2025-04-27
UAE,Ajman,25.4052,55.5136,04:22,12:15,15:45,18:47,20:04,2025-04-28
UAE,Ajman,25.4052,55.5136,04:21,12:15,15:44,18:48,20:05,2025-04-29
UAE,Ajman,25.4052,55.5136,04:20,12:15,15:44,18:48,20:05,2025-04-30
UAE,Ajman,25.4052,55.5136,04:19,12:15,15:44,18:49,20:06,2025-05-01
UAE,Ajman,25.4052,55.5136,04:18,12:15,15:44,18:49,20:07,2025-05-02
UAE,Ajman,25.4052,55.5136,04:17,12:15,15:43,18:50,20:07,2025-05-03
UAE,Ajman,25.4052,55.5136,04:16,12:15,15:43,18:50,20:08,2025-05-04
UAE,Ajman,25.4052,55.5136,04:15,12:15,15:43,18:51,20:09,2025-05-05
UAE,Ajman,25.4052,55.5136,04:15,12:15,15:43,18:51,20:09,2025-05-06
UAE,Ajman,25.4052,55.5136,04:14,12:14,15:43,18:52,20:10,2025-05-07
UAE,Ajman,25.4052,55.5136,04:13,12:14,15:42,18:52,20:11,2025-05-08
UAE,Ajman,25.4052,55.5136,04:12,12:14,15:42,18:53,20:12,2025-05-09
UAE,Ajman,25.4052,55.5136,04:11,12:14,15:42,18:53,20:12,2025-05-10
UAE,Ajman,25.4052,55.5136,04:10,12:14,15:42,18:54,20:13,2025-05-11
UAE,Ajman,25.4052,55.5136,04:10,12:14,15:42,18:54,20:14,2025-05-12
UAE,Ajman,25.4052,55.5136,04:09,12:14,15:42,18:55,20:15,2025-05-13
UAE,Ajman,25.4052,55.5136,04:08,12:14,15:41,18:55,20:15,2025-05-14
UAE,Ajman,25.4052,55.5136,04:07,12:14,15:41,18:56,20:16,2025-05-15
UAE,Ajman,25.4052,55.5136,04:07,12:14,15:41,18:57,20:17,2025-05-16
UAE,Ajman,25.4052,55.5136,04:06,12:14,15:41,18:57,20:17,2025-05-17
UAE,Ajman,25.4052,55.5136,04:05,12:14,15:41,18:58,20:18,2025-05-18
UAE,Ajman,25.4052,55.5136,04:05,12:14,15:41,18:58,20:19,2025-05-19
UAE,Ajman,25.4052,55.5136,04:04,12:15,15:41,18:59,20:20,2025-05-20
UAE,Ajman,25.4052,55.5136,04:04,12:15,15:41,18:59,20:20,2025-05-21
UAE,Ajman,25.4052,55.5136,04:03,12:15,15:40,19:00,20:21,2025-05-22
UAE,Ajman,25.4052,55.5136,04:03,12:15,15:40,19:00,20:22,2025-05-23
UAE,Ajman,25.4052,55.5136,04:02,12:15,15:40,19:01,20:22,2025-05-24
UAE,Ajman,25.4052,55.5136,04:02,12:15,15:40,19:01,20:23,2025-05-25
UAE,Ajman,25.4052,55.5136,04:01,12:15,15:40,19:02,20:24,2025-05-26
UAE,Ajman,25.4052,55.5136,04:01,12:15,15:40,19:02,20:24,2025-05-27
UAE,Ajman,25.4052,55.5136,04:00,12:15,15:40,19:03,20:25,2025-05-28
UAE,Ajman,25.4052,55.5136,04:00,12:15,15:40,19:03,20:26,2025-05-29
UAE,Ajman,25.4052,55.5136,04:00,12:16,15:40,19:04,20:26,2025-05-30
UAE,Ajman,25.4052,55.5136,03:59,12:16,15:40,19:04,20:27,2025-05-31
UAE,Ajman,25.4052,55.5136,03:59,12:16,15:40,19:05,20:27,2025-06-01
UAE,Ajman,25.4052,55.5136,03:59,12:16,15:40,19:05,20:28,2025-06-02
UAE,Ajman,25.4052,55.5136,03:58,12:16,15:40,19:05,20:29,2025-06-03
UAE,Ajman,25.4052,55.5136,03:58,12:16,15:40,19:06,20:29,2025-06-04
UAE,Ajman,25.4052,55.5136,03:58,12:17,15:40,19:06,20:30,2025-06-05
UAE,Ajman,25.4052,55.5136,03:58,12:17,15:40,19:07,20:30,2025-06-06
UAE,Ajman,25.4052,55.5136,03:58,12:17,15:41,19:07,20:31,2025-06-07
UAE,Ajman,25.4052,55.5136,03:58,12:17,15:41,19:08,20:31,2025-06-08
UAE,Ajman,25.4052,55.5136,03:57,12:17,15:41,19:08,20:32,2025-06-09
UAE,Ajman,25.4052,55.5136,03:57,12:18,15:41,19:08,20:32,2025-06-10
UAE,Ajman,25.4052,55.5136,03:57,12:18,15:41,19:09,20:33,2025-06-11
UAE,Ajman,25.4052,55.5136,03:57,12:18,15:41,19:09,20:33,2025-06-12
UAE,Ajman,25.4052,55.5136,03:57,12:18,15:41,19:09,20:33,2025-06-13
UAE,Ajman,25.4052,55.5136,03:57,12:18,15:41,19:10,20:34,2025-06-14
UAE,Ajman,25.4052,55.5136,03:57,12:19,15:42,19:10,20:34,2025-06-15
UAE,Ajman,25.4052,55.5136,03:58,12:19,15:42,19:10,20:34,2025-06-16
UAE,Ajman,25.4052,55.5136,03:58,12:19,15:42,19:11,20:35,2025-06-17
UAE,Ajman,25.4052,55.5136,03:58,12:19,15:42,19:11,20:35,2025-06-18
UAE,Ajman,25.4052,55.5136,03:58,12:19,15:42,19:11,20:35,2025-06-19
UAE,Ajman,25.4052,55.5136,03:58,12:20,15:43,19:11,20:35,2025-06-20
UAE,Ajman,25.4052,55.5136,03:58,12:20,15:43,19:11,20:36,2025-06-21
UAE,Ajman,25.4052,55.5136,03:59,12:20,15:43,19:12,20:36,2025-06-22
UAE,Ajman,25.4052,55.5136,03:59,12:20,15:43,19:12,20:36,2025-06-23
UAE,Ajman,25.4052,55.5136,03:59,12:21,15:44,19:12,20:36,2025-06-24
UAE,Ajman,25.4052,55.5136,04:00,12:21,15:44,19:12,20:36,2025-06-25
UAE,Ajman,25.4052,55.5136,04:00,12:21,15:44,19:12,20:36,2025-06-26
UAE,Ajman,25.4052,55.5136,04:00,12:21,15:44,19:12,20:36,2025-06-27
UAE,Ajman,25.4052,55.5136,04:01,12:21,15:45,19:13,20:37,2025-06-28
UAE,Ajman,25.4052,55.5136,04:01,12:22,15:45,19:13,20:37,2025-06-29
UAE,Ajman,25.4052,55.5136,04:01,12:22,15:45,19:13,20:37,2025-06-30
UAE,Ajman,25.4052,55.5136,04:02,12:22,15:45,19:13,20:36,2025-07-01
UAE,Ajman,25.4052,55.5136,04:02,12:22,15:46,19:13,20:36,2025-07-02
UAE,Ajman,25.4052,55.5136,04:03,12:22,15:46,19:13,20:36,2025-07-03
UAE,Ajman,25.4052,55.5136,04:03,12:22,15:46,19:13,20:36,2025-07-04
UAE,Ajman,25.4052,55.5136,04:04,12:23,15:46,19:13,20:36,2025-07-05
UAE,Ajman,25.4052,55.5136,04:04,12:23,15:47,19:13,20:36,2025-07-06
UAE,Ajman,25.4052,55.5136,04:05,12:23,15:47,19:12,20:36,2025-07-07
UAE,Ajman,25.4052,55.5136,04:05,12:23,15:47,19:12,20:35,2025-07-08
UAE,Ajman,25.4052,55.5136,04:06,12:23,15:48,19:12,20:35,2025-07-09
UAE,Ajman,25.4052,55.5136,04:06,12:23,15:48,19:12,20:35,2025-07-10
UAE,Ajman,25.4052,55.5136,04:07,12:24,15:48,19:12,20:35,2025-07-11
UAE,Ajman,25.4052,55.5136,04:08,12:24,15:48,19:12,20:34,2025-07-12
UAE,Ajman,25.4052,55.5136,04:08,12:24,15:49,19:11,20:34,2025-07-13
UAE,Ajman,25.4052,55.5136,04:09,12:24,15:49,19:11,20:33,2025-07-14
UAE,Ajman,25.4052,55.5136,04:10,12:24,15:49,19:11,20:33,2025-07-15
UAE,Ajman,25.4052,55.5136,04:10,12:24,15:49,19:11,20:33,2025-07-16
UAE,Ajman,25.4052,55.5136,04:11,12:24,15:50,19:10,20:32,2025-07-17
UAE,Ajman,25.4052,55.5136,04:11,12:24,15:50,19:10,20:32,2025-07-18
UAE,Ajman,25.4052,55.5136,04:12,12:24,15:50,19:10,20:31,2025-07-19
UAE,Ajman,25.4052,55.5136,04:13,12:24,15:50,19:09,20:31,2025-07-20
UAE,Ajman,25.4052,55.5136,04:13,12:24,15:50,19:09,20:30,2025-07-21
UAE,Ajman,25.4052,55.5136,04:14,12:24,15:51,19:09,20:29,2025-07-22
UAE,Ajman,25.4052,55.5136,04:15,12:24,15:51,19:08,20:29,2025-07-23
UAE,Ajman,25.4052,55.5136,04:16,12:24,15:51,19:08,20:28,2025-07-24
UAE,Ajman,25.4052,55.5136,04:16,12:25,15:51,19:07,20:28,2025-07-25
UAE,Ajman,25.4052,55.5136,04:17,12:25,15:51,19:07,20:27,2025-07-26
UAE,Ajman,25.4052,55.5136,04:18,12:24,15:51,19:06,20:26,2025-07-27
UAE,Ajman,25.4052,55.5136,04:18,12:24,15:52,19:06,20:25,2025-07-28
UAE,Ajman,25.4052,55.5136,04:19,12:24,15:52,19:05,20:25,2025-07-29
UAE,Ajman,25.4052,55.5136,04:20,12:24,15:52,19:05,20:24,2025-07-30
UAE,Ajman,25.4052,55.5136,04:20,12:24,15:52,19:04,20:23,2025-07-31
UAE,Ajman,25.4052,55.5136,04:21,12:24,15:52,19:03,20:22,2025-08-01
UAE,Ajman,25.4052,55.5136,04:22,12:24,15:52,19:03,20:22,2025-08-02
UAE,Ajman,25.4052,55.5136,04:22,12:24,15:52,19:02,20:21,2025-08-03
UAE,Ajman,25.4052,55.5136,04:23,12:24,15:52,19:01,20:20,2025-08-04
UAE,Ajman,25.4052,55.5136,04:24,12:24,15:52,19:01,20:19,2025-08-05
UAE,Ajman,25.4052,55.5136,04:24,12:24,15:52,19:00,20:18,2025-08-06
UAE,Ajman,25.4052,55.5136,04:25,12:24,15:52,18:59,20:17,2025-08-07
UAE,Ajman,25.4052,55.5136,04:26,12:24,15:52,18:59,20:16,2025-08-08
UAE,Ajman,25.4052,55.5136,04:27,12:23,15:52,18:58,20:15,2025-08-09
UAE,Ajman,25.4052,55.5136,04:27,12:23,15:52,18:57,20:14,2025-08-10
UAE,Ajman,25.4052,55.5136,04:28,12:23,15:52,18:56,20:13,2025-08-11
UAE,Ajman,25.4052,55.5136,04:28,12:23,15:52,18:56,20:12,2025-08-12
UAE,Ajman,25.4052,55.5136,04:29,12:23,15:52,18:55,20:11,2025-08-13
UAE,Ajman,25.4052,55.5136,04:30,12:23,15:52,18:54,20:10,2025-08-14
UAE,Ajman,25.4052,55.5136,04:30,12:22,15:52,18:53,20:09,2025-08-15
UAE,Ajman,25.4052,55.5136,04:31,12:22,15:52,18:52,20:08,2025-08-16
UAE,Ajman,25.4052,55.5136,04:32,12:22,15:51,18:51,20:07,2025-08-17
UAE,Ajman,25.4052,55.5136,04:32,12:22,15:51,18:50,20:06,2025-08-18
UAE,Ajman,25.4052,55.5136,04:33,12:21,15:51,18:50,20:05,2025-08-19
UAE,Ajman,25.4052,55.5136,04:34,12:21,15:51,18:49,20:04,2025-08-20
UAE,Ajman,25.4052,55.5136,04:34,12:21,15:51,18:48,20:03,2025-08-21
UAE,Ajman,25.4052,55.5136,04:35,12:21,15:50,18:47,20:02,2025-08-22
UAE,Ajman,25.4052,55.5136,04:35,12:20,15:50,18:46,20:01,2025-08-23
UAE,Ajman,25.4052,55.5136,04:36,12:20,15:50,18:45,20:00,2025-08-24
UAE,Ajman,25.4052,55.5136,04:37,12:20,15:50,18:44,19:59,2025-08-25
UAE,Ajman,25.4052,55.5136,04:37,12:20,15:49,18:43,19:57,2025-08-26
UAE,Ajman,25.4052,55.5136,04:38,12:19,15:49,18:42,19:56,2025-08-27
UAE,Ajman,25.4052,55.5136,04:38,12:19,15:49,18:41,19:55,2025-08-28
UAE,Ajman,25.4052,55.5136,04:39,12:19,15:48,18:40,19:54,2025-08-29
UAE,Ajman,25.4052,55.5136,04:39,12:18,15:48,18:39,19:53,2025-08-30
UAE,Ajman,25.4052,55.5136,04:40,12:18,15:48,18:38,19:52,2025-08-31
UAE,Ajman,25.4052,55.5136,04:40,12:18,15:47,18:37,19:51,2025-09-01
UAE,Ajman,25.4052,55.5136,04:41,12:17,15:47,18:36,19:49,2025-09-02
UAE,Ajman,25.4052,55.5136,04:41,12:17,15:47,18:35,19:48,2025-09-03
UAE,Ajman,25.4052,55.5136,04:42,12:17,15:46,18:34,19:47,2025-09-04
UAE,Ajman,25.4052,55.5136,04:42,12:17,15:46,18:33,19:46,2025-09-05
UAE,Ajman,25.4052,55.5136,04:43,12:16,15:45,18:32,19:45,2025-09-06
UAE,Ajman,25.4052,55.5136,04:43,12:16,15:45,18:31,19:44,2025-09-07
UAE,Ajman,25.4052,55.5136,04:44,12:15,15:44,18:30,19:42,2025-09-08
UAE,Ajman,25.4052,55.5136,04:44,12:15,15:44,18:28,19:41,2025-09-09
UAE,Ajman,25.4052,55.5136,04:45,12:15,15:43,18:27,19:40,2025-09-10
UAE,Ajman,25.4052,55.5136,04:45,12:14,15:43,18:26,19:39,2025-09-11
UAE,Ajman,25.4052,55.5136,04:46,12:14,15:42,18:25,19:38,2025-09-12
UAE,Ajman,25.4052,55.5136,04:46,12:14,15:42,18:24,19:37,2025-09-13
UAE,Ajman,25.4052,55.5136,04:47,12:13,15:41,18:23,19:35,2025-09-14
UAE,Ajman,25.4052,55.5136,04:47,12:13,15:41,18:22,19:34,2025-09-15
UAE,Ajman,25.4052,55.5136,04:48,12:13,15:40,18:21,19:33,2025-09-16
UAE,Ajman,25.4052,55.5136,04:48,12:12,15:40,18:20,19:32,2025-09-17
UAE,Ajman,25.4052,55.5136,04:49,12:12,15:39,18:19,19:31,2025-09-18
UAE,Ajman,25.4052,55.5136,04:49,12:12,15:39,18:18,19:30,2025-09-19
UAE,Ajman,25.4052,55.5136,04:50,12:11,15:38,18:16,19:28,2025-09-20
UAE,Ajman,25.4052,55.5136,04:50,12:11,15:37,18:15,19:27,2025-09-21
UAE,Ajman,25.4052,55.5136,04:50,12:11,15:37,18:14,19:26,2025-09-22
UAE,Ajman,25.4052,55.5136,04:51,12:10,15:36,18:13,19:25,2025-09-23
UAE,Ajman,25.4052,55.5136,04:51,12:10,15:36,18:12,19:24,2025-09-24
UAE,Ajman,25.4052,55.5136,04:52,12:09,15:35,18:11,19:23,2025-09-25
UAE,Ajman,25.4052,55.5136,04:52,12:09,15:34,18:10,19:22,2025-09-26
UAE,Ajman,25.4052,55.5136,04:53,12:09,15:34,18:09,19:21,2025-09-27
UAE,Ajman,25.4052,55.5136,04:53,12:08,15:33,18:08,19:19,2025-09-28
UAE,Ajman,25.4052,55.5136,04:53,12:08,15:33,18:07,19:18,2025-09-29
UAE,Ajman,25.4052,55.5136,04:54,12:08,15:32,18:06,19:17,2025-09-30
UAE,Ajman,25.4052,55.5136,04:54,12:07,15:31,18:05,19:16,2025-10-01
UAE,Ajman,25.4052,55.5136,04:55,12:07,15:31,18:04,19:15,2025-10-02
UAE,Ajman,25.4052,55.5136,04:55,12:07,15:30,18:02,19:14,2025-10-03
UAE,Ajman,25.4052,55.5136,04:56,12:07,15:29,18:01,19:13,2025-10-04
UAE,Ajman,25.4052,55.5136,04:56,12:06,15:29,18:00,19:12,2025-10-05
UAE,Ajman,25.4052,55.5136,04:56,12:06,15:28,17:59,19:11,2025-10-06
UAE,Ajman,25.4052,55.5136,04:57,12:06,15:28,17:58,19:10,2025-10-07
UAE,Ajman,25.4052,55.5136,04:57,12:05,15:27,17:57,19:09,2025-10-08
UAE,Ajman,25.4052,55.5136,04:58,12:05,15:26,17:56,19:08,2025-10-09
UAE,Ajman,25.4052,55.5136,04:58,12:05,15:26,17:55,19:07,2025-10-10
UAE,Ajman,25.4052,55.5136,04:59,12:05,15:25,17:54,19:06,2025-10-11
UAE,Ajman,25.4052,55.5136,04:59,12:04,15:24,17:53,19:05,2025-10-12
UAE,Ajman,25.4052,55.5136,04:59,12:04,15:24,17:52,19:04,2025-10-13
UAE,Ajman,25.4052,55.5136,05:00,12:04,15:23,17:51,19:03,2025-10-14
UAE,Ajman,25.4052,55.5136,05:00,12:04,15:23,17:51,19:03,2025-10-15
UAE,Ajman,25.4052,55.5136,05:01,12:03,15:22,17:50,19:02,2025-10-16
UAE,Ajman,25.4052,55.5136,05:01,12:03,15:21,17:49,19:01,2025-10-17
UAE,Ajman,25.4052,55.5136,05:02,12:03,15:21,17:48,19:00,2025-10-18
UAE,Ajman,25.4052,55.5136,05:02,12:03,15:20,17:47,18:59,2025-10-19
UAE,Ajman,25.4052,55.5136,05:03,12:03,15:20,17:46,18:58,2025-10-20
UAE,Ajman,25.4052,55.5136,05:03,12:02,15:19,17:45,18:58,2025-10-21
UAE,Ajman,25.4052,55.5136,05:03,12:02,15:18,17:44,18:57,2025-10-22
UAE,Ajman,25.4052,55.5136,05:04,12:02,15:18,17:44,18:56,2025-10-23
UAE,Ajman,25.4052,55.5136,05:04,12:02,15:17,17:43,18:55,2025-10-24
UAE,Ajman,25.4052,55.5136,05:05,12:02,15:17,17:42,18:55,2025-10-25
UAE,Ajman,25.4052,55.5136,05:05,12:02,15:16,17:41,18:54,2025-10-26
UAE,Ajman,25.4052,55.5136,05:06,12:02,15:16,17:40,18:53,2025-10-27
UAE,Ajman,25.4052,55.5136,05:06,12:02,15:15,17:40,18:53,2025-10-28
UAE,Ajman,25.4052,55.5136,05:07,12:02,15:15,17:39,18:52,2025-10-29
UAE,Ajman,25.4052,55.5136,05:07,12:02,15:14,17:38,18:51,2025-10-30
UAE,Ajman,25.4052,55.5136,05:08,12:02,15:14,17:38,18:51,2025-10-31
UAE,Ajman,25.4052,55.5136,05:08,12:02,15:13,17:37,18:50,2025-11-01
UAE,Ajman,25.4052,55.5136,05:09,12:01,15:13,17:36,18:50,2025-11-02
UAE,Ajman,25.4052,55.5136,05:10,12:02,15:12,17:36,18:49,2025-11-03
UAE,Ajman,25.4052,55.5136,05:10,12:02,15:12,17:35,18:49,2025-11-04
UAE,Ajman,25.4052,55.5136,05:11,12:02,15:11,17:34,18:48,2025-11-05
UAE,Ajman,25.4052,55.5136,05:11,12:02,15:11,17:34,18:48,2025-11-06
UAE,Ajman,25.4052,55.5136,05:12,12:02,15:11,17:33,18:47,2025-11-07
UAE,Ajman,25.4052,55.5136,05:12,12:02,15:10,17:33,18:47,2025-11-08
UAE,Ajman,25.4052,55.5136,05:13,12:02,15:10,17:32,18:46,2025-11-09
UAE,Ajman,25.4052,55.5136,05:13,12:02,15:10,17:32,18:46,2025-11-10
UAE,Ajman,25.4052,55.5136,05:14,12:02,15:09,17:31,18:46,2025-11-11
UAE,Ajman,25.4052,55.5136,05:15,12:02,15:09,17:31,18:45,2025-11-12
UAE,Ajman,25.4052,55.5136,05:15,12:02,15:09,17:30,18:45,2025-11-13
UAE,Ajman,25.4052,55.5136,05:16,12:02,15:08,17:30,18:45,2025-11-14
UAE,Ajman,25.4052,55.5136,05:16,12:03,15:08,17:30,18:44,2025-11-15
UAE,Ajman,25.4052,55.5136,05:17,12:03,15:08,17:29,18:44,2025-11-16
UAE,Ajman,25.4052,55.5136,05:17,12:03,15:08,17:29,18:44,2025-11-17
UAE,Ajman,25.4052,55.5136,05:18,12:03,15:08,17:29,18:44,2025-11-18
UAE,Ajman,25.4052,55.5136,05:19,12:03,15:07,17:28,18:44,2025-11-19
UAE,Ajman,25.4052,55.5136,05:19,12:04,15:07,17:28,18:43,2025-11-20
UAE,Ajman,25.4052,55.5136,05:20,12:04,15:07,17:28,18:43,2025-11-21
UAE,Ajman,25.4052,55.5136,05:21,12:04,15:07,17:28,18:43,2025-11-22
UAE,Ajman,25.4052,55.5136,05:21,12:04,15:07,17:28,18:43,2025-11-23
UAE,Ajman,25.4052,55.5136,05:22,12:05,15:07,17:27,18:43,2025-11-24
UAE,Ajman,25.4052,55.5136,05:22,12:05,15:07,17:27,18:43,2025-11-25
UAE,Ajman,25.4052,55.5136,05:23,12:05,15:07,17:27,18:43,2025-11-26
UAE,Ajman,25.4052,55.5136,05:24,12:06,15:07,17:27,18:43,2025-11-27
UAE,Ajman,25.4052,55.5136,05:24,12:06,15:07,17:27,18:43,2025-11-28
UAE,Ajman,25.4052,55.5136,05:25,12:06,15:07,17:27,18:43,2025-11-29
UAE,Ajman,25.4052,55.5136,05:26,12:07,15:07,17:27,18:43,2025-11-30
UAE,Ajman,25.4052,55.5136,05:26,12:07,15:07,17:27,18:43,2025-12-01
UAE,Ajman,25.4052,55.5136,05:27,12:07,15:07,17:27,18:44,2025-12-02
UAE,Ajman,25.4052,55.5136,05:27,12:08,15:07,17:27,18:44,2025-12-03
UAE,Ajman,25.4052,55.5136,05:28,12:08,15:08,17:27,18:44,2025-12-04
UAE,Ajman,25.4052,55.5136,05:29,12:09,15:08,17:28,18:44,2025-12-05
UAE,Ajman,25.4052,55.5136,05:29,12:09,15:08,17:28,18:44,2025-12-06
UAE,Ajman,25.4052,55.5136,05:30,12:10,15:08,17:28,18:45,2025-12-07
UAE,Ajman,25.4052,55.5136,05:30,12:10,15:08,17:28,18:45,2025-12-08
UAE,Ajman,25.4052,55.5136,05:31,12:10,15:09,17:28,18:45,2025-12-09
UAE,Ajman,25.4052,55.5136,05:32,12:11,15:09,17:29,18:45,2025-12-10
UAE,Ajman,25.4052,55.5136,05:32,12:11,15:09,17:29,18:46,2025-12-11
UAE,Ajman,25.4052,55.5136,05:33,12:12,15:10,17:29,18:46,2025-12-12
UAE,Ajman,25.4052,55.5136,05:33,12:12,15:10,17:29,18:46,2025-12-13
UAE,Ajman,25.4052,55.5136,05:34,12:13,15:10,17:30,18:47,2025-12-14
UAE,Ajman,25.4052,55.5136,05:35,12:13,15:11,17:30,18:47,2025-12-15
UAE,Ajman,25.4052,55.5136,05:35,12:14,15:11,17:31,18:48,2025-12-16
UAE,Ajman,25.4052,55.5136,05:36,12:14,15:11,17:31,18:48,2025-12-17
UAE,Ajman,25.4052,55.5136,05:36,12:15,15:12,17:31,18:49,2025-12-18
UAE,Ajman,25.4052,55.5136,05:37,12:15,15:12,17:32,18:49,2025-12-19
UAE,Ajman,25.4052,55.5136,05:37,12:16,15:13,17:32,18:50,2025-12-20
UAE,Ajman,25.4052,55.5136,05:38,12:16,15:13,17:33,18:50,2025-12-21
UAE,Ajman,25.4052,55.5136,05:38,12:17,15:14,17:33,18:51,2025-12-22
UAE,Ajman,25.4052,55.5136,05:39,12:17,15:14,17:34,18:51,2025-12-23
UAE,Ajman,25.4052,55.5136,05:39,12:18,15:15,17:34,18:52,2025-12-24
UAE,Ajman,25.4052,55.5136,05:40,12:18,15:15,17:35,18:52,2025-12-25
UAE,Ajman,25.4052,55.5136,05:40,12:19,15:16,17:35,18:53,2025-12-26
UAE,Ajman,25.4052,55.5136,05:40,12:19,15:17,17:36,18:53,2025-12-27
UAE,Ajman,25.4052,55.5136,05:41,12:20,15:17,17:37,18:54,2025-12-28
UAE,Ajman,25.4052,55.5136,05:41,12:20,15:18,17:37,18:54,2025-12-29
UAE,Ajman,25.4052,55.5136,05:42,12:21,15:18,17:38,18:55,2025-12-30
UAE,Ajman,25.4052,55.5136,05:42,12:21,15:19,17:39,18:56,2025-12-31
UAE,Umm Al Quwain,25.5654,55.5515,05:43,12:22,15:19,17:39,18:56,2025-01-01
UAE,Umm Al Quwain,25.5654,55.5515,05:43,12:22,15:20,17:40,18:57,2025-01-02
UAE,Umm Al Quwain,25.5654,55.5515,05:43,12:22,15:21,17:40,18:57,2025-01-03
UAE,Umm Al Quwain,25.5654,55.5515,05:43,12:23,15:21,17:41,18:58,2025-01-04
UAE,Umm Al Quwain,25.5654,55.5515,05:44,12:23,15:22,17:42,18:58,2025-01-05
UAE,Umm Al Quwain,25.5654,55.5515,05:44,12:24,15:23,17:42,18:59,2025-01-06
UAE,Umm Al Quwain,25.5654,55.5515,05:44,12:24,15:23,17:43,19:00,2025-01-07
UAE,Umm Al Quwain,25.5654,55.5515,05:44,12:25,15:24,17:44,19:00,2025-01-08
UAE,Umm Al Quwain,25.5654,55.5515,05:44,12:25,15:25,17:45,19:01,2025-01-09
UAE,Umm Al Quwain,25.5654,55.5515,05:45,12:25,15:25,17:45,19:02,2025-01-10
UAE,Umm Al Quwain,25.5654,55.5515,05:45,12:26,15:26,17:46,19:02,2025-01-11
UAE,Umm Al Quwain,25.5654,55.5515,05:45,12:26,15:27,17:47,19:03,2025-01-12
UAE,Umm Al Quwain,25.5654,55.5515,05:45,12:27,15:27,17:48,19:04,2025-01-13
UAE,Umm Al Quwain,25.5654,55.5515,05:45,12:27,15:28,17:48,19:04,2025-01-14
UAE,Umm Al Quwain,25.5654,55.5515,05:45,12:27,15:29,17:49,19:05,2025-01-15
UAE,Umm Al Quwain,25.5654,55.5515,05:45,12:28,15:29,17:50,19:06,2025-01-16
UAE,Umm Al Quwain,25.5654,55.5515,05:45,12:28,15:30,17:51,19:06,2025-01-17
UAE,Umm Al Quwain,25.5654,55.5515,05:45,12:28,15:31,17:51,19:07,2025-01-18
UAE,Umm Al Quwain,25.5654,55.5515,05:45,12:29,15:31,17:52,19:08,2025-01-19
UAE,Umm Al Quwain,25.5654,55.5515,05:45,12:29,15:32,17:53,19:08,2025-01-20
UAE,Umm Al Quwain,25.5654,55.5515,05:45,12:29,15:33,17:54,19:09,2025-01-21
UAE,Umm Al Quwain,25.5654,55.5515,05:45,12:29,15:33,17:54,19:10,2025-01-22
UAE,Umm Al Quwain,25.5654,55.5515,05:45,12:30,15:34,17:55,19:10,2025-01-23
UAE,Umm Al Quwain,25.5654,55.5515,05:44,12:30,15:35,17:56,19:11,2025-01-24
UAE,Umm Al Quwain,25.5654,55.5515,05:44,12:30,15:35,17:57,19:12,2025-01-25
UAE,Umm Al Quwain,25.5654,55.5515,05:44,12:30,15:36,17:57,19:12,2025-01-26
UAE,Umm Al Quwain,25.5654,55.5515,05:44,12:31,15:37,17:58,19:13,2025-01-27
UAE,Umm Al Quwain,25.5654,55.5515,05:44,12:31,15:37,17:59,19:13,2025-01-28
UAE,Umm Al Quwain,25.5654,55.5515,05:43,12:31,15:38,18:00,19:14,2025-01-29
UAE,Umm Al Quwain,25.5654,55.5515,05:43,12:31,15:38,18:00,19:15,2025-01-30
UAE,Umm Al Quwain,25.5654,55.5515,05:43,12:31,15:39,18:01,19:15,2025-01-31
UAE,Umm Al Quwain,25.5654,55.5515,05:42,12:31,15:40,18:02,19:16,2025-02-01
UAE,Umm Al Quwain,25.5654,55.5515,05:42,12:32,15:40,18:03,19:17,2025-02-02
UAE,Umm Al Quwain,25.5654,55.5515,05:42,12:32,15:41,18:03,19:17,2025-02-03
UAE,Umm Al Quwain,25.5654,55.5515,05:41,12:32,15:41,18:04,19:18,2025-02-04
UAE,Umm Al Quwain,25.5654,55.5515,05:41,12:32,15:42,18:05,19:18,2025-02-05
UAE,Umm Al Quwain,25.5654,55.5515,05:40,12:32,15:42,18:05,19:19,2025-02-06
UAE,Umm Al Quwain,25.5654,55.5515,05:40,12:32,15:43,18:06,19:20,2025-02-07
UAE,Umm Al Quwain,25.5654,55.5515,05:39,12:32,15:43,18:07,19:20,2025-02-08
UAE,Umm Al Quwain,25.5654,55.5515,05:39,12:32,15:44,18:07,19:21,2025-02-09
UAE,Umm Al Quwain,25.5654,55.5515,05:38,12:32,15:44,18:08,19:21,2025-02-10
UAE,Umm Al Quwain,25.5654,55.5515,05:38,12:32,15:45,18:09,19:22,2025-02-11
UAE,Umm Al Quwain,25.5654,55.5515,05:37,12:32,15:45,18:10,19:23,2025-02-12
UAE,Umm Al Quwain,25.5654,55.5515,05:36,12:32,15:45,18:10,19:23,2025-02-13
UAE,Umm Al Quwain,25.5654,55.5515,05:36,12:32,15:46,18:11,19:24,2025-02-14
UAE,Umm Al Quwain,25.5654,55.5515,05:35,12:32,15:46,18:11,19:24,2025-02-15
UAE,Umm Al Quwain,25.5654,55.5515,05:34,12:32,15:47,18:12,19:25,2025-02-16
UAE,Umm Al Quwain,25.5654,55.5515,05:34,12:32,15:47,18:13,19:25,2025-02-17
UAE,Umm Al Quwain,25.5654,55.5515,05:33,12:32,15:47,18:13,19:26,2025-02-18
UAE,Umm Al Quwain,25.5654,55.5515,05:32,12:32,15:48,18:14,19:26,2025-02-19
UAE,Umm Al Quwain,25.5654,55.5515,05:32,12:31,15:48,18:15,19:27,2025-02-20
UAE,Umm Al Quwain,25.5654,55.5515,05:31,12:31,15:48,18:15,19:27,2025-02-21
UAE,Umm Al Quwain,25.5654,55.5515,05:30,12:31,15:49,18:16,19:28,2025-02-22
UAE,Umm Al Quwain,25.5654,55.5515,05:29,12:31,15:49,18:16,19:28,2025-02-23
UAE,Umm Al Quwain,25.5654,55.5515,05:28,12:31,15:49,18:17,19:29,2025-02-24
UAE,Umm Al Quwain,25.5654,55.5515,05:28,12:31,15:50,18:17,19:30,2025-02-25
UAE,Umm Al Quwain,25.5654,55.5515,05:27,12:31,15:50,18:18,19:30,2025-02-26
UAE,Umm Al Quwain,25.5654,55.5515,05:26,12:30,15:50,18:19,19:31,2025-02-27
UAE,Umm Al Quwain,25.5654,55.5515,05:25,12:30,15:50,18:19,19:31,2025-02-28
UAE,Umm Al Quwain,25.5654,55.5515,05:24,12:30,15:50,18:20,19:32,2025-03-01
UAE,Umm Al Quwain,25.5654,55.5515,05:23,12:30,15:51,18:20,19:32,2025-03-02
UAE,Umm Al Quwain,25.5654,55.5515,05:22,12:30,15:51,18:21,19:33,2025-03-03
UAE,Umm Al Quwain,25.5654,55.5515,05:21,12:29,15:51,18:21,19:33,2025-03-04
UAE,Umm Al Quwain,25.5654,55.5515,05:20,12:29,15:51,18:22,19:34,2025-03-05
UAE,Umm Al Quwain,25.5654,55.5515,05:19,12:29,15:51,18:22,19:34,2025-03-06
UAE,Umm Al Quwain,25.5654,55.5515,05:18,12:29,15:51,18:23,19:35,2025-03-07
UAE,Umm Al Quwain,25.5654,55.5515,05:17,12:28,15:51,18:23,19:35,2025-03-08
UAE,Umm Al Quwain,25.5654,55.5515,05:16,12:28,15:51,18:24,19:36,2025-03-09
UAE,Umm Al Quwain,25.5654,55.5515,05:15,12:28,15:52,18:24,19:36,2025-03-10
UAE,Umm Al Quwain,25.5654,55.5515,05:14,12:28,15:52,18:25,19:37,2025-03-11
UAE,Umm Al Quwain,25.5654,55.5515,05:13,12:27,15:52,18:25,19:37,2025-03-12
UAE,Umm Al Quwain,25.5654,55.5515,05:12,12:27,15:52,18:26,19:38,2025-03-13
UAE,Umm Al Quwain,25.5654,55.5515,05:11,12:27,15:52,18:26,19:38,2025-03-14
UAE,Umm Al Quwain,25.5654,55.5515,05:10,12:27,15:52,18:27,19:39,2025-03-15
UAE,Umm Al Quwain,25.5654,55.5515,05:09,12:26,15:52,18:27,19:39,2025-03-16
UAE,Umm Al Quwain,25.5654,55.5515,05:08,12:26,15:52,18:28,19:40,2025-03-17
UAE,Umm Al Quwain,25.5654,55.5515,05:07,12:26,15:52,18:28,19:40,2025-03-18
UAE,Umm Al Quwain,25.5654,55.5515,05:06,12:25,15:52,18:29,19:41,2025-03-19
UAE,Umm Al Quwain,25.5654,55.5515,05:05,12:25,15:52,18:29,19:41,2025-03-20
UAE,Umm Al Quwain,25.5654,55.5515,05:04,12:25,15:52,18:30,19:42,2025-03-21
UAE,Umm Al Quwain,25.5654,55.5515,05:03,12:25,15:52,18:30,19:42,2025-03-22
UAE,Umm Al Quwain,25.5654,55.5515,05:01,12:24,15:51,18:30,19:43,2025-03-23
UAE,Umm Al Quwain,25.5654,55.5515,05:00,12:24,15:51,18:31,19:43,2025-03-24
UAE,Umm Al Quwain,25.5654,55.5515,04:59,12:24,15:51,18:31,19:44,2025-03-25
UAE,Umm Al Quwain,25.5654,55.5515,04:58,12:23,15:51,18:32,19:44,2025-03-26
UAE,Umm Al Quwain,25.5654,55.5515,04:57,12:23,15:51,18:32,19:45,2025-03-27
UAE,Umm Al Quwain,25.5654,55.5515,04:56,12:23,15:51,18:33,19:45,2025-03-28
UAE,Umm Al Quwain,25.5654,55.5515,04:55,12:22,15:51,18:33,19:46,2025-03-29
UAE,Umm Al Quwain,25.5654,55.5515,04:54,12:22,15:51,18:34,19:46,2025-03-30
UAE,Umm Al Quwain,25.5654,55.5515,04:52,12:22,15:51,18:34,19:47,2025-03-31
UAE,Umm Al Quwain,25.5654,55.5515,04:51,12:22,15:50,18:34,19:47,2025-04-01
UAE,Umm Al Quwain,25.5654,55.5515,04:50,12:21,15:50,18:35,19:48,2025-04-02
UAE,Umm Al Quwain,25.5654,55.5515,04:49,12:21,15:50,18:35,19:48,2025-04-03
UAE,Umm Al Quwain,25.5654,55.5515,04:48,12:21,15:50,18:36,19:49,2025-04-04
UAE,Umm Al Quwain,25.5654,55.5515,04:47,12:20,15:50,18:36,19:50,2025-04-05
UAE,Umm Al Quwain,25.5654,55.5515,04:45,12:20,15:50,18:37,19:50,2025-04-06
UAE,Umm Al Quwain,25.5654,55.5515,04:44,12:20,15:49,18:37,19:51,2025-04-07
UAE,Umm Al Quwain,25.5654,55.5515,04:43,12:20,15:49,18:38,19:51,2025-04-08
UAE,Umm Al Quwain,25.5654,55.5515,04:42,12:19,15:49,18:38,19:52,2025-04-09
UAE,Umm Al Quwain,25.5654,55.5515,04:41,12:19,15:49,18:39,19:52,2025-04-10
UAE,Umm Al Quwain,25.5654,55.5515,04:40,12:19,15:49,18:39,19:53,2025-04-11
UAE,Umm Al Quwain,25.5654,55.5515,04:39,12:18,15:48,18:39,19:54,2025-04-12
UAE,Umm Al Quwain,25.5654,55.5515,04:38,12:18,15:48,18:40,19:54,2025-04-13
UAE,Umm Al Quwain,25.5654,55.5515,04:36,12:18,15:48,18:40,19:55,2025-04-14
UAE,Umm Al Quwain,25.5654,55.5515,04:35,12:18,15:48,18:41,19:55,2025-04-15
UAE,Umm Al Quwain,25.5654,55.5515,04:34,12:18,15:47,18:41,19:56,2025-04-16
UAE,Umm Al Quwain,25.5654,55.5515,04:33,12:17,15:47,18:42,19:57,2025-04-17
UAE,Umm Al Quwain,25.5654,55.5515,04:32,12:17,15:47,18:42,19:57,2025-04-18
UAE,Umm Al Quwain,25.5654,55.5515,04:31,12:17,15:47,18:43,19:58,2025-04-19
UAE,Umm Al Quwain,25.5654,55.5515,04:30,12:17,15:46,18:43,19:59,2025-04-20
UAE,Umm Al Quwain,25.5654,55.5515,04:29,12:16,15:46,18:44,19:59,2025-04-21
UAE,Umm Al Quwain,25.5654,55.5515,04:28,12:16,15:46,18:44,20:00,2025-04-22
UAE,Umm Al Quwain,25.5654,55.5515,04:27,12:16,15:46,18:45,20:01,2025-04-23
UAE,Umm Al Quwain,25.5654,55.5515,04:26,12:16,15:46,18:45,20:01,2025-04-24
UAE,Umm Al Quwain,25.5654,55.5515,04:25,12:16,15:45,18:46,20:02,2025-04-25
UAE,Umm Al Quwain,25.5654,55.5515,04:24,12:16,15:45,18:46,20:03,2025-04-26
UAE,Umm Al Quwain,25.5654,55.5515,04:23,12:15,15:45,18:47,20:03,2025-04-27
UAE,Umm Al Quwain,25.5654,55.5515,04:22,12:15,15:45,18:47,20:04,2025-04-28
UAE,Umm Al Quwain,25.5654,55.5515,04:21,12:15,15:44,18:48,20:05,2025-04-29
UAE,Umm Al Quwain,25.5654,55.5515,04:20,12:15,15:44,18:48,20:05,2025-04-30
UAE,Umm Al Quwain,25.5654,55.5515,04:19,12:15,15:44,18:49,20:06,2025-05-01
UAE,Umm Al Quwain,25.5654,55.5515,04:18,12:15,15:44,18:49,20:07,2025-05-02
UAE,Umm Al Quwain,25.5654,55.5515,04:17,12:15,15:44,18:50,20:08,2025-05-03
UAE,Umm Al Quwain,25.5654,55.5515,04:16,12:15,15:43,18:50,20:08,2025-05-04
UAE,Umm Al Quwain,25.5654,55.5515,04:15,12:14,15:43,18:51,20:09,2025-05-05
UAE,Umm Al Quwain,25.5654,55.5515,04:14,12:14,15:43,18:51,20:10,2025-05-06
UAE,Umm Al Quwain,25.5654,55.5515,04:13,12:14,15:43,18:52,20:10,2025-05-07
UAE,Umm Al Quwain,25.5654,55.5515,04:12,12:14,15:43,18:52,20:11,2025-05-08
UAE,Umm Al Quwain,25.5654,55.5515,04:11,12:14,15:42,18:53,20:12,2025-05-09
UAE,Umm Al Quwain,25.5654,55.5515,04:11,12:14,15:42,18:53,20:13,2025-05-10
UAE,Umm Al Quwain,25.5654,55.5515,04:10,12:14,15:42,18:54,20:13,2025-05-11
UAE,Umm Al Quwain,25.5654,55.5515,04:09,12:14,15:42,18:55,20:14,2025-05-12
UAE,Umm Al Quwain,25.5654,55.5515,04:08,12:14,15:42,18:55,20:15,2025-05-13
UAE,Umm Al Quwain,25.5654,55.5515,04:08,12:14,15:42,18:56,20:16,2025-05-14
UAE,Umm Al Quwain,25.5654,55.5515,04:07,12:14,15:41,18:56,20:16,2025-05-15
UAE,Umm Al Quwain,25.5654,55.5515,04:06,12:14,15:41,18:57,20:17,2025-05-16
UAE,Umm Al Quwain,25.5654,55.5515,04:05,12:14,15:41,18:57,20:18,2025-05-17
UAE,Umm Al Quwain,25.5654,55.5515,04:05,12:14,15:41,18:58,20:18,2025-05-18
UAE,Umm Al Quwain,25.5654,55.5515,04:04,12:14,15:41,18:58,20:19,2025-05-19
UAE,Umm Al Quwain,25.5654,55.5515,04:04,12:14,15:41,18:59,20:20,2025-05-20
UAE,Umm Al Quwain,25.5654,55.5515,04:03,12:14,15:41,18:59,20:21,2025-05-21
UAE,Umm Al Quwain,25.5654,55.5515,04:02,12:15,15:41,19:00,20:21,2025-05-22
UAE,Umm Al Quwain,25.5654,55.5515,04:02,12:15,15:41,19:00,20:22,2025-05-23
UAE,Umm Al Quwain,25.5654,55.5515,04:01,12:15,15:41,19:01,20:23,2025-05-24
UAE,Umm Al Quwain,25.5654,55.5515,04:01,12:15,15:41,19:01,20:23,2025-05-25
UAE,Umm Al Quwain,25.5654,55.5515,04:00,12:15,15:41,19:02,20:24,2025-05-26
UAE,Umm Al Quwain,25.5654,55.5515,04:00,12:15,15:40,19:02,20:25,2025-05-27
UAE,Umm Al Quwain,25.5654,55.5515,04:00,12:15,15:40,19:03,20:25,2025-05-28
UAE,Umm Al Quwain,25.5654,55.5515,03:59,12:15,15:40,19:03,20:26,2025-05-29
UAE,Umm Al Quwain,25.5654,55.5515,03:59,12:15,15:40,19:04,20:26,2025-05-30
UAE,Umm Al Quwain,25.5654,55.5515,03:59,12:16,15:40,19:04,20:27,2025-05-31
UAE,Umm Al Quwain,25.5654,55.5515,03:58,12:16,15:40,19:05,20:28,2025-06-01
UAE,Umm Al Quwain,25.5654,55.5515,03:58,12:16,15:41,19:05,20:28,2025-06-02
UAE,Umm Al Quwain,25.5654,55.5515,03:58,12:16,15:41,19:06,20:29,2025-06-03
UAE,Umm Al Quwain,25.5654,55.5515,03:57,12:16,15:41,19:06,20:29,2025-06-04
UAE,Umm Al Quwain,25.5654,55.5515,03:57,12:16,15:41,19:06,20:30,2025-06-05
UAE,Umm Al Quwain,25.5654,55.5515,03:57,12:17,15:41,19:07,20:31,2025-06-06
UAE,Umm Al Quwain,25.5654,55.5515,03:57,12:17,15:41,19:07,20:31,2025-06-07
UAE,Umm Al Quwain,25.5654,55.5515,03:57,12:17,15:41,19:08,20:32,2025-06-08
UAE,Umm Al Quwain,25.5654,55.5515,03:57,12:17,15:41,19:08,20:32,2025-06-09
UAE,Umm Al Quwain,25.5654,55.5515,03:57,12:17,15:41,19:08,20:32,2025-06-10
UAE,Umm Al Quwain,25.5654,55.5515,03:57,12:18,15:41,19:09,20:33,2025-06-11
UAE,Umm Al Quwain,25.5654,55.5515,03:57,12:18,15:41,19:09,20:33,2025-06-12
UAE,Umm Al Quwain,25.5654,55.5515,03:57,12:18,15:42,19:10,20:34,2025-06-13
UAE,Umm Al Quwain,25.5654,55.5515,03:57,12:18,15:42,19:10,20:34,2025-06-14
UAE,Umm Al Quwain,25.5654,55.5515,03:57,12:18,15:42,19:10,20:34,2025-06-15
UAE,Umm Al Quwain,25.5654,55.5515,03:57,12:19,15:42,19:10,20:35,2025-06-16
UAE,Umm Al Quwain,25.5654,55.5515,03:57,12:19,15:42,19:11,20:35,2025-06-17
UAE,Umm Al Quwain,25.5654,55.5515,03:57,12:19,15:43,19:11,20:35,2025-06-18
UAE,Umm Al Quwain,25.5654,55.5515,03:57,12:19,15:43,19:11,20:36,2025-06-19
UAE,Umm Al Quwain,25.5654,55.5515,03:57,12:19,15:43,19:11,20:36,2025-06-20
UAE,Umm Al Quwain,25.5654,55.5515,03:58,12:20,15:43,19:12,20:36,2025-06-21
UAE,Umm Al Quwain,25.5654,55.5515,03:58,12:20,15:43,19:12,20:36,2025-06-22
UAE,Umm Al Quwain,25.5654,55.5515,03:58,12:20,15:44,19:12,20:36,2025-06-23
UAE,Umm Al Quwain,25.5654,55.5515,03:59,12:20,15:44,19:12,20:37,2025-06-24
UAE,Umm Al Quwain,25.5654,55.5515,03:59,12:21,15:44,19:12,20:37,2025-06-25
UAE,Umm Al Quwain,25.5654,55.5515,03:59,12:21,15:44,19:13,20:37,2025-06-26
UAE,Umm Al Quwain,25.5654,55.5515,04:00,12:21,15:45,19:13,20:37,2025-06-27
UAE,Umm Al Quwain,25.5654,55.5515,04:00,12:21,15:45,19:13,20:37,2025-06-28
UAE,Umm Al Quwain,25.5654,55.5515,04:00,12:21,15:45,19:13,20:37,2025-06-29
UAE,Umm Al Quwain,25.5654,55.5515,04:01,12:22,15:45,19:13,20:37,2025-06-30
UAE,Umm Al Quwain,25.5654,55.5515,04:01,12:22,15:46,19:13,20:37,2025-07-01
UAE,Umm Al Quwain,25.5654,55.5515,04:02,12:22,15:46,19:13,20:37,2025-07-02
UAE,Umm Al Quwain,25.5654,55.5515,04:02,12:22,15:46,19:13,20:37,2025-07-03
UAE,Umm Al Quwain,25.5654,55.5515,04:03,12:22,15:46,19:13,20:37,2025-07-04
UAE,Umm Al Quwain,25.5654,55.5515,04:03,12:22,15:47,19:13,20:36,2025-07-05
UAE,Umm Al Quwain,25.5654,55.5515,04:04,12:23,15:47,19:13,20:36,2025-07-06
UAE,Umm Al Quwain,25.5654,55.5515,04:04,12:23,15:47,19:13,20:36,2025-07-07
UAE,Umm Al Quwain,25.5654,55.5515,04:05,12:23,15:48,19:13,20:36,2025-07-08
UAE,Umm Al Quwain,25.5654,55.5515,04:05,12:23,15:48,19:12,20:36,2025-07-09
UAE,Umm Al Quwain,25.5654,55.5515,04:06,12:23,15:48,19:12,20:35,2025-07-10
UAE,Umm Al Quwain,25.5654,55.5515,04:06,12:23,15:48,19:12,20:35,2025-07-11
UAE,Umm Al Quwain,25.5654,55.5515,04:07,12:24,15:49,19:12,20:35,2025-07-12
UAE,Umm Al Quwain,25.5654,55.5515,04:08,12:24,15:49,19:12,20:34,2025-07-13
UAE,Umm Al Quwain,25.5654,55.5515,04:08,12:24,15:49,19:11,20:34,2025-07-14
UAE,Umm Al Quwain,25.5654,55.5515,04:09,12:24,15:49,19:11,20:33,2025-07-15
UAE,Umm Al Quwain,25.5654,55.5515,04:10,12:24,15:50,19:11,20:33,2025-07-16
UAE,Umm Al Quwain,25.5654,55.5515,04:10,12:24,15:50,19:11,20:32,2025-07-17
UAE,Umm Al Quwain,25.5654,55.5515,04:11,12:24,15:50,19:10,20:32,2025-07-18
UAE,Umm Al Quwain,25.5654,55.5515,04:11,12:24,15:50,19:10,20:31,2025-07-19
UAE,Umm Al Quwain,25.5654,55.5515,04:12,12:24,15:50,19:09,20:31,2025-07-20
UAE,Umm Al Quwain,25.5654,55.5515,04:13,12:24,15:51,19:09,20:30,2025-07-21
UAE,Umm Al Quwain,25.5654,55.5515,04:14,12:24,15:51,19:09,20:30,2025-07-22
UAE,Umm Al Quwain,25.5654,55.5515,04:14,12:24,15:51,19:08,20:29,2025-07-23
UAE,Umm Al Quwain,25.5654,55.5515,04:15,12:24,15:51,19:08,20:29,2025-07-24
UAE,Umm Al Quwain,25.5654,55.5515,04:16,12:24,15:51,19:07,20:28,2025-07-25
UAE,Umm Al Quwain,25.5654,55.5515,04:16,12:24,15:51,19:07,20:27,2025-07-26
UAE,Umm Al Quwain,25.5654,55.5515,04:17,12:24,15:52,19:06,20:26,2025-07-27
UAE,Umm Al Quwain,25.5654,55.5515,04:18,12:24,15:52,19:06,20:26,2025-07-28
UAE,Umm Al Quwain,25.5654,55.5515,04:18,12:24,15:52,19:05,20:25,2025-07-29
UAE,Umm Al Quwain,25.5654,55.5515,04:19,12:24,15:52,19:05,20:24,2025-07-30
UAE,Umm Al Quwain,25.5654,55.5515,04:20,12:24,15:52,19:04,20:23,2025-07-31
UAE,Umm Al Quwain,25.5654,55.5515,04:20,12:24,15:52,19:03,20:23,2025-08-01
UAE,Umm Al Quwain,25.5654,55.5515,04:21,12:24,15:52,19:03,20:22,2025-08-02
UAE,Umm Al Quwain,25.5654,55.5515,04:22,12:24,15:52,19:02,20:21,2025-08-03
UAE,Umm Al Quwain,25.5654,55.5515,04:23,12:24,15:52,19:02,20:20,2025-08-04
UAE,Umm Al Quwain,25.5654,55.5515,04:23,12:24,15:52,19:01,20:19,2025-08-05
UAE,Umm Al Quwain,25.5654,55.5515,04:24,12:24,15:52,19:00,20:18,2025-08-06
UAE,Umm Al Quwain,25.5654,55.5515,04:25,12:24,15:52,18:59,20:17,2025-08-07
UAE,Umm Al Quwain,25.5654,55.5515,04:25,12:23,15:52,18:59,20:16,2025-08-08
UAE,Umm Al Quwain,25.5654,55.5515,04:26,12:23,15:52,18:58,20:16,2025-08-09
UAE,Umm Al Quwain,25.5654,55.5515,04:27,12:23,15:52,18:57,20:15,2025-08-10
UAE,Umm Al Quwain,25.5654,55.5515,04:27,12:23,15:52,18:56,20:14,2025-08-11
UAE,Umm Al Quwain,25.5654,55.5515,04:28,12:23,15:52,18:56,20:13,2025-08-12
UAE,Umm Al Quwain,25.5654,55.5515,04:29,12:23,15:52,18:55,20:12,2025-08-13
UAE,Umm Al Quwain,25.5654,55.5515,04:29,12:22,15:52,18:54,20:11,2025-08-14
UAE,Umm Al Quwain,25.5654,55.5515,04:30,12:22,15:52,18:53,20:10,2025-08-15
UAE,Umm Al Quwain,25.5654,55.5515,04:31,12:22,15:52,18:52,20:09,2025-08-16
UAE,Umm Al Quwain,25.5654,55.5515,04:31,12:22,15:51,18:51,20:07,2025-08-17
UAE,Umm Al Quwain,25.5654,55.5515,04:32,12:22,15:51,18:50,20:06,2025-08-18
UAE,Umm Al Quwain,25.5654,55.5515,04:32,12:21,15:51,18:50,20:05,2025-08-19
UAE,Umm Al Quwain,25.5654,55.5515,04:33,12:21,15:51,18:49,20:04,2025-08-20
UAE,Umm Al Quwain,25.5654,55.5515,04:34,12:21,15:51,18:48,20:03,2025-08-21
UAE,Umm Al Quwain,25.5654,55.5515,04:34,12:21,15:50,18:47,20:02,2025-08-22
UAE,Umm Al Quwain,25.5654,55.5515,04:35,12:20,15:50,18:46,20:01,2025-08-23
UAE,Umm Al Quwain,25.5654,55.5515,04:35,12:20,15:50,18:45,20:00,2025-08-24
UAE,Umm Al Quwain,25.5654,55.5515,04:36,12:20,15:50,18:44,19:59,2025-08-25
UAE,Umm Al Quwain,25.5654,55.5515,04:37,12:19,15:49,18:43,19:58,2025-08-26
UAE,Umm Al Quwain,25.5654,55.5515,04:37,12:19,15:49,18:42,19:56,2025-08-27
UAE,Umm Al Quwain,25.5654,55.5515,04:38,12:19,15:49,18:41,19:55,2025-08-28
UAE,Umm Al Quwain,25.5654,55.5515,04:38,12:19,15:48,18:40,19:54,2025-08-29
UAE,Umm Al Quwain,25.5654,55.5515,04:39,12:18,15:48,18:39,19:53,2025-08-30
UAE,Umm Al Quwain,25.5654,55.5515,04:39,12:18,15:48,18:38,19:52,2025-08-31
UAE,Umm Al Quwain,25.5654,55.5515,04:40,12:18,15:47,18:37,19:51,2025-09-01
UAE,Umm Al Quwain,25.5654,55.5515,04:41,12:17,15:47,18:36,19:49,2025-09-02
UAE,Umm Al Quwain,25.5654,55.5515,04:41,12:17,15:47,18:35,19:48,2025-09-03
UAE,Umm Al Quwain,25.5654,55.5515,04:42,12:17,15:46,18:34,19:47,2025-09-04
UAE,Umm Al Quwain,25.5654,55.5515,04:42,12:16,15:46,18:33,19:46,2025-09-05
UAE,Umm Al Quwain,25.5654,55.5515,04:43,12:16,15:45,18:32,19:45,2025-09-06
UAE,Umm Al Quwain,25.5654,55.5515,04:43,12:16,15:45,18:31,19:44,2025-09-07
UAE,Umm Al Quwain,25.5654,55.5515,04:44,12:15,15:44,18:29,19:42,2025-09-08
UAE,Umm Al Quwain,25.5654,55.5515,04:44,12:15,15:44,18:28,19:41,2025-09-09
UAE,Umm Al Quwain,25.5654,55.5515,04:45,12:15,15:43,18:27,19:40,2025-09-10
UAE,Umm Al Quwain,25.5654,55.5515,04:45,12:14,15:43,18:26,19:39,2025-09-11
UAE,Umm Al Quwain,25.5654,55.5515,04:46,12:14,15:42,18:25,19:38,2025-09-12
UAE,Umm Al Quwain,25.5654,55.5515,04:46,12:14,15:42,18:24,19:37,2025-09-13
UAE,Umm Al Quwain,25.5654,55.5515,04:47,12:13,15:41,18:23,19:35,2025-09-14
UAE,Umm Al Quwain,25.5654,55.5515,04:47,12:13,15:41,18:22,19:34,2025-09-15
UAE,Umm Al Quwain,25.5654,55.5515,04:47,12:12,15:40,18:21,19:33,2025-09-16
UAE,Umm Al Quwain,25.5654,55.5515,04:48,12:12,15:40,18:20,19:32,2025-09-17
UAE,Umm Al Quwain,25.5654,55.5515,04:48,12:12,15:39,18:19,19:31,2025-09-18
UAE,Umm Al Quwain,25.5654,55.5515,04:49,12:11,15:39,18:17,19:30,2025-09-19
UAE,Umm Al Quwain,25.5654,55.5515,04:49,12:11,15:38,18:16,19:28,2025-09-20
UAE,Umm Al Quwain,25.5654,55.5515,04:50,12:11,15:37,18:15,19:27,2025-09-21
UAE,Umm Al Quwain,25.5654,55.5515,04:50,12:10,15:37,18:14,19:26,2025-09-22
UAE,Umm Al Quwain,25.5654,55.5515,04:51,12:10,15:36,18:13,19:25,2025-09-23
UAE,Umm Al Quwain,25.5654,55.5515,04:51,12:10,15:36,18:12,19:24,2025-09-24
UAE,Umm Al Quwain,25.5654,55.5515,04:51,12:09,15:35,18:11,19:23,2025-09-25
UAE,Umm Al Quwain,25.5654,55.5515,04:52,12:09,15:34,18:10,19:22,2025-09-26
UAE,Umm Al Quwain,25.5654,55.5515,04:52,12:09,15:34,18:09,19:20,2025-09-27
UAE,Umm Al Quwain,25.5654,55.5515,04:53,12:08,15:33,18:08,19:19,2025-09-28
UAE,Umm Al Quwain,25.5654,55.5515,04:53,12:08,15:32,18:07,19:18,2025-09-29
UAE,Umm Al Quwain,25.5654,55.5515,04:54,12:08,15:32,18:05,19:17,2025-09-30
UAE,Umm Al Quwain,25.5654,55.5515,04:54,12:07,15:31,18:04,19:16,2025-10-01
UAE,Umm Al Quwain,25.5654,55.5515,04:54,12:07,15:31,18:03,19:15,2025-10-02
UAE,Umm Al Quwain,25.5654,55.5515,04:55,12:07,15:30,18:02,19:14,2025-10-03
UAE,Umm Al Quwain,25.5654,55.5515,04:55,12:06,15:29,18:01,19:13,2025-10-04
UAE,Umm Al Quwain,25.5654,55.5515,04:56,12:06,15:29,18:00,19:12,2025-10-05
UAE,Umm Al Quwain,25.5654,55.5515,04:56,12:06,15:28,17:59,19:11,2025-10-06
UAE,Umm Al Quwain,25.5654,55.5515,04:57,12:05,15:27,17:58,19:10,2025-10-07
UAE,Umm Al Quwain,25.5654,55.5515,04:57,12:05,15:27,17:57,19:09,2025-10-08
UAE,Umm Al Quwain,25.5654,55.5515,04:57,12:05,15:26,17:56,19:08,2025-10-09
UAE,Umm Al Quwain,25.5654,55.5515,04:58,12:05,15:25,17:55,19:07,2025-10-10
UAE,Umm Al Quwain,25.5654,55.5515,04:58,12:04,15:25,17:54,19:06,2025-10-11
UAE,Umm Al Quwain,25.5654,55.5515,04:59,12:04,15:24,17:53,19:05,2025-10-12
UAE,Umm Al Quwain,25.5654,55.5515,04:59,12:04,15:24,17:52,19:04,2025-10-13
UAE,Umm Al Quwain,25.5654,55.5515,05:00,12:04,15:23,17:51,19:03,2025-10-14
UAE,Umm Al Quwain,25.5654,55.5515,05:00,12:03,15:22,17:50,19:02,2025-10-15
UAE,Umm Al Quwain,25.5654,55.5515,05:01,12:03,15:22,17:49,19:01,2025-10-16
UAE,Umm Al Quwain,25.5654,55.5515,05:01,12:03,15:21,17:48,19:01,2025-10-17
UAE,Umm Al Quwain,25.5654,55.5515,05:02,12:03,15:20,17:48,19:00,2025-10-18
UAE,Umm Al Quwain,25.5654,55.5515,05:02,12:03,15:20,17:47,18:59,2025-10-19
UAE,Umm Al Quwain,25.5654,55.5515,05:02,12:03,15:19,17:46,18:58,2025-10-20
UAE,Umm Al Quwain,25.5654,55.5515,05:03,12:02,15:19,17:45,18:57,2025-10-21
UAE,Umm Al Quwain,25.5654,55.5515,05:03,12:02,15:18,17:44,18:57,2025-10-22
UAE,Umm Al Quwain,25.5654,55.5515,05:04,12:02,15:18,17:43,18:56,2025-10-23
UAE,Umm Al Quwain,25.5654,55.5515,05:04,12:02,15:17,17:42,18:55,2025-10-24
UAE,Umm Al Quwain,25.5654,55.5515,05:05,12:02,15:16,17:42,18:54,2025-10-25
UAE,Umm Al Quwain,25.5654,55.5515,05:05,12:02,15:16,17:41,18:54,2025-10-26
UAE,Umm Al Quwain,25.5654,55.5515,05:06,12:02,15:15,17:40,18:53,2025-10-27
UAE,Umm Al Quwain,25.5654,55.5515,05:06,12:02,15:15,17:39,18:52,2025-10-28
UAE,Umm Al Quwain,25.5654,55.5515,05:07,12:01,15:14,17:39,18:52,2025-10-29
UAE,Umm Al Quwain,25.5654,55.5515,05:07,12:01,15:14,17:38,18:51,2025-10-30
UAE,Umm Al Quwain,25.5654,55.5515,05:08,12:01,15:13,17:37,18:50,2025-10-31
UAE,Umm Al Quwain,25.5654,55.5515,05:08,12:01,15:13,17:36,18:50,2025-11-01
UAE,Umm Al Quwain,25.5654,55.5515,05:09,12:01,15:12,17:36,18:49,2025-11-02
UAE,Umm Al Quwain,25.5654,55.5515,05:09,12:01,15:12,17:35,18:49,2025-11-03
UAE,Umm Al Quwain,25.5654,55.5515,05:10,12:01,15:11,17:35,18:48,2025-11-04
UAE,Umm Al Quwain,25.5654,55.5515,05:11,12:01,15:11,17:34,18:48,2025-11-05
UAE,Umm Al Quwain,25.5654,55.5515,05:11,12:01,15:11,17:33,18:47,2025-11-06
UAE,Umm Al Quwain,25.5654,55.5515,05:12,12:01,15:10,17:33,18:47,2025-11-07
UAE,Umm Al Quwain,25.5654,55.5515,05:12,12:02,15:10,17:32,18:46,2025-11-08
UAE,Umm Al Quwain,25.5654,55.5515,05:13,12:02,15:10,17:32,18:46,2025-11-09
UAE,Umm Al Quwain,25.5654,55.5515,05:13,12:02,15:09,17:31,18:46,2025-11-10
UAE,Umm Al Quwain,25.5654,55.5515,05:14,12:02,15:09,17:31,18:45,2025-11-11
UAE,Umm Al Quwain,25.5654,55.5515,05:15,12:02,15:09,17:30,18:45,2025-11-12
UAE,Umm Al Quwain,25.5654,55.5515,05:15,12:02,15:08,17:30,18:45,2025-11-13
UAE,Umm Al Quwain,25.5654,55.5515,05:16,12:02,15:08,17:30,18:44,2025-11-14
UAE,Umm Al Quwain,25.5654,55.5515,05:16,12:02,15:08,17:29,18:44,2025-11-15
UAE,Umm Al Quwain,25.5654,55.5515,05:17,12:03,15:08,17:29,18:44,2025-11-16
UAE,Umm Al Quwain,25.5654,55.5515,05:17,12:03,15:07,17:29,18:44,2025-11-17
UAE,Umm Al Quwain,25.5654,55.5515,05:18,12:03,15:07,17:28,18:43,2025-11-18
UAE,Umm Al Quwain,25.5654,55.5515,05:19,12:03,15:07,17:28,18:43,2025-11-19
UAE,Umm Al Quwain,25.5654,55.5515,05:19,12:03,15:07,17:28,18:43,2025-11-20
UAE,Umm Al Quwain,25.5654,55.5515,05:20,12:04,15:07,17:28,18:43,2025-11-21
UAE,Umm Al Quwain,25.5654,55.5515,05:21,12:04,15:07,17:27,18:43,2025-11-22
UAE,Umm Al Quwain,25.5654,55.5515,05:21,12:04,15:07,17:27,18:43,2025-11-23
UAE,Umm Al Quwain,25.5654,55.5515,05:22,12:05,15:06,17:27,18:43,2025-11-24
UAE,Umm Al Quwain,25.5654,55.5515,05:22,12:05,15:06,17:27,18:43,2025-11-25
UAE,Umm Al Quwain,25.5654,55.5515,05:23,12:05,15:06,17:27,18:43,2025-11-26
UAE,Umm Al Quwain,25.5654,55.5515,05:24,12:06,15:06,17:27,18:43,2025-11-27
UAE,Umm Al Quwain,25.5654,55.5515,05:24,12:06,15:06,17:27,18:43,2025-11-28
UAE,Umm Al Quwain,25.5654,55.5515,05:25,12:06,15:07,17:27,18:43,2025-11-29
UAE,Umm Al Quwain,25.5654,55.5515,05:26,12:07,15:07,17:27,18:43,2025-11-30
UAE,Umm Al Quwain,25.5654,55.5515,05:26,12:07,15:07,17:27,18:43,2025-12-01
UAE,Umm Al Quwain,25.5654,55.5515,05:27,12:07,15:07,17:27,18:43,2025-12-02
UAE,Umm Al Quwain,25.5654,55.5515,05:27,12:08,15:07,17:27,18:43,2025-12-03
UAE,Umm Al Quwain,25.5654,55.5515,05:28,12:08,15:07,17:27,18:44,2025-12-04
UAE,Umm Al Quwain,25.5654,55.5515,05:29,12:09,15:07,17:27,18:44,2025-12-05
UAE,Umm Al Quwain,25.5654,55.5515,05:29,12:09,15:07,17:27,18:44,2025-12-06
UAE,Umm Al Quwain,25.5654,55.5515,05:30,12:09,15:08,17:27,18:44,2025-12-07
UAE,Umm Al Quwain,25.5654,55.5515,05:31,12:10,15:08,17:28,18:44,2025-12-08
UAE,Umm Al Quwain,25.5654,55.5515,05:31,12:10,15:08,17:28,18:45,2025-12-09
UAE,Umm Al Quwain,25.5654,55.5515,05:32,12:11,15:08,17:28,18:45,2025-12-10
UAE,Umm Al Quwain,25.5654,55.5515,05:32,12:11,15:09,17:28,18:45,2025-12-11
UAE,Umm Al Quwain,25.5654,55.5515,05:33,12:12,15:09,17:29,18:46,2025-12-12
UAE,Umm Al Quwain,25.5654,55.5515,05:34,12:12,15:09,17:29,18:46,2025-12-13
UAE,Umm Al Quwain,25.5654,55.5515,05:34,12:13,15:10,17:29,18:46,2025-12-14
UAE,Umm Al Quwain,25.5654,55.5515,05:35,12:13,15:10,17:30,18:47,2025-12-15
UAE,Umm Al Quwain,25.5654,55.5515,05:35,12:14,15:11,17:30,18:47,2025-12-16
UAE,Umm Al Quwain,25.5654,55.5515,05:36,12:14,15:11,17:30,18:48,2025-12-17
UAE,Umm Al Quwain,25.5654,55.5515,05:36,12:15,15:11,17:31,18:48,2025-12-18
UAE,Umm Al Quwain,25.5654,55.5515,05:37,12:15,15:12,17:31,18:49,2025-12-19
UAE,Umm Al Quwain,25.5654,55.5515,05:37,12:16,15:12,17:32,18:49,2025-12-20
UAE,Umm Al Quwain,25.5654,55.5515,05:38,12:16,15:13,17:32,18:50,2025-12-21
UAE,Umm Al Quwain,25.5654,55.5515,05:38,12:17,15:13,17:33,18:50,2025-12-22
UAE,Umm Al Quwain,25.5654,55.5515,05:39,12:17,15:14,17:33,18:51,2025-12-23
UAE,Umm Al Quwain,25.5654,55.5515,05:39,12:18,15:14,17:34,18:51,2025-12-24
UAE,Umm Al Quwain,25.5654,55.5515,05:40,12:18,15:15,17:34,18:52,2025-12-25
UAE,Umm Al Quwain,25.5654,55.5515,05:40,12:19,15:16,17:35,18:52,2025-12-26
UAE,Umm Al Quwain,25.5654,55.5515,05:41,12:19,15:16,17:36,18:53,2025-12-27
UAE,Umm Al Quwain,25.5654,55.5515,05:41,12:20,15:17,17:36,18:53,2025-12-28
UAE,Umm Al Quwain,25.5654,55.5515,05:41,12:20,15:17,17:37,18:54,2025-12-29
UAE,Umm Al Quwain,25.5654,55.5515,05:42,12:20,15:18,17:37,18:55,2025-12-30
UAE,Umm Al Quwain,25.5654,55.5515,05:42,12:21,15:19,17:38,18:55,2025-12-31
UAE,Ras Al Khaimah,25.8007,55.9762,05:41,12:20,15:17,17:37,18:54,2025-01-01
UAE,Ras Al Khaimah,25.8007,55.9762,05:41,12:20,15:18,17:37,18:55,2025-01-02
UAE,Ras Al Khaimah,25.8007,55.9762,05:42,12:21,15:18,17:38,18:55,2025-01-03
UAE,Ras Al Khaimah,25.8007,55.9762,05:42,12:21,15:19,17:39,18:56,2025-01-04
UAE,Ras Al Khaimah,25.8007,55.9762,05:42,12:22,15:20,17:39,18:56,2025-01-05
UAE,Ras Al Khaimah,25.8007,55.9762,05:43,12:22,15:20,17:40,18:57,2025-01-06
UAE,Ras Al Khaimah,25.8007,55.9762,05:43,12:23,15:21,17:41,18:58,2025-01-07
UAE,Ras Al Khaimah,25.8007,55.9762,05:43,12:23,15:22,17:42,18:58,2025-01-08
UAE,Ras Al Khaimah,25.8007,55.9762,05:43,12:23,15:23,17:42,18:59,2025-01-09
UAE,Ras Al Khaimah,25.8007,55.9762,05:43,12:24,15:23,17:43,19:00,2025-01-10
UAE,Ras Al Khaimah,25.8007,55.9762,05:43,12:24,15:24,17:44,19:00,2025-01-11
UAE,Ras Al Khaimah,25.8007,55.9762,05:43,12:25,15:25,17:45,19:01,2025-01-12
UAE,Ras Al Khaimah,25.8007,55.9762,05:44,12:25,15:25,17:45,19:02,2025-01-13
UAE,Ras Al Khaimah,25.8007,55.9762,05:44,12:25,15:26,17:46,19:02,2025-01-14
UAE,Ras Al Khaimah,25.8007,55.9762,05:44,12:26,15:27,17:47,19:03,2025-01-15
UAE,Ras Al Khaimah,25.8007,55.9762,05:44,12:26,15:27,17:48,19:04,2025-01-16
UAE,Ras Al Khaimah,25.8007,55.9762,05:44,12:26,15:28,17:48,19:04,2025-01-17
UAE,Ras Al Khaimah,25.8007,55.9762,05:44,12:27,15:29,17:49,19:05,2025-01-18
UAE,Ras Al Khaimah,25.8007,55.9762,05:44,12:27,15:29,17:50,19:06,2025-01-19
UAE,Ras Al Khaimah,25.8007,55.9762,05:44,12:27,15:30,17:51,19:06,2025-01-20
UAE,Ras Al Khaimah,25.8007,55.9762,05:43,12:28,15:31,17:52,19:07,2025-01-21
UAE,Ras Al Khaimah,25.8007,55.9762,05:43,12:28,15:31,17:52,19:08,2025-01-22
UAE,Ras Al Khaimah,25.8007,55.9762,05:43,12:28,15:32,17:53,19:08,2025-01-23
UAE,Ras Al Khaimah,25.8007,55.9762,05:43,12:28,15:33,17:54,19:09,2025-01-24
UAE,Ras Al Khaimah,25.8007,55.9762,05:43,12:28,15:33,17:55,19:10,2025-01-25
UAE,Ras Al Khaimah,25.8007,55.9762,05:43,12:29,15:34,17:55,19:10,2025-01-26
UAE,Ras Al Khaimah,25.8007,55.9762,05:42,12:29,15:35,17:56,19:11,2025-01-27
UAE,Ras Al Khaimah,25.8007,55.9762,05:42,12:29,15:35,17:57,19:12,2025-01-28
UAE,Ras Al Khaimah,25.8007,55.9762,05:42,12:29,15:36,17:58,19:12,2025-01-29
UAE,Ras Al Khaimah,25.8007,55.9762,05:41,12:29,15:36,17:58,19:13,2025-01-30
UAE,Ras Al Khaimah,25.8007,55.9762,05:41,12:30,15:37,17:59,19:13,2025-01-31
UAE,Ras Al Khaimah,25.8007,55.9762,05:41,12:30,15:38,18:00,19:14,2025-02-01
UAE,Ras Al Khaimah,25.8007,55.9762,05:40,12:30,15:38,18:01,19:15,2025-02-02
UAE,Ras Al Khaimah,25.8007,55.9762,05:40,12:30,15:39,18:01,19:15,2025-02-03
UAE,Ras Al Khaimah,25.8007,55.9762,05:40,12:30,15:39,18:02,19:16,2025-02-04
UAE,Ras Al Khaimah,25.8007,55.9762,05:39,12:30,15:40,18:03,19:17,2025-02-05
UAE,Ras Al Khaimah,25.8007,55.9762,05:39,12:30,15:40,18:03,19:17,2025-02-06
UAE,Ras Al Khaimah,25.8007,55.9762,05:38,12:30,15:41,18:04,19:18,2025-02-07
UAE,Ras Al Khaimah,25.8007,55.9762,05:38,12:30,15:41,18:05,19:18,2025-02-08
UAE,Ras Al Khaimah,25.8007,55.9762,05:37,12:30,15:42,18:06,19:19,2025-02-09
UAE,Ras Al Khaimah,25.8007,55.9762,05:37,12:30,15:42,18:06,19:20,2025-02-10
UAE,Ras Al Khaimah,25.8007,55.9762,05:36,12:30,15:43,18:07,19:20,2025-02-11
UAE,Ras Al Khaimah,25.8007,55.9762,05:35,12:30,15:43,18:08,19:21,2025-02-12
UAE,Ras Al Khaimah,25.8007,55.9762,05:35,12:30,15:44,18:08,19:21,2025-02-13
UAE,Ras Al Khaimah,25.8007,55.9762,05:34,12:30,15:44,18:09,19:22,2025-02-14
UAE,Ras Al Khaimah,25.8007,55.9762,05:33,12:30,15:44,18:09,19:22,2025-02-15
UAE,Ras Al Khaimah,25.8007,55.9762,05:33,12:30,15:45,18:10,19:23,2025-02-16
UAE,Ras Al Khaimah,25.8007,55.9762,05:32,12:30,15:45,18:11,19:24,2025-02-17
UAE,Ras Al Khaimah,25.8007,55.9762,05:31,12:30,15:46,18:11,19:24,2025-02-18
UAE,Ras Al Khaimah,25.8007,55.9762,05:31,12:30,15:46,18:12,19:25,2025-02-19
UAE,Ras Al Khaimah,25.8007,55.9762,05:30,12:30,15:46,18:13,19:25,2025-02-20
UAE,Ras Al Khaimah,25.8007,55.9762,05:29,12:30,15:47,18:13,19:26,2025-02-21
UAE,Ras Al Khaimah,25.8007,55.9762,05:28,12:30,15:47,18:14,19:26,2025-02-22
UAE,Ras Al Khaimah,25.8007,55.9762,05:28,12:29,15:47,18:14,19:27,2025-02-23
UAE,Ras Al Khaimah,25.8007,55.9762,05:27,12:29,15:47,18:15,19:27,2025-02-24
UAE,Ras Al Khaimah,25.8007,55.9762,05:26,12:29,15:48,18:16,19:28,2025-02-25
UAE,Ras Al Khaimah,25.8007,55.9762,05:25,12:29,15:48,18:16,19:28,2025-02-26
UAE,Ras Al Khaimah,25.8007,55.9762,05:24,12:29,15:48,18:17,19:29,2025-02-27
UAE,Ras Al Khaimah,25.8007,55.9762,05:23,12:29,15:48,18:17,19:29,2025-02-28
UAE,Ras Al Khaimah,25.8007,55.9762,05:22,12:28,15:49,18:18,19:30,2025-03-01
UAE,Ras Al Khaimah,25.8007,55.9762,05:21,12:28,15:49,18:18,19:30,2025-03-02
UAE,Ras Al Khaimah,25.8007,55.9762,05:21,12:28,15:49,18:19,19:31,2025-03-03
UAE,Ras Al Khaimah,25.8007,55.9762,05:20,12:28,15:49,18:19,19:31,2025-03-04
UAE,Ras Al Khaimah,25.8007,55.9762,05:19,12:27,15:49,18:20,19:32,2025-03-05
UAE,Ras Al Khaimah,25.8007,55.9762,05:18,12:27,15:49,18:20,19:32,2025-03-06
UAE,Ras Al Khaimah,25.8007,55.9762,05:17,12:27,15:50,18:21,19:33,2025-03-07
UAE,Ras Al Khaimah,25.8007,55.9762,05:16,12:27,15:50,18:22,19:33,2025-03-08
UAE,Ras Al Khaimah,25.8007,55.9762,05:15,12:27,15:50,18:22,19:34,2025-03-09
UAE,Ras Al Khaimah,25.8007,55.9762,05:14,12:26,15:50,18:23,19:34,2025-03-10
UAE,Ras Al Khaimah,25.8007,55.9762,05:13,12:26,15:50,18:23,19:35,2025-03-11
UAE,Ras Al Khaimah,25.8007,55.9762,05:12,12:26,15:50,18:24,19:35,2025-03-12
UAE,Ras Al Khaimah,25.8007,55.9762,05:11,12:25,15:50,18:24,19:36,2025-03-13
UAE,Ras Al Khaimah,25.8007,55.9762,05:09,12:25,15:50,18:25,19:36,2025-03-14
UAE,Ras Al Khaimah,25.8007,55.9762,05:08,12:25,15:50,18:25,19:37,2025-03-15
UAE,Ras Al Khaimah,25.8007,55.9762,05:07,12:25,15:50,18:25,19:37,2025-03-16
UAE,Ras Al Khaimah,25.8007,55.9762,05:06,12:24,15:50,18:26,19:38,2025-03-17
UAE,Ras Al Khaimah,25.8007,55.9762,05:05,12:24,15:50,18:26,19:38,2025-03-18
UAE,Ras Al Khaimah,25.8007,55.9762,05:04,12:24,15:50,18:27,19:39,2025-03-19
UAE,Ras Al Khaimah,25.8007,55.9762,05:03,12:23,15:50,18:27,19:39,2025-03-20
UAE,Ras Al Khaimah,25.8007,55.9762,05:02,12:23,15:50,18:28,19:40,2025-03-21
UAE,Ras Al Khaimah,25.8007,55.9762,05:01,12:23,15:50,18:28,19:41,2025-03-22
UAE,Ras Al Khaimah,25.8007,55.9762,05:00,12:23,15:50,18:29,19:41,2025-03-23
UAE,Ras Al Khaimah,25.8007,55.9762,04:58,12:22,15:50,18:29,19:42,2025-03-24
UAE,Ras Al Khaimah,25.8007,55.9762,04:57,12:22,15:50,18:30,19:42,2025-03-25
UAE,Ras Al Khaimah,25.8007,55.9762,04:56,12:22,15:50,18:30,19:43,2025-03-26
UAE,Ras Al Khaimah,25.8007,55.9762,04:55,12:21,15:49,18:31,19:43,2025-03-27
UAE,Ras Al Khaimah,25.8007,55.9762,04:54,12:21,15:49,18:31,19:44,2025-03-28
UAE,Ras Al Khaimah,25.8007,55.9762,04:53,12:21,15:49,18:32,19:44,2025-03-29
UAE,Ras Al Khaimah,25.8007,55.9762,04:52,12:20,15:49,18:32,19:45,2025-03-30
UAE,Ras Al Khaimah,25.8007,55.9762,04:50,12:20,15:49,18:32,19:45,2025-03-31
UAE,Ras Al Khaimah,25.8007,55.9762,04:49,12:20,15:49,18:33,19:46,2025-04-01
UAE,Ras Al Khaimah,25.8007,55.9762,04:48,12:20,15:49,18:33,19:46,2025-04-02
UAE,Ras Al Khaimah,25.8007,55.9762,04:47,12:19,15:49,18:34,19:47,2025-04-03
UAE,Ras Al Khaimah,25.8007,55.9762,04:46,12:19,15:48,18:34,19:48,2025-04-04
UAE,Ras Al Khaimah,25.8007,55.9762,04:45,12:19,15:48,18:35,19:48,2025-04-05
UAE,Ras Al Khaimah,25.8007,55.9762,04:43,12:18,15:48,18:35,19:49,2025-04-06
UAE,Ras Al Khaimah,25.8007,55.9762,04:42,12:18,15:48,18:36,19:49,2025-04-07
UAE,Ras Al Khaimah,25.8007,55.9762,04:41,12:18,15:48,18:36,19:50,2025-04-08
UAE,Ras Al Khaimah,25.8007,55.9762,04:40,12:18,15:47,18:37,19:50,2025-04-09
UAE,Ras Al Khaimah,25.8007,55.9762,04:39,12:17,15:47,18:37,19:51,2025-04-10
UAE,Ras Al Khaimah,25.8007,55.9762,04:38,12:17,15:47,18:38,19:52,2025-04-11
UAE,Ras Al Khaimah,25.8007,55.9762,04:37,12:17,15:47,18:38,19:52,2025-04-12
UAE,Ras Al Khaimah,25.8007,55.9762,04:35,12:17,15:47,18:38,19:53,2025-04-13
UAE,Ras Al Khaimah,25.8007,55.9762,04:34,12:16,15:46,18:39,19:54,2025-04-14
UAE,Ras Al Khaimah,25.8007,55.9762,04:33,12:16,15:46,18:39,19:54,2025-04-15
UAE,Ras Al Khaimah,25.8007,55.9762,04:32,12:16,15:46,18:40,19:55,2025-04-16
UAE,Ras Al Khaimah,25.8007,55.9762,04:31,12:16,15:46,18:40,19:55,2025-04-17
UAE,Ras Al Khaimah,25.8007,55.9762,04:30,12:15,15:46,18:41,19:56,2025-04-18
UAE,Ras Al Khaimah,25.8007,55.9762,04:29,12:15,15:45,18:41,19:57,2025-04-19
UAE,Ras Al Khaimah,25.8007,55.9762,04:28,12:15,15:45,18:42,19:57,2025-04-20
UAE,Ras Al Khaimah,25.8007,55.9762,04:27,12:15,15:45,18:42,19:58,2025-04-21
UAE,Ras Al Khaimah,25.8007,55.9762,04:25,12:15,15:45,18:43,19:59,2025-04-22
UAE,Ras Al Khaimah,25.8007,55.9762,04:24,12:14,15:44,18:43,19:59,2025-04-23
UAE,Ras Al Khaimah,25.8007,55.9762,04:23,12:14,15:44,18:44,20:00,2025-04-24
UAE,Ras Al Khaimah,25.8007,55.9762,04:22,12:14,15:44,18:44,20:01,2025-04-25
UAE,Ras Al Khaimah,25.8007,55.9762,04:21,12:14,15:44,18:45,20:01,2025-04-26
UAE,Ras Al Khaimah,25.8007,55.9762,04:20,12:14,15:44,18:45,20:02,2025-04-27
UAE,Ras Al Khaimah,25.8007,55.9762,04:19,12:14,15:43,18:46,20:03,2025-04-28
UAE,Ras Al Khaimah,25.8007,55.9762,04:18,12:13,15:43,18:46,20:04,2025-04-29
UAE,Ras Al Khaimah,25.8007,55.9762,04:17,12:13,15:43,18:47,20:04,2025-04-30
UAE,Ras Al Khaimah,25.8007,55.9762,04:16,12:13,15:43,18:47,20:05,2025-05-01
UAE,Ras Al Khaimah,25.8007,55.9762,04:15,12:13,15:43,18:48,20:06,2025-05-02
UAE,Ras Al Khaimah,25.8007,55.9762,04:14,12:13,15:42,18:48,20:06,2025-05-03
UAE,Ras Al Khaimah,25.8007,55.9762,04:14,12:13,15:42,18:49,20:07,2025-05-04
UAE,Ras Al Khaimah,25.8007,55.9762,04:13,12:13,15:42,18:50,20:08,2025-05-05
UAE,Ras Al Khaimah,25.8007,55.9762,04:12,12:13,15:42,18:50,20:09,2025-05-06
UAE,Ras Al Khaimah,25.8007,55.9762,04:11,12:13,15:42,18:51,20:09,2025-05-07
UAE,Ras Al Khaimah,25.8007,55.9762,04:10,12:13,15:41,18:51,20:10,2025-05-08
UAE,Ras Al Khaimah,25.8007,55.9762,04:09,12:13,15:41,18:52,20:11,2025-05-09
UAE,Ras Al Khaimah,25.8007,55.9762,04:08,12:13,15:41,18:52,20:12,2025-05-10
UAE,Ras Al Khaimah,25.8007,55.9762,04:08,12:12,15:41,18:53,20:12,2025-05-11
UAE,Ras Al Khaimah,25.8007,55.9762,04:07,12:12,15:41,18:53,20:13,2025-05-12
UAE,Ras Al Khaimah,25.8007,55.9762,04:06,12:12,15:41,18:54,20:14,2025-05-13
UAE,Ras Al Khaimah,25.8007,55.9762,04:05,12:12,15:40,18:54,20:14,2025-05-14
UAE,Ras Al Khaimah,25.8007,55.9762,04:05,12:12,15:40,18:55,20:15,2025-05-15
UAE,Ras Al Khaimah,25.8007,55.9762,04:04,12:12,15:40,18:55,20:16,2025-05-16
UAE,Ras Al Khaimah,25.8007,55.9762,04:03,12:13,15:40,18:56,20:17,2025-05-17
UAE,Ras Al Khaimah,25.8007,55.9762,04:02,12:13,15:40,18:56,20:17,2025-05-18
UAE,Ras Al Khaimah,25.8007,55.9762,04:02,12:13,15:40,18:57,20:18,2025-05-19
UAE,Ras Al Khaimah,25.8007,55.9762,04:01,12:13,15:40,18:57,20:19,2025-05-20
UAE,Ras Al Khaimah,25.8007,55.9762,04:01,12:13,15:40,18:58,20:20,2025-05-21
UAE,Ras Al Khaimah,25.8007,55.9762,04:00,12:13,15:40,18:59,20:20,2025-05-22
UAE,Ras Al Khaimah,25.8007,55.9762,04:00,12:13,15:40,18:59,20:21,2025-05-23
UAE,Ras Al Khaimah,25.8007,55.9762,03:59,12:13,15:39,19:00,20:22,2025-05-24
UAE,Ras Al Khaimah,25.8007,55.9762,03:59,12:13,15:39,19:00,20:22,2025-05-25
UAE,Ras Al Khaimah,25.8007,55.9762,03:58,12:13,15:39,19:01,20:23,2025-05-26
UAE,Ras Al Khaimah,25.8007,55.9762,03:58,12:13,15:39,19:01,20:24,2025-05-27
UAE,Ras Al Khaimah,25.8007,55.9762,03:57,12:13,15:39,19:02,20:24,2025-05-28
UAE,Ras Al Khaimah,25.8007,55.9762,03:57,12:14,15:39,19:02,20:25,2025-05-29
UAE,Ras Al Khaimah,25.8007,55.9762,03:56,12:14,15:39,19:03,20:26,2025-05-30
UAE,Ras Al Khaimah,25.8007,55.9762,03:56,12:14,15:39,19:03,20:26,2025-05-31
UAE,Ras Al Khaimah,25.8007,55.9762,03:56,12:14,15:39,19:03,20:27,2025-06-01
UAE,Ras Al Khaimah,25.8007,55.9762,03:55,12:14,15:39,19:04,20:27,2025-06-02
UAE,Ras Al Khaimah,25.8007,55.9762,03:55,12:14,15:40,19:04,20:28,2025-06-03
UAE,Ras Al Khaimah,25.8007,55.9762,03:55,12:15,15:40,19:05,20:28,2025-06-04
UAE,Ras Al Khaimah,25.8007,55.9762,03:55,12:15,15:40,19:05,20:29,2025-06-05
UAE,Ras Al Khaimah,25.8007,55.9762,03:55,12:15,15:40,19:06,20:30,2025-06-06
UAE,Ras Al Khaimah,25.8007,55.9762,03:54,12:15,15:40,19:06,20:30,2025-06-07
UAE,Ras Al Khaimah,25.8007,55.9762,03:54,12:15,15:40,19:07,20:31,2025-06-08
UAE,Ras Al Khaimah,25.8007,55.9762,03:54,12:15,15:40,19:07,20:31,2025-06-09
UAE,Ras Al Khaimah,25.8007,55.9762,03:54,12:16,15:40,19:07,20:32,2025-06-10
UAE,Ras Al Khaimah,25.8007,55.9762,03:54,12:16,15:40,19:08,20:32,2025-06-11
UAE,Ras Al Khaimah,25.8007,55.9762,03:54,12:16,15:40,19:08,20:32,2025-06-12
UAE,Ras Al Khaimah,25.8007,55.9762,03:54,12:16,15:41,19:08,20:33,2025-06-13
UAE,Ras Al Khaimah,25.8007,55.9762,03:54,12:16,15:41,19:09,20:33,2025-06-14
UAE,Ras Al Khaimah,25.8007,55.9762,03:54,12:17,15:41,19:09,20:34,2025-06-15
UAE,Ras Al Khaimah,25.8007,55.9762,03:54,12:17,15:41,19:09,20:34,2025-06-16
UAE,Ras Al Khaimah,25.8007,55.9762,03:54,12:17,15:41,19:10,20:34,2025-06-17
UAE,Ras Al Khaimah,25.8007,55.9762,03:55,12:17,15:41,19:10,20:34,2025-06-18
UAE,Ras Al Khaimah,25.8007,55.9762,03:55,12:18,15:42,19:10,20:35,2025-06-19
UAE,Ras Al Khaimah,25.8007,55.9762,03:55,12:18,15:42,19:10,20:35,2025-06-20
UAE,Ras Al Khaimah,25.8007,55.9762,03:55,12:18,15:42,19:11,20:35,2025-06-21
UAE,Ras Al Khaimah,25.8007,55.9762,03:55,12:18,15:42,19:11,20:35,2025-06-22
UAE,Ras Al Khaimah,25.8007,55.9762,03:56,12:18,15:43,19:11,20:36,2025-06-23
UAE,Ras Al Khaimah,25.8007,55.9762,03:56,12:19,15:43,19:11,20:36,2025-06-24
UAE,Ras Al Khaimah,25.8007,55.9762,03:56,12:19,15:43,19:11,20:36,2025-06-25
UAE,Ras Al Khaimah,25.8007,55.9762,03:57,12:19,15:43,19:11,20:36,2025-06-26
UAE,Ras Al Khaimah,25.8007,55.9762,03:57,12:19,15:44,19:11,20:36,2025-06-27
UAE,Ras Al Khaimah,25.8007,55.9762,03:57,12:19,15:44,19:12,20:36,2025-06-28
UAE,Ras Al Khaimah,25.8007,55.9762,03:58,12:20,15:44,19:12,20:36,2025-06-29
UAE,Ras Al Khaimah,25.8007,55.9762,03:58,12:20,15:44,19:12,20:36,2025-06-30
UAE,Ras Al Khaimah,25.8007,55.9762,03:59,12:20,15:45,19:12,20:36,2025-07-01
UAE,Ras Al Khaimah,25.8007,55.9762,03:59,12:20,15:45,19:12,20:36,2025-07-02
UAE,Ras Al Khaimah,25.8007,55.9762,04:00,12:20,15:45,19:12,20:36,2025-07-03
UAE,Ras Al Khaimah,25.8007,55.9762,04:00,12:21,15:45,19:12,20:36,2025-07-04
UAE,Ras Al Khaimah,25.8007,55.9762,04:01,12:21,15:46,19:12,20:35,2025-07-05
UAE,Ras Al Khaimah,25.8007,55.9762,04:01,12:21,15:46,19:12,20:35,2025-07-06
UAE,Ras Al Khaimah,25.8007,55.9762,04:02,12:21,15:46,19:11,20:35,2025-07-07
UAE,Ras Al Khaimah,25.8007,55.9762,04:02,12:21,15:46,19:11,20:35,2025-07-08
UAE,Ras Al Khaimah,25.8007,55.9762,04:03,12:21,15:47,19:11,20:35,2025-07-09
UAE,Ras Al Khaimah,25.8007,55.9762,04:03,12:22,15:47,19:11,20:34,2025-07-10
UAE,Ras Al Khaimah,25.8007,55.9762,04:04,12:22,15:47,19:11,20:34,2025-07-11
UAE,Ras Al Khaimah,25.8007,55.9762,04:05,12:22,15:47,19:11,20:34,2025-07-12
UAE,Ras Al Khaimah,25.8007,55.9762,04:05,12:22,15:48,19:10,20:33,2025-07-13
UAE,Ras Al Khaimah,25.8007,55.9762,04:06,12:22,15:48,19:10,20:33,2025-07-14
UAE,Ras Al Khaimah,25.8007,55.9762,04:06,12:22,15:48,19:10,20:32,2025-07-15
UAE,Ras Al Khaimah,25.8007,55.9762,04:07,12:22,15:48,19:10,20:32,2025-07-16
UAE,Ras Al Khaimah,25.8007,55.9762,04:08,12:22,15:49,19:09,20:32,2025-07-17
UAE,Ras Al Khaimah,25.8007,55.9762,04:08,12:22,15:49,19:09,20:31,2025-07-18
UAE,Ras Al Khaimah,25.8007,55.9762,04:09,12:22,15:49,19:09,20:30,2025-07-19
UAE,Ras Al Khaimah,25.8007,55.9762,04:10,12:23,15:49,19:08,20:30,2025-07-20
UAE,Ras Al Khaimah,25.8007,55.9762,04:10,12:23,15:49,19:08,20:29,2025-07-21
UAE,Ras Al Khaimah,25.8007,55.9762,04:11,12:23,15:50,19:07,20:29,2025-07-22
UAE,Ras Al Khaimah,25.8007,55.9762,04:12,12:23,15:50,19:07,20:28,2025-07-23
UAE,Ras Al Khaimah,25.8007,55.9762,04:13,12:23,15:50,19:07,20:27,2025-07-24
UAE,Ras Al Khaimah,25.8007,55.9762,04:13,12:23,15:50,19:06,20:27,2025-07-25
UAE,Ras Al Khaimah,25.8007,55.9762,04:14,12:23,15:50,19:06,20:26,2025-07-26
UAE,Ras Al Khaimah,25.8007,55.9762,04:15,12:23,15:50,19:05,20:25,2025-07-27
UAE,Ras Al Khaimah,25.8007,55.9762,04:15,12:23,15:51,19:05,20:25,2025-07-28
UAE,Ras Al Khaimah,25.8007,55.9762,04:16,12:23,15:51,19:04,20:24,2025-07-29
UAE,Ras Al Khaimah,25.8007,55.9762,04:17,12:23,15:51,19:03,20:23,2025-07-30
UAE,Ras Al Khaimah,25.8007,55.9762,04:17,12:22,15:51,19:03,20:22,2025-07-31
UAE,Ras Al Khaimah,25.8007,55.9762,04:18,12:22,15:51,19:02,20:22,2025-08-01
UAE,Ras Al Khaimah,25.8007,55.9762,04:19,12:22,15:51,19:02,20:21,2025-08-02
UAE,Ras Al Khaimah,25.8007,55.9762,04:20,12:22,15:51,19:01,20:20,2025-08-03
UAE,Ras Al Khaimah,25.8007,55.9762,04:20,12:22,15:51,19:00,20:19,2025-08-04
UAE,Ras Al Khaimah,25.8007,55.9762,04:21,12:22,15:51,19:00,20:18,2025-08-05
UAE,Ras Al Khaimah,25.8007,55.9762,04:22,12:22,15:51,18:59,20:17,2025-08-06
UAE,Ras Al Khaimah,25.8007,55.9762,04:22,12:22,15:51,18:58,20:16,2025-08-07
UAE,Ras Al Khaimah,25.8007,55.9762,04:23,12:22,15:51,18:57,20:15,2025-08-08
UAE,Ras Al Khaimah,25.8007,55.9762,04:24,12:22,15:51,18:57,20:14,2025-08-09
UAE,Ras Al Khaimah,25.8007,55.9762,04:24,12:21,15:51,18:56,20:13,2025-08-10
UAE,Ras Al Khaimah,25.8007,55.9762,04:25,12:21,15:51,18:55,20:12,2025-08-11
UAE,Ras Al Khaimah,25.8007,55.9762,04:26,12:21,15:51,18:54,20:11,2025-08-12
UAE,Ras Al Khaimah,25.8007,55.9762,04:26,12:21,15:51,18:53,20:10,2025-08-13
UAE,Ras Al Khaimah,25.8007,55.9762,04:27,12:21,15:51,18:53,20:09,2025-08-14
UAE,Ras Al Khaimah,25.8007,55.9762,04:28,12:21,15:50,18:52,20:08,2025-08-15
UAE,Ras Al Khaimah,25.8007,55.9762,04:28,12:20,15:50,18:51,20:07,2025-08-16
UAE,Ras Al Khaimah,25.8007,55.9762,04:29,12:20,15:50,18:50,20:06,2025-08-17
UAE,Ras Al Khaimah,25.8007,55.9762,04:30,12:20,15:50,18:49,20:05,2025-08-18
UAE,Ras Al Khaimah,25.8007,55.9762,04:30,12:20,15:50,18:48,20:04,2025-08-19
UAE,Ras Al Khaimah,25.8007,55.9762,04:31,12:19,15:50,18:47,20:03,2025-08-20
UAE,Ras Al Khaimah,25.8007,55.9762,04:32,12:19,15:49,18:46,20:02,2025-08-21
UAE,Ras Al Khaimah,25.8007,55.9762,04:32,12:19,15:49,18:45,20:01,2025-08-22
UAE,Ras Al Khaimah,25.8007,55.9762,04:33,12:19,15:49,18:44,20:00,2025-08-23
UAE,Ras Al Khaimah,25.8007,55.9762,04:33,12:18,15:49,18:43,19:59,2025-08-24
UAE,Ras Al Khaimah,25.8007,55.9762,04:34,12:18,15:48,18:42,19:57,2025-08-25
UAE,Ras Al Khaimah,25.8007,55.9762,04:35,12:18,15:48,18:41,19:56,2025-08-26
UAE,Ras Al Khaimah,25.8007,55.9762,04:35,12:18,15:48,18:40,19:55,2025-08-27
UAE,Ras Al Khaimah,25.8007,55.9762,04:36,12:17,15:47,18:39,19:54,2025-08-28
UAE,Ras Al Khaimah,25.8007,55.9762,04:36,12:17,15:47,18:38,19:53,2025-08-29
UAE,Ras Al Khaimah,25.8007,55.9762,04:37,12:17,15:47,18:37,19:52,2025-08-30
UAE,Ras Al Khaimah,25.8007,55.9762,04:37,12:16,15:46,18:36,19:50,2025-08-31
UAE,Ras Al Khaimah,25.8007,55.9762,04:38,12:16,15:46,18:35,19:49,2025-09-01
UAE,Ras Al Khaimah,25.8007,55.9762,04:38,12:16,15:46,18:34,19:48,2025-09-02
UAE,Ras Al Khaimah,25.8007,55.9762,04:39,12:15,15:45,18:33,19:47,2025-09-03
UAE,Ras Al Khaimah,25.8007,55.9762,04:40,12:15,15:45,18:32,19:46,2025-09-04
UAE,Ras Al Khaimah,25.8007,55.9762,04:40,12:15,15:44,18:31,19:45,2025-09-05
UAE,Ras Al Khaimah,25.8007,55.9762,04:41,12:14,15:44,18:30,19:43,2025-09-06
UAE,Ras Al Khaimah,25.8007,55.9762,04:41,12:14,15:43,18:29,19:42,2025-09-07
UAE,Ras Al Khaimah,25.8007,55.9762,04:42,12:14,15:43,18:28,19:41,2025-09-08
UAE,Ras Al Khaimah,25.8007,55.9762,04:42,12:13,15:42,18:27,19:40,2025-09-09
UAE,Ras Al Khaimah,25.8007,55.9762,04:43,12:13,15:42,18:26,19:39,2025-09-10
UAE,Ras Al Khaimah,25.8007,55.9762,04:43,12:13,15:41,18:25,19:37,2025-09-11
UAE,Ras Al Khaimah,25.8007,55.9762,04:44,12:12,15:41,18:24,19:36,2025-09-12
UAE,Ras Al Khaimah,25.8007,55.9762,04:44,12:12,15:40,18:22,19:35,2025-09-13
UAE,Ras Al Khaimah,25.8007,55.9762,04:45,12:12,15:40,18:21,19:34,2025-09-14
UAE,Ras Al Khaimah,25.8007,55.9762,04:45,12:11,15:39,18:20,19:33,2025-09-15
UAE,Ras Al Khaimah,25.8007,55.9762,04:46,12:11,15:39,18:19,19:32,2025-09-16
UAE,Ras Al Khaimah,25.8007,55.9762,04:46,12:10,15:38,18:18,19:30,2025-09-17
UAE,Ras Al Khaimah,25.8007,55.9762,04:46,12:10,15:38,18:17,19:29,2025-09-18
UAE,Ras Al Khaimah,25.8007,55.9762,04:47,12:10,15:37,18:16,19:28,2025-09-19
UAE,Ras Al Khaimah,25.8007,55.9762,04:47,12:09,15:36,18:15,19:27,2025-09-20
UAE,Ras Al Khaimah,25.8007,55.9762,04:48,12:09,15:36,18:14,19:26,2025-09-21
UAE,Ras Al Khaimah,25.8007,55.9762,04:48,12:09,15:35,18:12,19:25,2025-09-22
UAE,Ras Al Khaimah,25.8007,55.9762,04:49,12:08,15:35,18:11,19:23,2025-09-23
UAE,Ras Al Khaimah,25.8007,55.9762,04:49,12:08,15:34,18:10,19:22,2025-09-24
UAE,Ras Al Khaimah,25.8007,55.9762,04:50,12:08,15:33,18:09,19:21,2025-09-25
UAE,Ras Al Khaimah,25.8007,55.9762,04:50,12:07,15:33,18:08,19:20,2025-09-26
UAE,Ras Al Khaimah,25.8007,55.9762,04:50,12:07,15:32,18:07,19:19,2025-09-27
UAE,Ras Al Khaimah,25.8007,55.9762,04:51,12:07,15:31,18:06,19:18,2025-09-28
UAE,Ras Al Khaimah,25.8007,55.9762,04:51,12:06,15:31,18:05,19:17,2025-09-29
UAE,Ras Al Khaimah,25.8007,55.9762,04:52,12:06,15:30,18:04,19:16,2025-09-30
UAE,Ras Al Khaimah,25.8007,55.9762,04:52,12:06,15:30,18:03,19:15,2025-10-01
UAE,Ras Al Khaimah,25.8007,55.9762,04:53,12:05,15:29,18:02,19:13,2025-10-02
UAE,Ras Al Khaimah,25.8007,55.9762,04:53,12:05,15:28,18:01,19:12,2025-10-03
UAE,Ras Al Khaimah,25.8007,55.9762,04:54,12:05,15:28,17:59,19:11,2025-10-04
UAE,Ras Al Khaimah,25.8007,55.9762,04:54,12:04,15:27,17:58,19:10,2025-10-05
UAE,Ras Al Khaimah,25.8007,55.9762,04:54,12:04,15:26,17:57,19:09,2025-10-06
UAE,Ras Al Khaimah,25.8007,55.9762,04:55,12:04,15:26,17:56,19:08,2025-10-07
UAE,Ras Al Khaimah,25.8007,55.9762,04:55,12:04,15:25,17:55,19:07,2025-10-08
UAE,Ras Al Khaimah,25.8007,55.9762,04:56,12:03,15:24,17:54,19:06,2025-10-09
UAE,Ras Al Khaimah,25.8007,55.9762,04:56,12:03,15:24,17:53,19:05,2025-10-10
UAE,Ras Al Khaimah,25.8007,55.9762,04:57,12:03,15:23,17:52,19:04,2025-10-11
UAE,Ras Al Khaimah,25.8007,55.9762,04:57,12:02,15:22,17:51,19:03,2025-10-12
UAE,Ras Al Khaimah,25.8007,55.9762,04:58,12:02,15:22,17:50,19:02,2025-10-13
UAE,Ras Al Khaimah,25.8007,55.9762,04:58,12:02,15:21,17:49,19:02,2025-10-14
UAE,Ras Al Khaimah,25.8007,55.9762,04:58,12:02,15:20,17:48,19:01,2025-10-15
UAE,Ras Al Khaimah,25.8007,55.9762,04:59,12:02,15:20,17:47,19:00,2025-10-16
UAE,Ras Al Khaimah,25.8007,55.9762,04:59,12:01,15:19,17:47,18:59,2025-10-17
UAE,Ras Al Khaimah,25.8007,55.9762,05:00,12:01,15:19,17:46,18:58,2025-10-18
UAE,Ras Al Khaimah,25.8007,55.9762,05:00,12:01,15:18,17:45,18:57,2025-10-19
UAE,Ras Al Khaimah,25.8007,55.9762,05:01,12:01,15:17,17:44,18:56,2025-10-20
UAE,Ras Al Khaimah,25.8007,55.9762,05:01,12:01,15:17,17:43,18:56,2025-10-21
UAE,Ras Al Khaimah,25.8007,55.9762,05:02,12:00,15:16,17:42,18:55,2025-10-22
UAE,Ras Al Khaimah,25.8007,55.9762,05:02,12:00,15:16,17:41,18:54,2025-10-23
UAE,Ras Al Khaimah,25.8007,55.9762,05:03,12:00,15:15,17:40,18:53,2025-10-24
UAE,Ras Al Khaimah,25.8007,55.9762,05:03,12:00,15:14,17:40,18:53,2025-10-25
UAE,Ras Al Khaimah,25.8007,55.9762,05:04,12:00,15:14,17:39,18:52,2025-10-26
UAE,Ras Al Khaimah,25.8007,55.9762,05:04,12:00,15:13,17:38,18:51,2025-10-27
UAE,Ras Al Khaimah,25.8007,55.9762,05:05,12:00,15:13,17:37,18:50,2025-10-28
UAE,Ras Al Khaimah,25.8007,55.9762,05:05,12:00,15:12,17:37,18:50,2025-10-29
UAE,Ras Al Khaimah,25.8007,55.9762,05:06,12:00,15:12,17:36,18:49,2025-10-30
UAE,Ras Al Khaimah,25.8007,55.9762,05:06,12:00,15:11,17:35,18:49,2025-10-31
UAE,Ras Al Khaimah,25.8007,55.9762,05:07,12:00,15:11,17:34,18:48,2025-11-01
UAE,Ras Al Khaimah,25.8007,55.9762,05:07,12:00,15:10,17:34,18:47,2025-11-02
UAE,Ras Al Khaimah,25.8007,55.9762,05:08,12:00,15:10,17:33,18:47,2025-11-03
UAE,Ras Al Khaimah,25.8007,55.9762,05:08,12:00,15:10,17:33,18:46,2025-11-04
UAE,Ras Al Khaimah,25.8007,55.9762,05:09,12:00,15:09,17:32,18:46,2025-11-05
UAE,Ras Al Khaimah,25.8007,55.9762,05:10,12:00,15:09,17:31,18:45,2025-11-06
UAE,Ras Al Khaimah,25.8007,55.9762,05:10,12:00,15:08,17:31,18:45,2025-11-07
UAE,Ras Al Khaimah,25.8007,55.9762,05:11,12:00,15:08,17:30,18:44,2025-11-08
UAE,Ras Al Khaimah,25.8007,55.9762,05:11,12:00,15:08,17:30,18:44,2025-11-09
UAE,Ras Al Khaimah,25.8007,55.9762,05:12,12:00,15:07,17:29,18:44,2025-11-10
UAE,Ras Al Khaimah,25.8007,55.9762,05:12,12:00,15:07,17:29,18:43,2025-11-11
UAE,Ras Al Khaimah,25.8007,55.9762,05:13,12:00,15:07,17:28,18:43,2025-11-12
UAE,Ras Al Khaimah,25.8007,55.9762,05:14,12:00,15:06,17:28,18:43,2025-11-13
UAE,Ras Al Khaimah,25.8007,55.9762,05:14,12:01,15:06,17:28,18:42,2025-11-14
UAE,Ras Al Khaimah,25.8007,55.9762,05:15,12:01,15:06,17:27,18:42,2025-11-15
UAE,Ras Al Khaimah,25.8007,55.9762,05:15,12:01,15:06,17:27,18:42,2025-11-16
UAE,Ras Al Khaimah,25.8007,55.9762,05:16,12:01,15:05,17:26,18:42,2025-11-17
UAE,Ras Al Khaimah,25.8007,55.9762,05:17,12:01,15:05,17:26,18:41,2025-11-18
UAE,Ras Al Khaimah,25.8007,55.9762,05:17,12:02,15:05,17:26,18:41,2025-11-19
UAE,Ras Al Khaimah,25.8007,55.9762,05:18,12:02,15:05,17:26,18:41,2025-11-20
UAE,Ras Al Khaimah,25.8007,55.9762,05:19,12:02,15:05,17:25,18:41,2025-11-21
UAE,Ras Al Khaimah,25.8007,55.9762,05:19,12:02,15:05,17:25,18:41,2025-11-22
UAE,Ras Al Khaimah,25.8007,55.9762,05:20,12:03,15:04,17:25,18:41,2025-11-23
UAE,Ras Al Khaimah,25.8007,55.9762,05:20,12:03,15:04,17:25,18:41,2025-11-24
UAE,Ras Al Khaimah,25.8007,55.9762,05:21,12:03,15:04,17:25,18:41,2025-11-25
UAE,Ras Al Khaimah,25.8007,55.9762,05:22,12:04,15:04,17:25,18:41,2025-11-26
UAE,Ras Al Khaimah,25.8007,55.9762,05:22,12:04,15:04,17:25,18:41,2025-11-27
UAE,Ras Al Khaimah,25.8007,55.9762,05:23,12:04,15:04,17:24,18:41,2025-11-28
UAE,Ras Al Khaimah,25.8007,55.9762,05:24,12:05,15:04,17:24,18:41,2025-11-29
UAE,Ras Al Khaimah,25.8007,55.9762,05:24,12:05,15:04,17:24,18:41,2025-11-30
UAE,Ras Al Khaimah,25.8007,55.9762,05:25,12:05,15:05,17:24,18:41,2025-12-01
UAE,Ras Al Khaimah,25.8007,55.9762,05:25,12:06,15:05,17:25,18:41,2025-12-02
UAE,Ras Al Khaimah,25.8007,55.9762,05:26,12:06,15:05,17:25,18:41,2025-12-03
UAE,Ras Al Khaimah,25.8007,55.9762,05:27,12:06,15:05,17:25,18:42,2025-12-04
UAE,Ras Al Khaimah,25.8007,55.9762,05:27,12:07,15:05,17:25,18:42,2025-12-05
UAE,Ras Al Khaimah,25.8007,55.9762,05:28,12:07,15:05,17:25,18:42,2025-12-06
UAE,Ras Al Khaimah,25.8007,55.9762,05:29,12:08,15:06,17:25,18:42,2025-12-07
UAE,Ras Al Khaimah,25.8007,55.9762,05:29,12:08,15:06,17:25,18:42,2025-12-08
UAE,Ras Al Khaimah,25.8007,55.9762,05:30,12:09,15:06,17:26,18:43,2025-12-09
UAE,Ras Al Khaimah,25.8007,55.9762,05:30,12:09,15:06,17:26,18:43,2025-12-10
UAE,Ras Al Khaimah,25.8007,55.9762,05:31,12:10,15:07,17:26,18:43,2025-12-11
UAE,Ras Al Khaimah,25.8007,55.9762,05:32,12:10,15:07,17:26,18:44,2025-12-12
UAE,Ras Al Khaimah,25.8007,55.9762,05:32,12:10,15:07,17:27,18:44,2025-12-13
UAE,Ras Al Khaimah,25.8007,55.9762,05:33,12:11,15:08,17:27,18:44,2025-12-14
UAE,Ras Al Khaimah,25.8007,55.9762,05:33,12:11,15:08,17:27,18:45,2025-12-15
UAE,Ras Al Khaimah,25.8007,55.9762,05:34,12:12,15:08,17:28,18:45,2025-12-16
UAE,Ras Al Khaimah,25.8007,55.9762,05:34,12:12,15:09,17:28,18:46,2025-12-17
UAE,Ras Al Khaimah,25.8007,55.9762,05:35,12:13,15:09,17:29,18:46,2025-12-18
UAE,Ras Al Khaimah,25.8007,55.9762,05:35,12:13,15:10,17:29,18:47,2025-12-19
UAE,Ras Al Khaimah,25.8007,55.9762,05:36,12:14,15:10,17:30,18:47,2025-12-20
UAE,Ras Al Khaimah,25.8007,55.9762,05:36,12:14,15:11,17:30,18:48,2025-12-21
UAE,Ras Al Khaimah,25.8007,55.9762,05:37,12:15,15:11,17:31,18:48,2025-12-22
UAE,Ras Al Khaimah,25.8007,55.9762,05:37,12:15,15:12,17:31,18:49,2025-12-23
UAE,Ras Al Khaimah,25.8007,55.9762,05:38,12:16,15:12,17:32,18:49,2025-12-24
UAE,Ras Al Khaimah,25.8007,55.9762,05:38,12:16,15:13,17:32,18:50,2025-12-25
UAE,Ras Al Khaimah,25.8007,55.9762,05:39,12:17,15:13,17:33,18:50,2025-12-26
UAE,Ras Al Khaimah,25.8007,55.9762,05:39,12:17,15:14,17:33,18:51,2025-12-27
UAE,Ras Al Khaimah,25.8007,55.9762,05:40,12:18,15:15,17:34,18:51,2025-12-28
UAE,Ras Al Khaimah,25.8007,55.9762,05:40,12:18,15:15,17:35,18:52,2025-12-29
UAE,Ras Al Khaimah,25.8007,55.9762,05:40,12:19,15:16,17:35,18:53,2025-12-30
UAE,Ras Al Khaimah,25.8007,55.9762,05:41,12:19,15:16,17:36,18:53,2025-12-31
UAE,Fujairah,25.1288,56.3265,05:39,12:18,15:17,17:37,18:53,2025-01-01
UAE,Fujairah,25.1288,56.3265,05:39,12:19,15:18,17:37,18:54,2025-01-02
UAE,Fujairah,25.1288,56.3265,05:39,12:19,15:18,17:38,18:55,2025-01-03
UAE,Fujairah,25.1288,56.3265,05:40,12:20,15:19,17:39,18:55,2025-01-04
UAE,Fujairah,25.1288,56.3265,05:40,12:20,15:20,17:39,18:56,2025-01-05
UAE,Fujairah,25.1288,56.3265,05:40,12:21,15:20,17:40,18:57,2025-01-06
UAE,Fujairah,25.1288,56.3265,05:40,12:21,15:21,17:41,18:57,2025-01-07
UAE,Fujairah,25.1288,56.3265,05:41,12:22,15:22,17:42,18:58,2025-01-08
UAE,Fujairah,25.1288,56.3265,05:41,12:22,15:22,17:42,18:59,2025-01-09
UAE,Fujairah,25.1288,56.3265,05:41,12:22,15:23,17:43,18:59,2025-01-10
UAE,Fujairah,25.1288,56.3265,05:41,12:23,15:24,17:44,19:00,2025-01-11
UAE,Fujairah,25.1288,56.3265,05:41,12:23,15:24,17:45,19:00,2025-01-12
UAE,Fujairah,25.1288,56.3265,05:41,12:24,15:25,17:45,19:01,2025-01-13
UAE,Fujairah,25.1288,56.3265,05:41,12:24,15:26,17:46,19:02,2025-01-14
UAE,Fujairah,25.1288,56.3265,05:41,12:24,15:26,17:47,19:02,2025-01-15
UAE,Fujairah,25.1288,56.3265,05:41,12:25,15:27,17:48,19:03,2025-01-16
UAE,Fujairah,25.1288,56.3265,05:41,12:25,15:28,17:48,19:04,2025-01-17
UAE,Fujairah,25.1288,56.3265,05:41,12:25,15:28,17:49,19:04,2025-01-18
UAE,Fujairah,25.1288,56.3265,05:41,12:26,15:29,17:50,19:05,2025-01-19
UAE,Fujairah,25.1288,56.3265,05:41,12:26,15:30,17:51,19:06,2025-01-20
UAE,Fujairah,25.1288,56.3265,05:41,12:26,15:30,17:51,19:06,2025-01-21
UAE,Fujairah,25.1288,56.3265,05:41,12:26,15:31,17:52,19:07,2025-01-22
UAE,Fujairah,25.1288,56.3265,05:41,12:27,15:32,17:53,19:08,2025-01-23
UAE,Fujairah,25.1288,56.3265,05:41,12:27,15:32,17:54,19:08,2025-01-24
UAE,Fujairah,25.1288,56.3265,05:41,12:27,15:33,17:54,19:09,2025-01-25
UAE,Fujairah,25.1288,56.3265,05:41,12:27,15:33,17:55,19:10,2025-01-26
UAE,Fujairah,25.1288,56.3265,05:40,12:28,15:34,17:56,19:10,2025-01-27
UAE,Fujairah,25.1288,56.3265,05:40,12:28,15:35,17:57,19:11,2025-01-28
UAE,Fujairah,25.1288,56.3265,05:40,12:28,15:35,17:57,19:11,2025-01-29
UAE,Fujairah,25.1288,56.3265,05:39,12:28,15:36,17:58,19:12,2025-01-30
UAE,Fujairah,25.1288,56.3265,05:39,12:28,15:36,17:59,19:13,2025-01-31
UAE,Fujairah,25.1288,56.3265,05:39,12:28,15:37,17:59,19:13,2025-02-01
UAE,Fujairah,25.1288,56.3265,05:38,12:28,15:38,18:00,19:14,2025-02-02
UAE,Fujairah,25.1288,56.3265,05:38,12:29,15:38,18:01,19:14,2025-02-03
UAE,Fujairah,25.1288,56.3265,05:38,12:29,15:39,18:02,19:15,2025-02-04
UAE,Fujairah,25.1288,56.3265,05:37,12:29,15:39,18:02,19:16,2025-02-05
UAE,Fujairah,25.1288,56.3265,05:37,12:29,15:40,18:03,19:16,2025-02-06
UAE,Fujairah,25.1288,56.3265,05:36,12:29,15:40,18:04,19:17,2025-02-07
UAE,Fujairah,25.1288,56.3265,05:36,12:29,15:41,18:04,19:17,2025-02-08
UAE,Fujairah,25.1288,56.3265,05:35,12:29,15:41,18:05,19:18,2025-02-09
UAE,Fujairah,25.1288,56.3265,05:35,12:29,15:42,18:06,19:19,2025-02-10
UAE,Fujairah,25.1288,56.3265,05:34,12:29,15:42,18:06,19:19,2025-02-11
UAE,Fujairah,25.1288,56.3265,05:34,12:29,15:42,18:07,19:20,2025-02-12
UAE,Fujairah,25.1288,56.3265,05:33,12:29,15:43,18:08,19:20,2025-02-13
UAE,Fujairah,25.1288,56.3265,05:32,12:29,15:43,18:08,19:21,2025-02-14
UAE,Fujairah,25.1288,56.3265,05:32,12:29,15:44,18:09,19:21,2025-02-15
UAE,Fujairah,25.1288,56.3265,05:31,12:29,15:44,18:09,19:22,2025-02-16
UAE,Fujairah,25.1288,56.3265,05:30,12:29,15:44,18:10,19:22,2025-02-17
UAE,Fujairah,25.1288,56.3265,05:30,12:29,15:45,18:11,19:23,2025-02-18
UAE,Fujairah,25.1288,56.3265,05:29,12:28,15:45,18:11,19:23,2025-02-19
UAE,Fujairah,25.1288,56.3265,05:28,12:28,15:45,18:12,19:24,2025-02-20
UAE,Fujairah,25.1288,56.3265,05:28,12:28,15:46,18:12,19:24,2025-02-21
UAE,Fujairah,25.1288,56.3265,05:27,12:28,15:46,18:13,19:25,2025-02-22
UAE,Fujairah,25.1288,56.3265,05:26,12:28,15:46,18:14,19:25,2025-02-23
UAE,Fujairah,25.1288,56.3265,05:25,12:28,15:46,18:14,19:26,2025-02-24
UAE,Fujairah,25.1288,56.3265,05:24,12:28,15:47,18:15,19:26,2025-02-25
UAE,Fujairah,25.1288,56.3265,05:24,12:27,15:47,18:15,19:27,2025-02-26
UAE,Fujairah,25.1288,56.3265,05:23,12:27,15:47,18:16,19:27,2025-02-27
UAE,Fujairah,25.1288,56.3265,05:22,12:27,15:47,18:16,19:28,2025-02-28
UAE,Fujairah,25.1288,56.3265,05:21,12:27,15:47,18:17,19:28,2025-03-01
UAE,Fujairah,25.1288,56.3265,05:20,12:27,15:48,18:17,19:29,2025-03-02
UAE,Fujairah,25.1288,56.3265,05:19,12:27,15:48,18:18,19:29,2025-03-03
UAE,Fujairah,25.1288,56.3265,05:18,12:26,15:48,18:18,19:30,2025-03-04
UAE,Fujairah,25.1288,56.3265,05:17,12:26,15:48,18:19,19:30,2025-03-05
UAE,Fujairah,25.1288,56.3265,05:16,12:26,15:48,18:19,19:31,2025-03-06
UAE,Fujairah,25.1288,56.3265,05:15,12:26,15:48,18:20,19:31,2025-03-07
UAE,Fujairah,25.1288,56.3265,05:14,12:25,15:48,18:20,19:32,2025-03-08
UAE,Fujairah,25.1288,56.3265,05:13,12:25,15:48,18:21,19:32,2025-03-09
UAE,Fujairah,25.1288,56.3265,05:12,12:25,15:48,18:21,19:33,2025-03-10
UAE,Fujairah,25.1288,56.3265,05:11,12:25,15:49,18:22,19:33,2025-03-11
UAE,Fujairah,25.1288,56.3265,05:10,12:24,15:49,18:22,19:34,2025-03-12
UAE,Fujairah,25.1288,56.3265,05:09,12:24,15:49,18:23,19:34,2025-03-13
UAE,Fujairah,25.1288,56.3265,05:08,12:24,15:49,18:23,19:35,2025-03-14
UAE,Fujairah,25.1288,56.3265,05:07,12:23,15:49,18:24,19:35,2025-03-15
UAE,Fujairah,25.1288,56.3265,05:06,12:23,15:49,18:24,19:36,2025-03-16
UAE,Fujairah,25.1288,56.3265,05:05,12:23,15:49,18:25,19:36,2025-03-17
UAE,Fujairah,25.1288,56.3265,05:04,12:23,15:49,18:25,19:37,2025-03-18
UAE,Fujairah,25.1288,56.3265,05:03,12:22,15:48,18:25,19:37,2025-03-19
UAE,Fujairah,25.1288,56.3265,05:02,12:22,15:48,18:26,19:38,2025-03-20
UAE,Fujairah,25.1288,56.3265,05:01,12:22,15:48,18:26,19:38,2025-03-21
UAE,Fujairah,25.1288,56.3265,05:00,12:21,15:48,18:27,19:39,2025-03-22
UAE,Fujairah,25.1288,56.3265,04:59,12:21,15:48,18:27,19:39,2025-03-23
UAE,Fujairah,25.1288,56.3265,04:58,12:21,15:48,18:28,19:40,2025-03-24
UAE,Fujairah,25.1288,56.3265,04:56,12:21,15:48,18:28,19:40,2025-03-25
UAE,Fujairah,25.1288,56.3265,04:55,12:20,15:48,18:29,19:41,2025-03-26
UAE,Fujairah,25.1288,56.3265,04:54,12:20,15:48,18:29,19:41,2025-03-27
UAE,Fujairah,25.1288,56.3265,04:53,12:20,15:48,18:29,19:42,2025-03-28
UAE,Fujairah,25.1288,56.3265,04:52,12:19,15:47,18:30,19:42,2025-03-29
UAE,Fujairah,25.1288,56.3265,04:51,12:19,15:47,18:30,19:43,2025-03-30
UAE,Fujairah,25.1288,56.3265,04:50,12:19,15:47,18:31,19:43,2025-03-31
UAE,Fujairah,25.1288,56.3265,04:49,12:18,15:47,18:31,19:44,2025-04-01
UAE,Fujairah,25.1288,56.3265,04:47,12:18,15:47,18:32,19:44,2025-04-02
UAE,Fujairah,25.1288,56.3265,04:46,12:18,15:47,18:32,19:45,2025-04-03
UAE,Fujairah,25.1288,56.3265,04:45,12:18,15:46,18:32,19:45,2025-04-04
UAE,Fujairah,25.1288,56.3265,04:44,12:17,15:46,18:33,19:46,2025-04-05
UAE,Fujairah,25.1288,56.3265,04:43,12:17,15:46,18:33,19:46,2025-04-06
UAE,Fujairah,25.1288,56.3265,04:42,12:17,15:46,18:34,19:47,2025-04-07
UAE,Fujairah,25.1288,56.3265,04:41,12:16,15:46,18:34,19:48,2025-04-08
UAE,Fujairah,25.1288,56.3265,04:40,12:16,15:45,18:35,19:48,2025-04-09
UAE,Fujairah,25.1288,56.3265,04:38,12:16,15:45,18:35,19:49,2025-04-10
UAE,Fujairah,25.1288,56.3265,04:37,12:16,15:45,18:36,19:49,2025-04-11
UAE,Fujairah,25.1288,56.3265,04:36,12:15,15:45,18:36,19:50,2025-04-12
UAE,Fujairah,25.1288,56.3265,04:35,12:15,15:44,18:36,19:50,2025-04-13
UAE,Fujairah,25.1288,56.3265,04:34,12:15,15:44,18:37,19:51,2025-04-14
UAE,Fujairah,25.1288,56.3265,04:33,12:15,15:44,18:37,19:52,2025-04-15
UAE,Fujairah,25.1288,56.3265,04:32,12:14,15:44,18:38,19:52,2025-04-16
UAE,Fujairah,25.1288,56.3265,04:31,12:14,15:44,18:38,19:53,2025-04-17
UAE,Fujairah,25.1288,56.3265,04:30,12:14,15:43,18:39,19:53,2025-04-18
UAE,Fujairah,25.1288,56.3265,04:29,12:14,15:43,18:39,19:54,2025-04-19
UAE,Fujairah,25.1288,56.3265,04:28,12:14,15:43,18:40,19:55,2025-04-20
UAE,Fujairah,25.1288,56.3265,04:26,12:13,15:43,18:40,19:55,2025-04-21
UAE,Fujairah,25.1288,56.3265,04:25,12:13,15:42,18:41,19:56,2025-04-22
UAE,Fujairah,25.1288,56.3265,04:24,12:13,15:42,18:41,19:57,2025-04-23
UAE,Fujairah,25.1288,56.3265,04:23,12:13,15:42,18:42,19:57,2025-04-24
UAE,Fujairah,25.1288,56.3265,04:22,12:13,15:42,18:42,19:58,2025-04-25
UAE,Fujairah,25.1288,56.3265,04:21,12:12,15:41,18:43,19:59,2025-04-26
UAE,Fujairah,25.1288,56.3265,04:20,12:12,15:41,18:43,19:59,2025-04-27
UAE,Fujairah,25.1288,56.3265,04:19,12:12,15:41,18:44,20:00,2025-04-28
UAE,Fujairah,25.1288,56.3265,04:18,12:12,15:41,18:44,20:01,2025-04-29
UAE,Fujairah,25.1288,56.3265,04:17,12:12,15:40,18:45,20:01,2025-04-30
UAE,Fujairah,25.1288,56.3265,04:16,12:12,15:40,18:45,20:02,2025-05-01
UAE,Fujairah,25.1288,56.3265,04:16,12:12,15:40,18:46,20:03,2025-05-02
UAE,Fujairah,25.1288,56.3265,04:15,12:12,15:40,18:46,20:03,2025-05-03
UAE,Fujairah,25.1288,56.3265,04:14,12:11,15:39,18:47,20:04,2025-05-04
UAE,Fujairah,25.1288,56.3265,04:13,12:11,15:39,18:47,20:05,2025-05-05
UAE,Fujairah,25.1288,56.3265,04:12,12:11,15:39,18:48,20:06,2025-05-06
UAE,Fujairah,25.1288,56.3265,04:11,12:11,15:39,18:48,20:06,2025-05-07
UAE,Fujairah,25.1288,56.3265,04:10,12:11,15:39,18:49,20:07,2025-05-08
UAE,Fujairah,25.1288,56.3265,04:09,12:11,15:38,18:49,20:08,2025-05-09
UAE,Fujairah,25.1288,56.3265,04:09,12:11,15:38,18:50,20:08,2025-05-10
UAE,Fujairah,25.1288,56.3265,04:08,12:11,15:38,18:50,20:09,2025-05-11
UAE,Fujairah,25.1288,56.3265,04:07,12:11,15:38,18:51,20:10,2025-05-12
UAE,Fujairah,25.1288,56.3265,04:06,12:11,15:38,18:51,20:11,2025-05-13
UAE,Fujairah,25.1288,56.3265,04:06,12:11,15:38,18:52,20:11,2025-05-14
UAE,Fujairah,25.1288,56.3265,04:05,12:11,15:37,18:52,20:12,2025-05-15
UAE,Fujairah,25.1288,56.3265,04:04,12:11,15:37,18:53,20:13,2025-05-16
UAE,Fujairah,25.1288,56.3265,04:04,12:11,15:37,18:53,20:13,2025-05-17
UAE,Fujairah,25.1288,56.3265,04:03,12:11,15:37,18:54,20:14,2025-05-18
UAE,Fujairah,25.1288,56.3265,04:02,12:11,15:37,18:54,20:15,2025-05-19
UAE,Fujairah,25.1288,56.3265,04:02,12:11,15:37,18:55,20:15,2025-05-20
UAE,Fujairah,25.1288,56.3265,04:01,12:11,15:37,18:55,20:16,2025-05-21
UAE,Fujairah,25.1288,56.3265,04:01,12:11,15:37,18:56,20:17,2025-05-22
UAE,Fujairah,25.1288,56.3265,04:00,12:11,15:36,18:56,20:18,2025-05-23
UAE,Fujairah,25.1288,56.3265,04:00,12:12,15:36,18:57,20:18,2025-05-24
UAE,Fujairah,25.1288,56.3265,03:59,12:12,15:36,18:57,20:19,2025-05-25
UAE,Fujairah,25.1288,56.3265,03:59,12:12,15:36,18:58,20:20,2025-05-26
UAE,Fujairah,25.1288,56.3265,03:58,12:12,15:36,18:58,20:20,2025-05-27
UAE,Fujairah,25.1288,56.3265,03:58,12:12,15:36,18:59,20:21,2025-05-28
UAE,Fujairah,25.1288,56.3265,03:58,12:12,15:36,18:59,20:21,2025-05-29
UAE,Fujairah,25.1288,56.3265,03:57,12:12,15:36,19:00,20:22,2025-05-30
UAE,Fujairah,25.1288,56.3265,03:57,12:12,15:36,19:00,20:23,2025-05-31
UAE,Fujairah,25.1288,56.3265,03:57,12:13,15:36,19:01,20:23,2025-06-01
UAE,Fujairah,25.1288,56.3265,03:56,12:13,15:36,19:01,20:24,2025-06-02
UAE,Fujairah,25.1288,56.3265,03:56,12:13,15:36,19:02,20:24,2025-06-03
UAE,Fujairah,25.1288,56.3265,03:56,12:13,15:36,19:02,20:25,2025-06-04
UAE,Fujairah,25.1288,56.3265,03:56,12:13,15:36,19:02,20:25,2025-06-05
UAE,Fujairah,25.1288,56.3265,03:55,12:13,15:36,19:03,20:26,2025-06-06
UAE,Fujairah,25.1288,56.3265,03:55,12:14,15:37,19:03,20:26,2025-06-07
UAE,Fujairah,25.1288,56.3265,03:55,12:14,15:37,19:04,20:27,2025-06-08
UAE,Fujairah,25.1288,56.3265,03:55,12:14,15:37,19:04,20:27,2025-06-09
UAE,Fujairah,25.1288,56.3265,03:55,12:14,15:37,19:04,20:28,2025-06-10
UAE,Fujairah,25.1288,56.3265,03:55,12:14,15:37,19:05,20:28,2025-06-11
UAE,Fujairah,25.1288,56.3265,03:55,12:15,15:37,19:05,20:29,2025-06-12
UAE,Fujairah,25.1288,56.3265,03:55,12:15,15:37,19:05,20:29,2025-06-13
UAE,Fujairah,25.1288,56.3265,03:55,12:15,15:37,19:06,20:30,2025-06-14
UAE,Fujairah,25.1288,56.3265,03:55,12:15,15:38,19:06,20:30,2025-06-15
UAE,Fujairah,25.1288,56.3265,03:55,12:16,15:38,19:06,20:30,2025-06-16
UAE,Fujairah,25.1288,56.3265,03:55,12:16,15:38,19:07,20:31,2025-06-17
UAE,Fujairah,25.1288,56.3265,03:56,12:16,15:38,19:07,20:31,2025-06-18
UAE,Fujairah,25.1288,56.3265,03:56,12:16,15:38,19:07,20:31,2025-06-19
UAE,Fujairah,25.1288,56.3265,03:56,12:16,15:39,19:07,20:31,2025-06-20
UAE,Fujairah,25.1288,56.3265,03:56,12:17,15:39,19:08,20:32,2025-06-21
UAE,Fujairah,25.1288,56.3265,03:56,12:17,15:39,19:08,20:32,2025-06-22
UAE,Fujairah,25.1288,56.3265,03:57,12:17,15:39,19:08,20:32,2025-06-23
UAE,Fujairah,25.1288,56.3265,03:57,12:17,15:39,19:08,20:32,2025-06-24
UAE,Fujairah,25.1288,56.3265,03:57,12:17,15:40,19:08,20:32,2025-06-25
UAE,Fujairah,25.1288,56.3265,03:58,12:18,15:40,19:08,20:32,2025-06-26
UAE,Fujairah,25.1288,56.3265,03:58,12:18,15:40,19:09,20:32,2025-06-27
UAE,Fujairah,25.1288,56.3265,03:58,12:18,15:41,19:09,20:32,2025-06-28
UAE,Fujairah,25.1288,56.3265,03:59,12:18,15:41,19:09,20:32,2025-06-29
UAE,Fujairah,25.1288,56.3265,03:59,12:18,15:41,19:09,20:32,2025-06-30
UAE,Fujairah,25.1288,56.3265,04:00,12:19,15:41,19:09,20:32,2025-07-01
UAE,Fujairah,25.1288,56.3265,04:00,12:19,15:42,19:09,20:32,2025-07-02
UAE,Fujairah,25.1288,56.3265,04:00,12:19,15:42,19:09,20:32,2025-07-03
UAE,Fujairah,25.1288,56.3265,04:01,12:19,15:42,19:09,20:32,2025-07-04
UAE,Fujairah,25.1288,56.3265,04:01,12:19,15:42,19:09,20:32,2025-07-05
UAE,Fujairah,25.1288,56.3265,04:02,12:20,15:43,19:09,20:32,2025-07-06
UAE,Fujairah,25.1288,56.3265,04:02,12:20,15:43,19:09,20:32,2025-07-07
UAE,Fujairah,25.1288,56.3265,04:03,12:20,15:43,19:09,20:31,2025-07-08
UAE,Fujairah,25.1288,56.3265,04:04,12:20,15:44,19:08,20:31,2025-07-09
UAE,Fujairah,25.1288,56.3265,04:04,12:20,15:44,19:08,20:31,2025-07-10
UAE,Fujairah,25.1288,56.3265,04:05,12:20,15:44,19:08,20:30,2025-07-11
UAE,Fujairah,25.1288,56.3265,04:05,12:20,15:44,19:08,20:30,2025-07-12
UAE,Fujairah,25.1288,56.3265,04:06,12:21,15:45,19:08,20:30,2025-07-13
UAE,Fujairah,25.1288,56.3265,04:07,12:21,15:45,19:07,20:29,2025-07-14
UAE,Fujairah,25.1288,56.3265,04:07,12:21,15:45,19:07,20:29,2025-07-15
UAE,Fujairah,25.1288,56.3265,04:08,12:21,15:45,19:07,20:29,2025-07-16
UAE,Fujairah,25.1288,56.3265,04:08,12:21,15:46,19:07,20:28,2025-07-17
UAE,Fujairah,25.1288,56.3265,04:09,12:21,15:46,19:06,20:28,2025-07-18
UAE,Fujairah,25.1288,56.3265,04:10,12:21,15:46,19:06,20:27,2025-07-19
UAE,Fujairah,25.1288,56.3265,04:10,12:21,15:46,19:06,20:27,2025-07-20
UAE,Fujairah,25.1288,56.3265,04:11,12:21,15:46,19:05,20:26,2025-07-21
UAE,Fujairah,25.1288,56.3265,04:12,12:21,15:47,19:05,20:25,2025-07-22
UAE,Fujairah,25.1288,56.3265,04:12,12:21,15:47,19:04,20:25,2025-07-23
UAE,Fujairah,25.1288,56.3265,04:13,12:21,15:47,19:04,20:24,2025-07-24
UAE,Fujairah,25.1288,56.3265,04:14,12:21,15:47,19:03,20:24,2025-07-25
UAE,Fujairah,25.1288,56.3265,04:14,12:21,15:47,19:03,20:23,2025-07-26
UAE,Fujairah,25.1288,56.3265,04:15,12:21,15:48,19:02,20:22,2025-07-27
UAE,Fujairah,25.1288,56.3265,04:16,12:21,15:48,19:02,20:21,2025-07-28
UAE,Fujairah,25.1288,56.3265,04:16,12:21,15:48,19:01,20:21,2025-07-29
UAE,Fujairah,25.1288,56.3265,04:17,12:21,15:48,19:01,20:20,2025-07-30
UAE,Fujairah,25.1288,56.3265,04:18,12:21,15:48,19:00,20:19,2025-07-31
UAE,Fujairah,25.1288,56.3265,04:19,12:21,15:48,19:00,20:18,2025-08-01
UAE,Fujairah,25.1288,56.3265,04:19,12:21,15:48,18:59,20:18,2025-08-02
UAE,Fujairah,25.1288,56.3265,04:20,12:21,15:48,18:58,20:17,2025-08-03
UAE,Fujairah,25.1288,56.3265,04:21,12:21,15:48,18:58,20:16,2025-08-04
UAE,Fujairah,25.1288,56.3265,04:21,12:21,15:48,18:57,20:15,2025-08-05
UAE,Fujairah,25.1288,56.3265,04:22,12:21,15:48,18:56,20:14,2025-08-06
UAE,Fujairah,25.1288,56.3265,04:23,12:20,15:48,18:56,20:13,2025-08-07
UAE,Fujairah,25.1288,56.3265,04:23,12:20,15:48,18:55,20:12,2025-08-08
UAE,Fujairah,25.1288,56.3265,04:24,12:20,15:48,18:54,20:11,2025-08-09
UAE,Fujairah,25.1288,56.3265,04:25,12:20,15:48,18:53,20:11,2025-08-10
UAE,Fujairah,25.1288,56.3265,04:25,12:20,15:48,18:53,20:10,2025-08-11
UAE,Fujairah,25.1288,56.3265,04:26,12:20,15:48,18:52,20:09,2025-08-12
UAE,Fujairah,25.1288,56.3265,04:26,12:19,15:48,18:51,20:08,2025-08-13
UAE,Fujairah,25.1288,56.3265,04:27,12:19,15:48,18:50,20:07,2025-08-14
UAE,Fujairah,25.1288,56.3265,04:28,12:19,15:48,18:49,20:06,2025-08-15
UAE,Fujairah,25.1288,56.3265,04:28,12:19,15:48,18:49,20:05,2025-08-16
UAE,Fujairah,25.1288,56.3265,04:29,12:19,15:48,18:48,20:04,2025-08-17
UAE,Fujairah,25.1288,56.3265,04:30,12:18,15:48,18:47,20:02,2025-08-18
UAE,Fujairah,25.1288,56.3265,04:30,12:18,15:47,18:46,20:01,2025-08-19
UAE,Fujairah,25.1288,56.3265,04:31,12:18,15:47,18:45,20:00,2025-08-20
UAE,Fujairah,25.1288,56.3265,04:31,12:18,15:47,18:44,19:59,2025-08-21
UAE,Fujairah,25.1288,56.3265,04:32,12:17,15:47,18:43,19:58,2025-08-22
UAE,Fujairah,25.1288,56.3265,04:33,12:17,15:47,18:42,19:57,2025-08-23
UAE,Fujairah,25.1288,56.3265,04:33,12:17,15:46,18:41,19:56,2025-08-24
UAE,Fujairah,25.1288,56.3265,04:34,12:17,15:46,18:40,19:55,2025-08-25
UAE,Fujairah,25.1288,56.3265,04:34,12:16,15:46,18:39,19:54,2025-08-26
UAE,Fujairah,25.1288,56.3265,04:35,12:16,15:45,18:38,19:53,2025-08-27
UAE,Fujairah,25.1288,56.3265,04:35,12:16,15:45,18:37,19:52,2025-08-28
UAE,Fujairah,25.1288,56.3265,04:36,12:16,15:45,18:36,19:50,2025-08-29
UAE,Fujairah,25.1288,56.3265,04:36,12:15,15:44,18:35,19:49,2025-08-30
UAE,Fujairah,25.1288,56.3265,04:37,12:15,15:44,18:34,19:48,2025-08-31
UAE,Fujairah,25.1288,56.3265,04:38,12:15,15:44,18:33,19:47,2025-09-01
UAE,Fujairah,25.1288,56.3265,04:38,12:14,15:43,18:32,19:46,2025-09-02
UAE,Fujairah,25.1288,56.3265,04:39,12:14,15:43,18:31,19:45,2025-09-03
UAE,Fujairah,25.1288,56.3265,04:39,12:14,15:43,18:30,19:43,2025-09-04
UAE,Fujairah,25.1288,56.3265,04:40,12:13,15:42,18:29,19:42,2025-09-05
UAE,Fujairah,25.1288,56.3265,04:40,12:13,15:42,18:28,19:41,2025-09-06
UAE,Fujairah,25.1288,56.3265,04:41,12:13,15:41,18:27,19:40,2025-09-07
UAE,Fujairah,25.1288,56.3265,04:41,12:12,15:41,18:26,19:39,2025-09-08
UAE,Fujairah,25.1288,56.3265,04:42,12:12,15:40,18:25,19:38,2025-09-09
UAE,Fujairah,25.1288,56.3265,04:42,12:12,15:40,18:24,19:37,2025-09-10
UAE,Fujairah,25.1288,56.3265,04:42,12:11,15:39,18:23,19:35,2025-09-11
UAE,Fujairah,25.1288,56.3265,04:43,12:11,15:39,18:22,19:34,2025-09-12
UAE,Fujairah,25.1288,56.3265,04:43,12:10,15:39,18:21,19:33,2025-09-13
UAE,Fujairah,25.1288,56.3265,04:44,12:10,15:38,18:20,19:32,2025-09-14
UAE,Fujairah,25.1288,56.3265,04:44,12:10,15:37,18:19,19:31,2025-09-15
UAE,Fujairah,25.1288,56.3265,04:45,12:09,15:37,18:18,19:30,2025-09-16
UAE,Fujairah,25.1288,56.3265,04:45,12:09,15:36,18:16,19:28,2025-09-17
UAE,Fujairah,25.1288,56.3265,04:46,12:09,15:36,18:15,19:27,2025-09-18
UAE,Fujairah,25.1288,56.3265,04:46,12:08,15:35,18:14,19:26,2025-09-19
UAE,Fujairah,25.1288,56.3265,04:46,12:08,15:35,18:13,19:25,2025-09-20
UAE,Fujairah,25.1288,56.3265,04:47,12:08,15:34,18:12,19:24,2025-09-21
UAE,Fujairah,25.1288,56.3265,04:47,12:07,15:34,18:11,19:23,2025-09-22
UAE,Fujairah,25.1288,56.3265,04:48,12:07,15:33,18:10,19:22,2025-09-23
UAE,Fujairah,25.1288,56.3265,04:48,12:07,15:32,18:09,19:20,2025-09-24
UAE,Fujairah,25.1288,56.3265,04:49,12:06,15:32,18:08,19:19,2025-09-25
UAE,Fujairah,25.1288,56.3265,04:49,12:06,15:31,18:07,19:18,2025-09-26
UAE,Fujairah,25.1288,56.3265,04:49,12:06,15:31,18:06,19:17,2025-09-27
UAE,Fujairah,25.1288,56.3265,04:50,12:05,15:30,18:05,19:16,2025-09-28
UAE,Fujairah,25.1288,56.3265,04:50,12:05,15:29,18:04,19:15,2025-09-29
UAE,Fujairah,25.1288,56.3265,04:51,12:05,15:29,18:02,19:14,2025-09-30
UAE,Fujairah,25.1288,56.3265,04:51,12:04,15:28,18:01,19:13,2025-10-01
UAE,Fujairah,25.1288,56.3265,04:52,12:04,15:28,18:00,19:12,2025-10-02
UAE,Fujairah,25.1288,56.3265,04:52,12:04,15:27,17:59,19:11,2025-10-03
UAE,Fujairah,25.1288,56.3265,04:52,12:03,15:26,17:58,19:10,2025-10-04
UAE,Fujairah,25.1288,56.3265,04:53,12:03,15:26,17:57,19:09,2025-10-05
UAE,Fujairah,25.1288,56.3265,04:53,12:03,15:25,17:56,19:08,2025-10-06
UAE,Fujairah,25.1288,56.3265,04:54,12:02,15:24,17:55,19:07,2025-10-07
UAE,Fujairah,25.1288,56.3265,04:54,12:02,15:24,17:54,19:06,2025-10-08
UAE,Fujairah,25.1288,56.3265,04:54,12:02,15:23,17:53,19:05,2025-10-09
UAE,Fujairah,25.1288,56.3265,04:55,12:02,15:22,17:52,19:04,2025-10-10
UAE,Fujairah,25.1288,56.3265,04:55,12:01,15:22,17:51,19:03,2025-10-11
UAE,Fujairah,25.1288,56.3265,04:56,12:01,15:21,17:50,19:02,2025-10-12
UAE,Fujairah,25.1288,56.3265,04:56,12:01,15:21,17:49,19:01,2025-10-13
UAE,Fujairah,25.1288,56.3265,04:57,12:01,15:20,17:48,19:00,2025-10-14
UAE,Fujairah,25.1288,56.3265,04:57,12:00,15:19,17:48,18:59,2025-10-15
UAE,Fujairah,25.1288,56.3265,04:57,12:00,15:19,17:47,18:58,2025-10-16
UAE,Fujairah,25.1288,56.3265,04:58,12:00,15:18,17:46,18:58,2025-10-17
UAE,Fujairah,25.1288,56.3265,04:58,12:00,15:18,17:45,18:57,2025-10-18
UAE,Fujairah,25.1288,56.3265,04:59,12:00,15:17,17:44,18:56,2025-10-19
UAE,Fujairah,25.1288,56.3265,04:59,11:59,15:16,17:43,18:55,2025-10-20
UAE,Fujairah,25.1288,56.3265,05:00,11:59,15:16,17:42,18:54,2025-10-21
UAE,Fujairah,25.1288,56.3265,05:00,11:59,15:15,17:41,18:54,2025-10-22
UAE,Fujairah,25.1288,56.3265,05:01,11:59,15:15,17:41,18:53,2025-10-23
UAE,Fujairah,25.1288,56.3265,05:01,11:59,15:14,17:40,18:52,2025-10-24
UAE,Fujairah,25.1288,56.3265,05:02,11:59,15:14,17:39,18:51,2025-10-25
UAE,Fujairah,25.1288,56.3265,05:02,11:59,15:13,17:38,18:51,2025-10-26
UAE,Fujairah,25.1288,56.3265,05:03,11:59,15:13,17:37,18:50,2025-10-27
UAE,Fujairah,25.1288,56.3265,05:03,11:58,15:12,17:37,18:49,2025-10-28
UAE,Fujairah,25.1288,56.3265,05:04,11:58,15:12,17:36,18:49,2025-10-29
UAE,Fujairah,25.1288,56.3265,05:04,11:58,15:11,17:35,18:48,2025-10-30
UAE,Fujairah,25.1288,56.3265,05:05,11:58,15:11,17:35,18:48,2025-10-31
UAE,Fujairah,25.1288,56.3265,05:05,11:58,15:10,17:34,18:47,2025-11-01
UAE,Fujairah,25.1288,56.3265,05:06,11:58,15:10,17:33,18:46,2025-11-02
UAE,Fujairah,25.1288,56.3265,05:06,11:58,15:09,17:33,18:46,2025-11-03
UAE,Fujairah,25.1288,56.3265,05:07,11:58,15:09,17:32,18:45,2025-11-04
UAE,Fujairah,25.1288,56.3265,05:07,11:58,15:08,17:31,18:45,2025-11-05
UAE,Fujairah,25.1288,56.3265,05:08,11:58,15:08,17:31,18:45,2025-11-06
UAE,Fujairah,25.1288,56.3265,05:08,11:58,15:08,17:30,18:44,2025-11-07
UAE,Fujairah,25.1288,56.3265,05:09,11:58,15:07,17:30,18:44,2025-11-08
UAE,Fujairah,25.1288,56.3265,05:09,11:59,15:07,17:29,18:43,2025-11-09
UAE,Fujairah,25.1288,56.3265,05:10,11:59,15:07,17:29,18:43,2025-11-10
UAE,Fujairah,25.1288,56.3265,05:10,11:59,15:06,17:28,18:43,2025-11-11
UAE,Fujairah,25.1288,56.3265,05:11,11:59,15:06,17:28,18:42,2025-11-12
UAE,Fujairah,25.1288,56.3265,05:12,11:59,15:06,17:28,18:42,2025-11-13
UAE,Fujairah,25.1288,56.3265,05:12,11:59,15:06,17:27,18:42,2025-11-14
UAE,Fujairah,25.1288,56.3265,05:13,11:59,15:05,17:27,18:41,2025-11-15
UAE,Fujairah,25.1288,56.3265,05:13,12:00,15:05,17:26,18:41,2025-11-16
UAE,Fujairah,25.1288,56.3265,05:14,12:00,15:05,17:26,18:41,2025-11-17
UAE,Fujairah,25.1288,56.3265,05:15,12:00,15:05,17:26,18:41,2025-11-18
UAE,Fujairah,25.1288,56.3265,05:15,12:00,15:05,17:26,18:41,2025-11-19
UAE,Fujairah,25.1288,56.3265,05:16,12:00,15:04,17:25,18:41,2025-11-20
UAE,Fujairah,25.1288,56.3265,05:16,12:01,15:04,17:25,18:40,2025-11-21
UAE,Fujairah,25.1288,56.3265,05:17,12:01,15:04,17:25,18:40,2025-11-22
UAE,Fujairah,25.1288,56.3265,05:18,12:01,15:04,17:25,18:40,2025-11-23
UAE,Fujairah,25.1288,56.3265,05:18,12:01,15:04,17:25,18:40,2025-11-24
UAE,Fujairah,25.1288,56.3265,05:19,12:02,15:04,17:25,18:40,2025-11-25
UAE,Fujairah,25.1288,56.3265,05:19,12:02,15:04,17:24,18:40,2025-11-26
UAE,Fujairah,25.1288,56.3265,05:20,12:02,15:04,17:24,18:40,2025-11-27
UAE,Fujairah,25.1288,56.3265,05:21,12:03,15:04,17:24,18:40,2025-11-28
UAE,Fujairah,25.1288,56.3265,05:21,12:03,15:04,17:24,18:40,2025-11-29
UAE,Fujairah,25.1288,56.3265,05:22,12:03,15:04,17:24,18:40,2025-11-30
UAE,Fujairah,25.1288,56.3265,05:23,12:04,15:04,17:24,18:41,2025-12-01
UAE,Fujairah,25.1288,56.3265,05:23,12:04,15:04,17:24,18:41,2025-12-02
UAE,Fujairah,25.1288,56.3265,05:24,12:05,15:05,17:25,18:41,2025-12-03
UAE,Fujairah,25.1288,56.3265,05:24,12:05,15:05,17:25,18:41,2025-12-04
UAE,Fujairah,25.1288,56.3265,05:25,12:05,15:05,17:25,18:41,2025-12-05
UAE,Fujairah,25.1288,56.3265,05:26,12:06,15:05,17:25,18:41,2025-12-06
UAE,Fujairah,25.1288,56.3265,05:26,12:06,15:05,17:25,18:42,2025-12-07
UAE,Fujairah,25.1288,56.3265,05:27,12:07,15:06,17:25,18:42,2025-12-08
UAE,Fujairah,25.1288,56.3265,05:27,12:07,15:06,17:26,18:42,2025-12-09
UAE,Fujairah,25.1288,56.3265,05:28,12:08,15:06,17:26,18:43,2025-12-10
UAE,Fujairah,25.1288,56.3265,05:29,12:08,15:06,17:26,18:43,2025-12-11
UAE,Fujairah,25.1288,56.3265,05:29,12:09,15:07,17:26,18:43,2025-12-12
UAE,Fujairah,25.1288,56.3265,05:30,12:09,15:07,17:27,18:44,2025-12-13
UAE,Fujairah,25.1288,56.3265,05:30,12:10,15:08,17:27,18:44,2025-12-14
UAE,Fujairah,25.1288,56.3265,05:31,12:10,15:08,17:27,18:44,2025-12-15
UAE,Fujairah,25.1288,56.3265,05:31,12:10,15:08,17:28,18:45,2025-12-16
UAE,Fujairah,25.1288,56.3265,05:32,12:11,15:09,17:28,18:45,2025-12-17
UAE,Fujairah,25.1288,56.3265,05:33,12:11,15:09,17:29,18:46,2025-12-18
UAE,Fujairah,25.1288,56.3265,05:33,12:12,15:10,17:29,18:46,2025-12-19
UAE,Fujairah,25.1288,56.3265,05:34,12:12,15:10,17:30,18:47,2025-12-20
UAE,Fujairah,25.1288,56.3265,05:34,12:13,15:11,17:30,18:47,2025-12-21
UAE,Fujairah,25.1288,56.3265,05:35,12:13,15:11,17:31,18:48,2025-12-22
UAE,Fujairah,25.1288,56.3265,05:35,12:14,15:12,17:31,18:48,2025-12-23
UAE,Fujairah,25.1288,56.3265,05:36,12:14,15:12,17:32,18:49,2025-12-24
UAE,Fujairah,25.1288,56.3265,05:36,12:15,15:13,17:32,18:49,2025-12-25
UAE,Fujairah,25.1288,56.3265,05:36,12:15,15:13,17:33,18:50,2025-12-26
UAE,Fujairah,25.1288,56.3265,05:37,12:16,15:14,17:33,18:50,2025-12-27
UAE,Fujairah,25.1288,56.3265,05:37,12:16,15:14,17:34,18:51,2025-12-28
UAE,Fujairah,25.1288,56.3265,05:38,12:17,15:15,17:35,18:52,2025-12-29
UAE,Fujairah,25.1288,56.3265,05:38,12:17,15:16,17:35,18:52,2025-12-30
UAE,Fujairah,25.1288,56.3265,05:38,12:18,15:16,17:36,18:53,2025-12-31